"Status","Start Time","Stop Time","Duration in ms","Parent Suite","Suite","Sub Suite","Test Class","Test Method","Name","Description"
"passed","Sun Sep 13 02:36:25 UTC 2026","Sun Sep 13 02:36:25 UTC 2026","88","tests.PlayWrightTests.UserFacingPortal.HomePage","test_Set_Targets","Test_Set_Targets","","","Fiber Target plus/minus button functionality","Test fiber target plus/minus controls increment and decrement by 1g"
"broken","Sun Sep 13 04:43:30 UTC 2026","Sun Sep 13 04:44:00 UTC 2026","30001","tests.PlayWrightTests.UserFacingPortal","test_ProgressInsights","TestUserProgressInsights","","","test_validate_sharePositiveFeedback[chromium]",""
"passed","Sun Sep 13 03:09:47 UTC 2026","Sun Sep 13 03:09:54 UTC 2026","7130","tests.PlayWrightTests.UserFacingPortal.HomePage","test_food","TestFoodCalculationConsistency","","","Food calculation: Protein pill text matches consumed-vs-goal math","Checks the Protein 'left'/'over' pill value matches the arithmetic difference between consumed and goal."
"broken","Sun Sep 13 02:13:05 UTC 2026","Sun Sep 13 02:13:36 UTC 2026","31572","tests.PlayWrightTests.UserFacingPortal.Discuss","test_talk_to_my_team","TestTalkToMyTeamDisplayNames","","","Verify that the Coaches and Members sidebar sections remain visible and functional on the My Posts tab","Switches to the My Posts tab and confirms the Coaches and Members sidebar sections are still visible and can be expanded."
"passed","Sun Sep 13 03:43:36 UTC 2026","Sun Sep 13 03:44:34 UTC 2026","58461","tests.PlayWrightTests.UserFacingPortal.HomePage","test_ripples","TestRipplesSceneSwitching","","","Scene switching: selecting pool-water updates the selected scene",""
"passed","Sun Sep 13 04:27:34 UTC 2026","Sun Sep 13 04:27:34 UTC 2026","58","tests.PlayWrightTests.UserFacingPortal.Profile","test_profile","TestProfile","","","Contact Details validation: entering a 6-digit Zip Code displays the inline length error 'Zip code must be either 5 digits (XXXXX) or 9 digits (XXXXX-XXXX)'",""
"passed","Sun Sep 13 02:29:20 UTC 2026","Sun Sep 13 02:29:31 UTC 2026","11068","tests.PlayWrightTests.UserFacingPortal.Health","test_hba1c","TestHbA1cSection","","","Verify empty state message ('No data recorded yet') and Add button are visible",""
"passed","Sun Sep 13 03:15:13 UTC 2026","Sun Sep 13 03:16:12 UTC 2026","59167","tests.PlayWrightTests.UserFacingPortal.HomePage","test_food","TestFoodDateNavigation","","","Food date nav: returning to Today after navigating away shows the original Consumed value","Checks navigating away from Today and back again shows the same Consumed value as before navigating, confirming state isn't corrupted by navigation."
"passed","Sun Sep 13 03:18:26 UTC 2026","Sun Sep 13 03:18:35 UTC 2026","8868","tests.PlayWrightTests.UserFacingPortal.HomePage","test_food","TestFoodCrossCutting","","","Food cross-cutting: re-searching with a different term replaces the previous results","Checks searching for 'banana' after already searching 'apple' shows fresh results rather than stale or appended ones."
"passed","Sun Sep 13 01:51:07 UTC 2026","Sun Sep 13 01:51:21 UTC 2026","13773","tests.PlayWrightTests.UserFacingPortal.Discuss","test_discussionReactions","TestUserDiscussionReactions","","","Given a post has a file attachment, when the user likes it, then the post should show 'You reacted'",""
"passed","Sun Sep 13 03:54:28 UTC 2026","Sun Sep 13 03:54:48 UTC 2026","20313","tests.PlayWrightTests.UserFacingPortal.HomePage","test_ripples","TestRipplesTabVisibilityPause","","","Tab visibility: returning to the tab shows a Session paused overlay instead of auto-resuming",""
"passed","Sun Sep 13 03:24:44 UTC 2026","Sun Sep 13 03:24:51 UTC 2026","7393","tests.PlayWrightTests.UserFacingPortal.HomePage","test_home_general","TestHomeGeneralFood","","","Food page: Previous date is enabled and Next date is disabled on today's date","Checks the Previous date button can be clicked to go back, while the Next date button is disabled since today is the most recent allowed date."
"failed","Sun Sep 13 02:33:45 UTC 2026","Sun Sep 13 02:33:59 UTC 2026","14226","tests.PlayWrightTests.UserFacingPortal.Health","test_tobacco","TestTobaccoSection","","","Verify values displayed on graph circle data points match the values listed in history list view",""
"passed","Sun Sep 13 02:40:03 UTC 2026","Sun Sep 13 02:40:11 UTC 2026","7456","tests.PlayWrightTests.UserFacingPortal.HomePage","test_breathe_and_unwind","TestSettingsInteractionsIdle","","","Settings (idle): Transition Bell toggle switches OFF and back ON",""
"passed","Sun Sep 13 04:26:20 UTC 2026","Sun Sep 13 04:26:20 UTC 2026","13","tests.PlayWrightTests.UserFacingPortal.Login","test_login_page","TestNeedHelpPage","","","Contact us tag is visible on the Need Help page",""
"passed","Sun Sep 13 03:35:59 UTC 2026","Sun Sep 13 03:36:20 UTC 2026","20077","tests.PlayWrightTests.UserFacingPortal.HomePage","test_mood_logging","TestMoodLogging","","","Mood logging: logging Neutral shows on today's calendar cell",""
"passed","Sun Sep 13 04:26:47 UTC 2026","Sun Sep 13 04:26:49 UTC 2026","1911","tests.PlayWrightTests.UserFacingPortal.Profile","test_profile","TestProfile","","","Basic Information edit: updating the First Name to 'Cathy' persists the change and the new value is reflected in the profile header after save",""
"passed","Sun Sep 13 01:58:11 UTC 2026","Sun Sep 13 01:58:15 UTC 2026","4104","tests.PlayWrightTests.UserFacingPortal.Discuss","test_talk_to_my_team","TestTalkToMyTeamMyPostsTab","","","Verify that submitting a post with subject only (no description) shows a required field validation error in the My Posts tab",""
"passed","Sun Sep 13 04:37:07 UTC 2026","Sun Sep 13 04:37:14 UTC 2026","7778","tests.PlayWrightTests.UserFacingPortal","test_India_users","TestUserPlaywright","","","test_subscription_banner_message[chromium]",""
"passed","Sun Sep 13 04:26:26 UTC 2026","Sun Sep 13 04:26:26 UTC 2026","7","tests.PlayWrightTests.UserFacingPortal.Login","test_login_page","TestNeedHelpPageSpanish","","","Email input placeholder text is correct in Spanish",""
"passed","Sun Sep 13 04:31:37 UTC 2026","Sun Sep 13 04:31:40 UTC 2026","3060","tests.PlayWrightTests.UserFacingPortal.Recipes","test_MyRecipes","TestMyRecipes","","","verify Create Your Recipe button should be disabled when Recipe Name is filled and no ingredients selected",""
"passed","Sun Sep 13 04:26:28 UTC 2026","Sun Sep 13 04:26:28 UTC 2026","330","tests.PlayWrightTests.UserFacingPortal.Login","test_login_page","TestNeedHelpPageSpanish","","","Submitting with email and subject only shows message required error in Spanish",""
"passed","Sun Sep 13 03:34:23 UTC 2026","Sun Sep 13 03:34:30 UTC 2026","6838","tests.PlayWrightTests.UserFacingPortal.HomePage","test_mindful_minutes","TestMindfulMinutesDurationDisplayFormat","","","Duration display: Today and This week text matches the parsed numeric value","Reads the Today and This week totals as shown on screen (which switch from 'X min' to 'X hr(s) Y min' past 59 minutes) and checks the displayed text always matches the real numeric value, and that This week is never smaller than Today."
"passed","Sun Sep 13 04:30:05 UTC 2026","Sun Sep 13 04:30:05 UTC 2026","631","tests.PlayWrightTests.UserFacingPortal.Recipes","test_MyRecipes","TestMyRecipes","","","When user is able to add custom ingredient",""
"passed","Sun Sep 13 03:54:11 UTC 2026","Sun Sep 13 03:54:28 UTC 2026","16814","tests.PlayWrightTests.UserFacingPortal.HomePage","test_ripples","TestRipplesTabVisibilityPause","","","Tab visibility: hiding the tab pauses the background music",""
"passed","Sun Sep 13 02:32:11 UTC 2026","Sun Sep 13 02:32:13 UTC 2026","1454","tests.PlayWrightTests.UserFacingPortal.Health","test_tobacco","TestTobaccoSection","","","Verify adding today's tobacco entry registers and appears correctly in history list view",""
"passed","Sun Sep 13 04:09:09 UTC 2026","Sun Sep 13 04:09:09 UTC 2026","348","tests.PlayWrightTests.UserFacingPortal.HomePage","test_talktomycoach","TestDashboardChat","","","TC32 – Verify that a message typed but not sent is discarded when the chat is closed and reopened",""
"passed","Sun Sep 13 04:36:44 UTC 2026","Sun Sep 13 04:36:54 UTC 2026","10098","tests.PlayWrightTests.UserFacingPortal.Recipes","test_habirecipe_book","TestRecipeBook","","","View logged recipe details and image in view logs page is same as generated recipe",""
"passed","Sun Sep 13 02:17:35 UTC 2026","Sun Sep 13 02:17:42 UTC 2026","7187","tests.PlayWrightTests.UserFacingPortal.Health","test_blood_sugar_notes","TestBloodSugarNotes","","","test_edit_blood_sugar_notes[chromium]","Edit blood sugar notes for Fasting, Before Meal, and After Meal entries and validate the updates."
"failed","Sun Sep 13 04:42:45 UTC 2026","Sun Sep 13 04:42:59 UTC 2026","14424","tests.PlayWrightTests.UserFacingPortal","test_ProgressInsights","TestUserProgressInsights","","","Add only meal for the said week. (smart insights should get generated with only meal and should generate goals for everything)",""
"passed","Sun Sep 13 04:29:24 UTC 2026","Sun Sep 13 04:29:26 UTC 2026","2179","tests.PlayWrightTests.UserFacingPortal.Profile","test_profile","TestProfile","","","Change Password validation: submitting a New Password and a mismatching Confirm Password displays the inline error 'Passwords do not match' on Confirm Password",""
"passed","Sun Sep 13 02:07:27 UTC 2026","Sun Sep 13 02:07:28 UTC 2026","916","tests.PlayWrightTests.UserFacingPortal.Discuss","test_talk_to_my_team","TestTalkToMyTeamCommentsAndReactions","","","Verify that clicking outside an open emoji reaction popover dismisses it without applying a reaction","Hovers the Like button to open the emoji reaction popover, then clicks elsewhere and confirms the popover closes without any reaction being applied."
"passed","Sun Sep 13 02:36:25 UTC 2026","Sun Sep 13 02:36:25 UTC 2026","9","tests.PlayWrightTests.UserFacingPortal.HomePage","test_Set_Targets","Test_Set_Targets","","","Fiber Target constraints metadata validation","Validate fiber target unit and min/max constraints from input attributes"
"passed","Sun Sep 13 04:03:02 UTC 2026","Sun Sep 13 04:03:15 UTC 2026","13256","tests.PlayWrightTests.UserFacingPortal.HomePage","test_streak","TestStreakWidgetHealth","","","Streak Widget Health Segment: logging HbA1c increments Current Streak by one",""
"passed","Sun Sep 13 02:25:50 UTC 2026","Sun Sep 13 02:25:58 UTC 2026","7863","tests.PlayWrightTests.UserFacingPortal.Health","test_exercise","TestExerciseSection","","","Exercise Other Activity: deleting an 'Other Activity' entry successfully removes it from history",""
"passed","Sun Sep 13 02:16:32 UTC 2026","Sun Sep 13 02:16:44 UTC 2026","11945","tests.PlayWrightTests.UserFacingPortal.Health","test_blood_sugar","TestBloodSugarSection","","","Verify that adding another historical Fasting blood sugar entry correctly updates the current widget value",""
"passed","Sun Sep 13 04:23:10 UTC 2026","Sun Sep 13 04:23:24 UTC 2026","13185","tests.PlayWrightTests.UserFacingPortal.HomePage","test_weight_widget","TestWeightWidget","","","Weight widget: when current weight is above the goal weight, the card shows the correct 'kg left to your goal' message",""
"passed","Sun Sep 13 02:31:41 UTC 2026","Sun Sep 13 02:31:41 UTC 2026","130","tests.PlayWrightTests.UserFacingPortal.Health","test_tobacco","TestTobaccoSection","","","Verify target input placeholder attribute displays 'Max'",""
"passed","Sun Sep 13 04:15:50 UTC 2026","Sun Sep 13 04:16:05 UTC 2026","14457","tests.PlayWrightTests.UserFacingPortal.HomePage","test_water_widget","TestWaterWidgetQuickLog","","","Water widget: logging an amount from the dashboard's quick-log box increases the total correctly",""
"passed","Sun Sep 13 04:35:02 UTC 2026","Sun Sep 13 04:35:02 UTC 2026","293","tests.PlayWrightTests.UserFacingPortal.Recipes","test_habirecipe_book","TestRecipeBook","","","As a user When I click on the LOCAL_FOOD_PREFERENCES_BUTTON  preference, it should take to LOCAL_FOOD_PREFERENCES_BUTTON preference page and should be able to see tooltips with expected texts",""
"passed","Sun Sep 13 04:27:43 UTC 2026","Sun Sep 13 04:27:43 UTC 2026","181","tests.PlayWrightTests.UserFacingPortal.Profile","test_profile","TestProfile","","","Health Parameters validation (repeat): re-entering alphabetic characters in the Waist (inches) field after a prior save still displays the inline error 'Waist is not a number'",""
"passed","Sun Sep 13 02:53:27 UTC 2026","Sun Sep 13 02:53:31 UTC 2026","4289","tests.PlayWrightTests.UserFacingPortal.HomePage","test_food","TestFoodAddNavigation","","","Food search: Add Breakfast opens the Breakfast search page","Checks clicking Add Breakfast navigates to the Breakfast food search page with a visible search input."
"passed","Sun Sep 13 02:34:23 UTC 2026","Sun Sep 13 02:34:26 UTC 2026","2613","tests.PlayWrightTests.UserFacingPortal.Health","test_tobacco","TestTobaccoSection","","","Verify Month Filter Functionality: Selecting 'Last month' filter updates history list to display current month's records",""
"passed","Sun Sep 13 02:20:32 UTC 2026","Sun Sep 13 02:20:42 UTC 2026","9871","tests.PlayWrightTests.UserFacingPortal.Health","test_exercise","TestExerciseSection","","","Exercise Target: verifying the 'Set Target' button is visible on the exercise widget when no target has been configured",""
"passed","Sun Sep 13 04:25:28 UTC 2026","Sun Sep 13 04:25:28 UTC 2026","8","tests.PlayWrightTests.UserFacingPortal.Login","test_login_page","TestLoginPage","","","Register link is visible and has the correct label",""
"passed","Sun Sep 13 02:15:50 UTC 2026","Sun Sep 13 02:15:50 UTC 2026","169","tests.PlayWrightTests.UserFacingPortal.Health","test_blood_sugar","TestBloodSugarSection","","","Verify that a validation error is displayed when trying to save a High target value greater than 999",""
"passed","Sun Sep 13 04:27:21 UTC 2026","Sun Sep 13 04:27:25 UTC 2026","3864","tests.PlayWrightTests.UserFacingPortal.Profile","test_profile","TestProfile","","","Contact Details edit: entering a valid 10-digit Contact Number and saving persists the value and renders it (prefixed with '+') in the read-only view",""
"passed","Sun Sep 13 02:09:33 UTC 2026","Sun Sep 13 02:09:37 UTC 2026","4028","tests.PlayWrightTests.UserFacingPortal.Discuss","test_talk_to_my_team","TestTalkToMyTeamThreeDotsAndBlocking","","","Verify that the Edit popup opens pre-populated with the post's existing subject and description","Opens the Edit modal on an existing post and confirms the subject and description fields are pre-filled with the post's current content."
"passed","Sun Sep 13 02:20:14 UTC 2026","Sun Sep 13 02:20:32 UTC 2026","18734","tests.PlayWrightTests.UserFacingPortal.Health","test_exercise","TestExerciseSection","","","Exercise History: verifying that deleting all exercise entries in the history table successfully clears the log list",""
"passed","Sun Sep 13 04:27:18 UTC 2026","Sun Sep 13 04:27:20 UTC 2026","2444","tests.PlayWrightTests.UserFacingPortal.Profile","test_profile","TestProfile","","","Basic Information edit: editing the First Name and then clicking the close (X) icon without saving discards the change — the unsaved value does not appear in the profile and the previously saved values remain intact",""
"broken","Sun Sep 13 01:44:40 UTC 2026","Sun Sep 13 01:45:27 UTC 2026","47337","tests.PlayWrightTests.UserFacingPortal.Chatbot","test_chatbot_forLoggingExercise","TestChatbotLogsData","","","Verify user logs an exercise through the chatbot with both a duration and step count",""
"passed","Sun Sep 13 03:57:13 UTC 2026","Sun Sep 13 03:57:54 UTC 2026","41161","tests.PlayWrightTests.UserFacingPortal.HomePage","test_ripples","TestRipplesQuitSessionConfirmation","","","Quit session: confirming Stop ends the session and shows a mindful-minutes summary",""
"passed","Sun Sep 13 01:59:15 UTC 2026","Sun Sep 13 01:59:42 UTC 2026","27182","tests.PlayWrightTests.UserFacingPortal.Discuss","test_talk_to_my_team","TestTalkToMyTeamMyPostsTab","","","Verify that a user can upload up to 5 documents in a single post without any error in the My Posts tab",""
"passed","Sun Sep 13 04:26:20 UTC 2026","Sun Sep 13 04:26:20 UTC 2026","8","tests.PlayWrightTests.UserFacingPortal.Login","test_login_page","TestNeedHelpPage","","","Category label is visible on the Need Help page",""
"passed","Sun Sep 13 02:22:31 UTC 2026","Sun Sep 13 02:22:40 UTC 2026","8761","tests.PlayWrightTests.UserFacingPortal.Health","test_exercise","TestExerciseSection","","","Exercise Logging: logging an exercise entry with the minimum valid value (1 minute) is saved successfully",""
"passed","Sun Sep 13 04:25:35 UTC 2026","Sun Sep 13 04:25:35 UTC 2026","116","tests.PlayWrightTests.UserFacingPortal.Login","test_login_page","TestLoginPage","","","Clicking Sign in with Code with an empty email shows email required error",""
"passed","Sun Sep 13 04:19:30 UTC 2026","Sun Sep 13 04:19:40 UTC 2026","10329","tests.PlayWrightTests.UserFacingPortal.HomePage","test_water_widget","TestWaterLogPresets","","","Water log page: tapping the 1183 ml preset button logs exactly 1183 ml",""
"passed","Sun Sep 13 04:30:02 UTC 2026","Sun Sep 13 04:30:02 UTC 2026","13","tests.PlayWrightTests.UserFacingPortal.Recipes","test_MyRecipes","TestMyRecipes","","","User is able to navigate to My Recipe page",""
"passed","Sun Sep 13 02:39:39 UTC 2026","Sun Sep 13 02:39:45 UTC 2026","6318","tests.PlayWrightTests.UserFacingPortal.HomePage","test_breathe_and_unwind","TestSettingsDefaultState","","","Settings: default audio and session toggle states are correct",""
"passed","Sun Sep 13 04:26:20 UTC 2026","Sun Sep 13 04:26:20 UTC 2026","3","tests.PlayWrightTests.UserFacingPortal.Login","test_login_page","TestNeedHelpPage","","","Subject input placeholder text is correct",""
"broken","Sun Sep 13 04:37:14 UTC 2026","Sun Sep 13 04:37:44 UTC 2026","30001","tests.PlayWrightTests.UserFacingPortal","test_India_users","TestUserPlaywright","","","test_indianuser_Access_paused_banner[chromium]",""
"passed","Sun Sep 13 02:19:39 UTC 2026","Sun Sep 13 02:19:48 UTC 2026","8547","tests.PlayWrightTests.UserFacingPortal.Health","test_exercise","TestExerciseSection","","","Other Activity Validation: verifying an error message ('Minutes cannot be blank') is displayed when entering a negative minutes value",""
"passed","Sun Sep 13 02:35:39 UTC 2026","Sun Sep 13 02:35:40 UTC 2026","735","tests.PlayWrightTests.UserFacingPortal.HomePage","test_Set_Targets","Test_Set_Targets","","","Error when Macronutrient total is not 100",""
"passed","Sun Sep 13 04:24:13 UTC 2026","Sun Sep 13 04:24:23 UTC 2026","10268","tests.PlayWrightTests.UserFacingPortal.HomePage","test_weight_widget","TestWeightWidget","","","Weight widget: a weight logged with a decimal (e.g. 65.5 kg) is shown exactly, not rounded",""
"passed","Sun Sep 13 02:30:56 UTC 2026","Sun Sep 13 02:30:58 UTC 2026","2114","tests.PlayWrightTests.UserFacingPortal.Health","test_hba1c","TestHbA1cSection","","","Verify Month Filter Displays Correct HbA1c Records",""
"passed","Sun Sep 13 02:15:50 UTC 2026","Sun Sep 13 02:15:50 UTC 2026","182","tests.PlayWrightTests.UserFacingPortal.Health","test_blood_sugar","TestBloodSugarSection","","","Verify that a validation error is displayed when trying to save a negative High target value",""
"passed","Sun Sep 13 04:12:05 UTC 2026","Sun Sep 13 04:12:16 UTC 2026","11621","tests.PlayWrightTests.UserFacingPortal.HomePage","test_upcoming_events","TestUpcomingEventsWidget","","","Upcoming Events: far-future event shows forward-arrow / details affordance",""
"passed","Sun Sep 13 03:38:02 UTC 2026","Sun Sep 13 03:38:14 UTC 2026","12065","tests.PlayWrightTests.UserFacingPortal.HomePage","test_mood_logging","TestMoodHistoryTabs","","","Mood History: Year tab shows the Mood Distribution and Mood Calendar cards",""
"passed","Sun Sep 13 04:34:48 UTC 2026","Sun Sep 13 04:34:48 UTC 2026","2","tests.PlayWrightTests.UserFacingPortal.Recipes","test_habirecipe_book","TestRecipeBook","","","Verify Habi Recipes tab is selected by default",""
"passed","Sun Sep 13 03:02:25 UTC 2026","Sun Sep 13 03:02:47 UTC 2026","22057","tests.PlayWrightTests.UserFacingPortal.HomePage","test_food","TestFoodLogging","","","Food logging: confirming a Snacks item updates the Snacks total","Checks confirming a selected Snacks food increases the Snacks meal's calorie total."
"passed","Sun Sep 13 04:26:26 UTC 2026","Sun Sep 13 04:26:27 UTC 2026","47","tests.PlayWrightTests.UserFacingPortal.Login","test_login_page","TestNeedHelpPageSpanish","","","Submitting without any data shows all required field errors in Spanish",""
"passed","Sun Sep 13 04:22:47 UTC 2026","Sun Sep 13 04:22:58 UTC 2026","10997","tests.PlayWrightTests.UserFacingPortal.HomePage","test_weight_widget","TestWeightWidget","","","Weight widget: current, starting, and goal weight shown on the card match the account's real weight data",""
"passed","Sun Sep 13 04:27:29 UTC 2026","Sun Sep 13 04:27:29 UTC 2026","106","tests.PlayWrightTests.UserFacingPortal.Profile","test_profile","TestProfile","","","Contact Details validation: submitting a blank City field displays the inline error 'City is required'",""
"passed","Sun Sep 13 02:39:02 UTC 2026","Sun Sep 13 02:39:09 UTC 2026","7213","tests.PlayWrightTests.UserFacingPortal.HomePage","test_breathe_and_unwind","TestEditTimeControls","","","Edit Time: clicking - decreases the timer by 1 minute",""
"passed","Sun Sep 13 04:24:33 UTC 2026","Sun Sep 13 04:24:56 UTC 2026","23450","tests.PlayWrightTests.UserFacingPortal.HomePage","test_weight_widget","TestWeightWidget","","","Weight widget: adding a newer weight entry does not move the starting weight",""
"passed","Sun Sep 13 03:24:13 UTC 2026","Sun Sep 13 03:24:16 UTC 2026","3513","tests.PlayWrightTests.UserFacingPortal.HomePage","test_home_general","TestHomeGeneralHeader","","","Header: Home nav link is marked active while on the dashboard","Checks the Home link in the header carries the active styling class while the dashboard page is open."
"passed","Sun Sep 13 02:17:02 UTC 2026","Sun Sep 13 02:17:10 UTC 2026","8108","tests.PlayWrightTests.UserFacingPortal.Health","test_blood_sugar","TestBloodSugarSection","","","Verify that saving a decimal value displays a validation error, and cleanup all logged data",""
"skipped","Sun Sep 13 02:14:40 UTC 2026","Sun Sep 13 02:14:40 UTC 2026","0","tests.PlayWrightTests.UserFacingPortal.Habits","test_habits","TestHabitsFeature","","","Test 36: Notification Preferences - Push and SMS enabled",""
"passed","Sun Sep 13 04:34:49 UTC 2026","Sun Sep 13 04:34:49 UTC 2026","69","tests.PlayWrightTests.UserFacingPortal.Recipes","test_habirecipe_book","TestRecipeBook","","","As a user When I click on the Food Allergies button, it should take to food allergies page","Test the Food Allergies page"
"passed","Sun Sep 13 04:27:47 UTC 2026","Sun Sep 13 04:27:49 UTC 2026","1421","tests.PlayWrightTests.UserFacingPortal.Profile","test_profile","TestProfile","","","Health Parameters edit: entering a valid numeric Hips value (34 inches) and saving persists the value and renders '34' in the read-only view",""
"passed","Sun Sep 13 03:31:17 UTC 2026","Sun Sep 13 03:31:30 UTC 2026","13396","tests.PlayWrightTests.UserFacingPortal.HomePage","test_mindful_minutes","TestMindfulMinutesPresetDurations","","","Preset duration: logging the 45 min preset increases today's total by 45","Picks the 45 min quick-select button, saves it, and checks today's total goes up by exactly 45 minutes."
"passed","Sun Sep 13 04:28:34 UTC 2026","Sun Sep 13 04:28:45 UTC 2026","10660","tests.PlayWrightTests.UserFacingPortal.Profile","test_profile","TestProfile","","","Upload happy path (second instance): providing a valid file, Name and Type and submitting uploads a second document and the documents table row count increases by exactly one",""
"passed","Sun Sep 13 02:51:35 UTC 2026","Sun Sep 13 02:51:42 UTC 2026","7249","tests.PlayWrightTests.UserFacingPortal.HomePage","test_food","TestFoodPageOverview","","","Food page: Goal value is a real, positive number","Checks the Goal calorie value in the header nutrient summary is a valid positive number."
"passed","Sun Sep 13 04:08:03 UTC 2026","Sun Sep 13 04:08:05 UTC 2026","2531","tests.PlayWrightTests.UserFacingPortal.HomePage","test_talktomycoach","TestDashboardChat","","","TC18 – Verify that a sent message appears instantly in the chat conversation within 2 seconds of being submitted",""
"passed","Sun Sep 13 02:35:42 UTC 2026","Sun Sep 13 02:35:44 UTC 2026","1900","tests.PlayWrightTests.UserFacingPortal.HomePage","test_Set_Targets","Test_Set_Targets","","","Validate Reset to Default functionality","Test that Reset to Default button restores default calorie and macro values"
"failed","Sun Sep 13 02:31:03 UTC 2026","Sun Sep 13 02:31:12 UTC 2026","8629","tests.PlayWrightTests.UserFacingPortal.Health","test_hba1c","TestHbA1cSection","","","Verify Graph is Displayed When HbA1c Data Exists",""
"passed","Sun Sep 13 02:13:51 UTC 2026","Sun Sep 13 02:13:53 UTC 2026","1813","tests.PlayWrightTests.UserFacingPortal.Habits","test_habits","TestHabitsFeature","","","Cancel button returns to habits list without creating habit",""
"passed","Sun Sep 13 04:28:29 UTC 2026","Sun Sep 13 04:28:34 UTC 2026","5579","tests.PlayWrightTests.UserFacingPortal.Profile","test_profile","TestProfile","","","Upload validation (regression): providing only a document Type and submitting again after a page reload still displays the inline 'is required' error",""
"passed","Sun Sep 13 04:35:01 UTC 2026","Sun Sep 13 04:35:01 UTC 2026","165","tests.PlayWrightTests.UserFacingPortal.Recipes","test_habirecipe_book","TestRecipeBook","","","As a user When I click on the DIET TYPE BUTTON preference, it should take to DIET TYPE preference page",""
"broken","Sun Sep 13 03:58:00 UTC 2026","Sun Sep 13 03:58:07 UTC 2026","7608","tests.PlayWrightTests.UserFacingPortal.HomePage","test_ripples","TestRipplesMinutesTracking","","","Minutes tracking: This week's mindful minutes increase after ending a Ripples session",""
"passed","Sun Sep 13 02:14:26 UTC 2026","Sun Sep 13 02:14:26 UTC 2026","666","tests.PlayWrightTests.UserFacingPortal.Habits","test_habits","TestHabitsFeature","","","Test 19: Calendar tab opens on habit detail page",""
"passed","Sun Sep 13 04:26:27 UTC 2026","Sun Sep 13 04:26:27 UTC 2026","76","tests.PlayWrightTests.UserFacingPortal.Login","test_login_page","TestNeedHelpPageSpanish","","","Submitting with email only shows subject and message required errors in Spanish",""
"passed","Sun Sep 13 04:07:18 UTC 2026","Sun Sep 13 04:07:18 UTC 2026","43","tests.PlayWrightTests.UserFacingPortal.HomePage","test_talktomycoach","TestDashboardChat","","","TC01 – Verify the chat bubble icon is visible on the dashboard home page after login",""
"passed","Sun Sep 13 04:47:01 UTC 2026","Sun Sep 13 04:47:15 UTC 2026","13989","tests.PlayWrightTests.UserFacingPortal","test_eula_banner","TestEulaBanner","","","Clicking Go Back on the Decline warning returns the user to the original EULA modal","Clicks Go Back and verifies the user returns to the original Accept/Decline EULA modal."
"passed","Sun Sep 13 04:25:28 UTC 2026","Sun Sep 13 04:25:28 UTC 2026","62","tests.PlayWrightTests.UserFacingPortal.Login","test_login_page","TestLoginPage","","","Clicking Forgot password link navigates to the forgot password page",""
"passed","Sun Sep 13 04:34:49 UTC 2026","Sun Sep 13 04:34:49 UTC 2026","44","tests.PlayWrightTests.UserFacingPortal.Recipes","test_habirecipe_book","TestRecipeBook","","","As a user when I am on the Food Allergies page, and when I click on the Previous button, I should be taken to the Let's Set Your Preferences page",""
"passed","Sun Sep 13 02:11:11 UTC 2026","Sun Sep 13 02:12:09 UTC 2026","58044","tests.PlayWrightTests.UserFacingPortal.Discuss","test_talk_to_my_team","TestTalkToMyTeamThreeDotsAndBlocking","","","Verify that choosing No on Unblock Discussion leaves the post blocked","Blocks another member's post, then declines the unblock confirmation, and confirms the post remains blocked."
"passed","Sun Sep 13 01:54:23 UTC 2026","Sun Sep 13 01:54:23 UTC 2026","65","tests.PlayWrightTests.UserFacingPortal.Discuss","test_talk_to_my_team","TestTalkToMyTeamDiscussTab","","","Verify that a user can successfully add a comment to the first post in the Discuss tab",""
"broken","Sun Sep 13 02:02:06 UTC 2026","Sun Sep 13 02:03:30 UTC 2026","83625","tests.PlayWrightTests.UserFacingPortal.Discuss","test_talk_to_my_team","TestTalkToMyTeamMyPostsTab","","","Verify that clicking 'See all comments' expands and displays all comments for a post in the My Posts tab",""
"passed","Sun Sep 13 02:49:14 UTC 2026","Sun Sep 13 02:49:36 UTC 2026","22081","tests.PlayWrightTests.UserFacingPortal.HomePage","test_explore_section","TestExploreSection","","","Explore section: creating a discussion post from the Discussion card makes the post appear in the feed",""
"passed","Sun Sep 13 03:03:53 UTC 2026","Sun Sep 13 03:04:03 UTC 2026","9194","tests.PlayWrightTests.UserFacingPortal.HomePage","test_food","TestFoodSearchTabs","","","Food search tabs: 'Custom' tab remains functional when selected","Checks selecting the 'Custom' food search tab keeps the search input visible and usable."
"passed","Sun Sep 13 02:26:08 UTC 2026","Sun Sep 13 02:26:25 UTC 2026","17059","tests.PlayWrightTests.UserFacingPortal.Health","test_exercise","TestExerciseSection","","","Exercise Other Activity: daily totals include all 'Other Activity' entries and calculate correctly",""
"broken","Sun Sep 13 03:58:07 UTC 2026","Sun Sep 13 03:58:14 UTC 2026","6559","tests.PlayWrightTests.UserFacingPortal.HomePage","test_ripples","TestRipplesMinutesTracking","","","Minutes tracking: Today's mindful minutes increase after ending a Ripples session",""
"passed","Sun Sep 13 04:30:02 UTC 2026","Sun Sep 13 04:30:02 UTC 2026","19","tests.PlayWrightTests.UserFacingPortal.Recipes","test_MyRecipes","TestMyRecipes","","","Then user is validating the fields in my recipe",""
"passed","Sun Sep 13 02:53:00 UTC 2026","Sun Sep 13 02:53:06 UTC 2026","5265","tests.PlayWrightTests.UserFacingPortal.HomePage","test_food","TestFoodPageMealSections","","","Food page: Breakfast section shows its header, macro labels, and Add button","Checks the Breakfast meal section header, Carbs/Protein/Fat labels, and Add Breakfast button are all visible."
"passed","Sun Sep 13 04:47:41 UTC 2026","Sun Sep 13 04:47:53 UTC 2026","12424","tests.PlayWrightTests.UserFacingPortal","test_eula_banner","TestEulaDisenrollFlow","","","Clicking Do Not Enroll on the Decline warning shows the Thank You acknowledgment popup","Clicks Do Not Enroll and verifies the Thank You popup shows its exact expected text."
"passed","Sun Sep 13 04:26:22 UTC 2026","Sun Sep 13 04:26:22 UTC 2026","395","tests.PlayWrightTests.UserFacingPortal.Login","test_login_page","TestNeedHelpPage","","","Submitting with email, category and subject shows message required error",""
"passed","Sun Sep 13 02:55:34 UTC 2026","Sun Sep 13 02:55:43 UTC 2026","9501","tests.PlayWrightTests.UserFacingPortal.HomePage","test_food","TestFoodSearchResults","","","Food search: Snacks search with no matches returns zero results","Checks searching Snacks foods for a nonsense term returns no results."
"passed","Sun Sep 13 04:26:20 UTC 2026","Sun Sep 13 04:26:20 UTC 2026","8","tests.PlayWrightTests.UserFacingPortal.Login","test_login_page","TestNeedHelpPage","","","Register link is visible on the Need Help page",""
"passed","Sun Sep 13 02:24:23 UTC 2026","Sun Sep 13 02:24:33 UTC 2026","10569","tests.PlayWrightTests.UserFacingPortal.Health","test_exercise","TestExerciseSection","","","Exercise Logging: adding an exercise entry for a future date is restricted",""
"passed","Sun Sep 13 04:27:58 UTC 2026","Sun Sep 13 04:27:58 UTC 2026","58","tests.PlayWrightTests.UserFacingPortal.Profile","test_profile","TestProfile","","","Upload validation: providing only a file (without Name and Type) and submitting displays the inline 'is required' error for the missing mandatory fields",""
"passed","Sun Sep 13 02:03:30 UTC 2026","Sun Sep 13 02:03:34 UTC 2026","4498","tests.PlayWrightTests.UserFacingPortal.Discuss","test_talk_to_my_team","TestTalkToMyTeamMyPostsTab","","","Verify that a user can edit only the description of an existing post and the updated description is reflected in the My Posts tab",""
"passed","Sun Sep 13 04:26:29 UTC 2026","Sun Sep 13 04:26:29 UTC 2026","428","tests.PlayWrightTests.UserFacingPortal.Login","test_login_page","TestNeedHelpPageSpanish","","","Submitting with email, category and message shows subject required error in Spanish",""
"passed","Sun Sep 13 04:16:49 UTC 2026","Sun Sep 13 04:17:02 UTC 2026","13354","tests.PlayWrightTests.UserFacingPortal.HomePage","test_water_widget","TestWaterWidgetSetTargets","","","Water widget: saving a target entered in ounces stores the correctly converted ml value",""
"passed","Sun Sep 13 03:30:47 UTC 2026","Sun Sep 13 03:31:02 UTC 2026","14274","tests.PlayWrightTests.UserFacingPortal.HomePage","test_mindful_minutes","TestMindfulMinutesPresetDurations","","","Preset duration: logging the 20 min preset increases today's total by 20","Picks the 20 min quick-select button, saves it, and checks today's total goes up by exactly 20 minutes."
"passed","Sun Sep 13 03:04:10 UTC 2026","Sun Sep 13 03:04:21 UTC 2026","11461","tests.PlayWrightTests.UserFacingPortal.HomePage","test_food","TestFoodViewLogsNavigation","","","Food logs: View Logs opens the per-item log page","Checks clicking View Logs navigates to the food log page showing at least one meal tab."
"passed","Sun Sep 13 04:26:13 UTC 2026","Sun Sep 13 04:26:13 UTC 2026","8","tests.PlayWrightTests.UserFacingPortal.Login","test_login_page","TestLoginPageSpanish","","","Register link is visible and enabled with Spanish label",""
"passed","Sun Sep 13 02:29:58 UTC 2026","Sun Sep 13 02:29:58 UTC 2026","193","tests.PlayWrightTests.UserFacingPortal.Health","test_hba1c","TestHbA1cSection","","","Verify target validation error when clearing target field",""
"passed","Sun Sep 13 02:15:50 UTC 2026","Sun Sep 13 02:15:51 UTC 2026","182","tests.PlayWrightTests.UserFacingPortal.Health","test_blood_sugar","TestBloodSugarSection","","","Verify that a validation error is displayed when trying to save targets with a blank High target value",""
"passed","Sun Sep 13 03:18:47 UTC 2026","Sun Sep 13 03:19:23 UTC 2026","36652","tests.PlayWrightTests.UserFacingPortal.HomePage","test_food","TestFoodCrossCutting","","","Food cross-cutting: deleting an item and reloading shows the updated total","Checks that after deleting a logged item, a full page reload still reflects the decreased calorie total rather than reverting it."
"passed","Sun Sep 13 04:27:41 UTC 2026","Sun Sep 13 04:27:43 UTC 2026","1441","tests.PlayWrightTests.UserFacingPortal.Profile","test_profile","TestProfile","","","Health Parameters edit: entering '0' in the Waist (inches) field and saving persists the literal value and renders '0inches' in the read-only view",""
"passed","Sun Sep 13 04:30:57 UTC 2026","Sun Sep 13 04:31:30 UTC 2026","33057","tests.PlayWrightTests.UserFacingPortal.Recipes","test_MyRecipes","TestMyRecipes","","","Then user is able to delete all the recipes and validate no custom recipes",""
"passed","Sun Sep 13 04:26:30 UTC 2026","Sun Sep 13 04:26:30 UTC 2026","86","tests.PlayWrightTests.UserFacingPortal.Login","test_login_page","TestNeedHelpPageSpanish","","","Submitting with all fields shows success toaster in Spanish",""
"passed","Sun Sep 13 04:26:20 UTC 2026","Sun Sep 13 04:26:20 UTC 2026","7","tests.PlayWrightTests.UserFacingPortal.Login","test_login_page","TestNeedHelpPage","","","Privacy Policy link is visible on the Need Help page",""
"passed","Sun Sep 13 04:29:26 UTC 2026","Sun Sep 13 04:29:26 UTC 2026","93","tests.PlayWrightTests.UserFacingPortal.Profile","test_profile","TestProfile","","","Language Preferences: selecting 'Language Preferences' from the profile dropdown opens the section and the 'Language Preferences' button label is rendered",""
"passed","Sun Sep 13 03:45:36 UTC 2026","Sun Sep 13 03:46:36 UTC 2026","59599","tests.PlayWrightTests.UserFacingPortal.HomePage","test_ripples","TestRipplesSceneSwitching","","","Scene switching: selecting pebbles updates the selected scene",""
"failed","Sun Sep 13 02:15:02 UTC 2026","Sun Sep 13 02:15:09 UTC 2026","7272","tests.PlayWrightTests.UserFacingPortal.Health","test_blood_pressure","TestBloodPressureSection","","","Verify empty state message ('No data recorded yet') and Add New button are visible after clearing all vital logs",""
"passed","Sun Sep 13 01:53:02 UTC 2026","Sun Sep 13 01:53:20 UTC 2026","17314","tests.PlayWrightTests.UserFacingPortal.Discuss","test_discussion_pinned_posts","TestDiscussionPinnedPosts","","","Verify that the Pinned Posts section persists after refreshing the page","Refreshes the page and confirms the Pinned Posts section and its entries are still shown."
"passed","Sun Sep 13 03:38:29 UTC 2026","Sun Sep 13 03:38:41 UTC 2026","11885","tests.PlayWrightTests.UserFacingPortal.HomePage","test_mood_logging","TestMoodHistoryMonthView","","","Mood History Month view: range label shows the current month and year",""
"passed","Sun Sep 13 02:53:46 UTC 2026","Sun Sep 13 02:53:52 UTC 2026","6659","tests.PlayWrightTests.UserFacingPortal.HomePage","test_food","TestFoodAddNavigation","","","Food search: Add Snacks opens the Snacks search page","Checks clicking Add Snacks navigates to the Snacks food search page with a visible search input."
"passed","Sun Sep 13 04:24:01 UTC 2026","Sun Sep 13 04:24:13 UTC 2026","12191","tests.PlayWrightTests.UserFacingPortal.HomePage","test_weight_widget","TestWeightWidget","","","Weight widget: current weight shown is always the most recently dated entry, even if it wasn't the last one logged",""
"passed","Sun Sep 13 04:26:20 UTC 2026","Sun Sep 13 04:26:20 UTC 2026","9","tests.PlayWrightTests.UserFacingPortal.Login","test_login_page","TestNeedHelpPage","","","Subject input field is visible on the Need Help page",""
"passed","Sun Sep 13 02:41:02 UTC 2026","Sun Sep 13 02:41:10 UTC 2026","8383","tests.PlayWrightTests.UserFacingPortal.HomePage","test_breathe_and_unwind","TestPerTechniqueSelectionState","","","Technique state: selecting Box Breathing shows 4 dashes, '-' phase, and 04:00 default",""
"passed","Sun Sep 13 04:26:13 UTC 2026","Sun Sep 13 04:26:13 UTC 2026","12","tests.PlayWrightTests.UserFacingPortal.Login","test_login_page","TestLoginPageSpanish","","","Sign in with Code button is visible and enabled with Spanish label",""
"passed","Sun Sep 13 03:16:30 UTC 2026","Sun Sep 13 03:16:40 UTC 2026","9956","tests.PlayWrightTests.UserFacingPortal.HomePage","test_food","TestFoodCrossCutting","","","Food cross-cutting: reloading the page preserves a meal's calorie total","Checks a full page reload shows the same Breakfast calorie total as before reloading."
"passed","Sun Sep 13 04:26:20 UTC 2026","Sun Sep 13 04:26:20 UTC 2026","79","tests.PlayWrightTests.UserFacingPortal.Login","test_login_page","TestNeedHelpPage","","","Submitting without any data shows email required error",""
"passed","Sun Sep 13 04:25:33 UTC 2026","Sun Sep 13 04:25:35 UTC 2026","1349","tests.PlayWrightTests.UserFacingPortal.Login","test_login_page","TestLoginPage","","","Logging in with an account that has not been activated shows inactive account error message",""
"passed","Sun Sep 13 04:09:05 UTC 2026","Sun Sep 13 04:09:06 UTC 2026","1444","tests.PlayWrightTests.UserFacingPortal.HomePage","test_talktomycoach","TestDashboardChat","","","TC28 – Verify that the chat history displays at least one date label for a past day (a date other than today) when prior-day messages are present",""
"passed","Sun Sep 13 02:15:01 UTC 2026","Sun Sep 13 02:15:02 UTC 2026","1003","tests.PlayWrightTests.UserFacingPortal.Health","test_blood_pressure","TestBloodPressureSection","","","Verify target edit error when clearing diastolic input field",""
"passed","Sun Sep 13 03:52:48 UTC 2026","Sun Sep 13 03:53:21 UTC 2026","32169","tests.PlayWrightTests.UserFacingPortal.HomePage","test_ripples","TestRipplesSoundToggle","","","Sound toggle: clicking the sound icon mutes background music immediately",""
"passed","Sun Sep 13 02:32:07 UTC 2026","Sun Sep 13 02:32:11 UTC 2026","3723","tests.PlayWrightTests.UserFacingPortal.Health","test_tobacco","TestTobaccoSection","","","Verify adding a historical tobacco entry for last year keeps today's current widget total at 0",""
"passed","Sun Sep 13 02:36:24 UTC 2026","Sun Sep 13 02:36:24 UTC 2026","73","tests.PlayWrightTests.UserFacingPortal.HomePage","test_Set_Targets","Test_Set_Targets","","","Water Target Boundary Value Analysis (BVA)","Test boundary values for water target: oz (0, 1, 2, 499, 500, 501) and ml (0, 1, 50, 14737, 14787, 14788)."
"passed","Sun Sep 13 04:29:37 UTC 2026","Sun Sep 13 04:29:38 UTC 2026","872","tests.PlayWrightTests.UserFacingPortal.Profile","test_profile","TestProfile","","","Notification Preferences toggles: toggling the 'Habit Tracker' Push and SMS notification switches flips the displayed state from On→Off (or Off→On) and reverts cleanly when toggled again",""
"passed","Sun Sep 13 02:58:09 UTC 2026","Sun Sep 13 02:58:21 UTC 2026","11497","tests.PlayWrightTests.UserFacingPortal.HomePage","test_food","TestFoodQuantityAdjustment","","","Food quantity: Snacks decrement button decreases the quantity","Checks clicking the decrement (-) button lowers the Snacks item's quantity below the default of 1."
"passed","Sun Sep 13 02:31:41 UTC 2026","Sun Sep 13 02:31:41 UTC 2026","181","tests.PlayWrightTests.UserFacingPortal.Health","test_tobacco","TestTobaccoSection","","","Verify validation error ('Must be less than or equal to 99') is displayed when saving a target value greater than 99",""
"passed","Sun Sep 13 04:25:28 UTC 2026","Sun Sep 13 04:25:28 UTC 2026","2","tests.PlayWrightTests.UserFacingPortal.Login","test_login_page","TestLoginPage","","","Browser tab title contains HabitNu",""
"passed","Sun Sep 13 04:09:06 UTC 2026","Sun Sep 13 04:09:09 UTC 2026","2265","tests.PlayWrightTests.UserFacingPortal.HomePage","test_talktomycoach","TestDashboardChat","","","TC31 – Verify that once a message is sent by the user, it cannot be deleted",""
"passed","Sun Sep 13 02:43:46 UTC 2026","Sun Sep 13 02:44:00 UTC 2026","14845","tests.PlayWrightTests.UserFacingPortal.HomePage","test_breathe_and_unwind","TestPerTechniquePauseResume","","","Pause/resume: Box Breathing timer halts on pause and resumes from the exact paused point",""
"passed","Sun Sep 13 02:51:42 UTC 2026","Sun Sep 13 02:51:49 UTC 2026","6934","tests.PlayWrightTests.UserFacingPortal.HomePage","test_food","TestFoodPageOverview","","","Food page: kcal status text is visible on the summary gauge","Checks the 'kcal left' or 'kcal over' status label is visible on the circular nutrient summary gauge, depending on whether Consumed is under or over the Goal."
"passed","Sun Sep 13 04:31:30 UTC 2026","Sun Sep 13 04:31:35 UTC 2026","5793","tests.PlayWrightTests.UserFacingPortal.Recipes","test_MyRecipes","TestMyRecipes","","","verify empty state message when no 'My Recipes' are created",""
"passed","Sun Sep 13 04:29:40 UTC 2026","Sun Sep 13 04:29:40 UTC 2026","847","tests.PlayWrightTests.UserFacingPortal.Profile","test_profile","TestProfile","","","Sign out: selecting 'Sign Out' from the profile dropdown logs the user out, navigates away from /app/dashboard, and renders the 'Terms of Use' link on the public landing page",""
"passed","Sun Sep 13 02:03:47 UTC 2026","Sun Sep 13 02:04:11 UTC 2026","24565","tests.PlayWrightTests.UserFacingPortal.Discuss","test_talk_to_my_team","TestTalkToMyTeamMyPostsTab","","","Verify that a user can edit an existing post and remove all uploaded files leaving no attachments in the My Posts tab",""
"passed","Sun Sep 13 04:26:20 UTC 2026","Sun Sep 13 04:26:20 UTC 2026","95","tests.PlayWrightTests.UserFacingPortal.Login","test_login_page","TestNeedHelpPage","","","Submitting with email only shows subject required error",""
"passed","Sun Sep 13 03:36:57 UTC 2026","Sun Sep 13 03:37:35 UTC 2026","38079","tests.PlayWrightTests.UserFacingPortal.HomePage","test_mood_logging","TestMoodLogging","","","Mood logging: logging a different mood the same day updates today's calendar entry to the latest mood",""
"passed","Sun Sep 13 02:59:17 UTC 2026","Sun Sep 13 02:59:31 UTC 2026","14512","tests.PlayWrightTests.UserFacingPortal.HomePage","test_food","TestFoodCancelWithoutLogging","","","Food cancel: leaving the Breakfast add flow without confirming does not log anything","Checks selecting a Breakfast food but navigating away before confirming leaves the Breakfast total unchanged."
"passed","Sun Sep 13 04:34:26 UTC 2026","Sun Sep 13 04:34:26 UTC 2026","212","tests.PlayWrightTests.UserFacingPortal.Recipes","test_chef_curated","TestChefCurated","","","Chef Curated: Recipe video validation","p9: Validate recipe video functionality"
"broken","Sun Sep 13 04:09:22 UTC 2026","Sun Sep 13 04:09:54 UTC 2026","31933","tests.PlayWrightTests.UserFacingPortal.HomePage","test_talktomycoach","TestDashboardChat","","","TC35 – Verify the Talk To My Coach chat bubble is not shown for a user not assigned to any cohort",""
"passed","Sun Sep 13 03:28:30 UTC 2026","Sun Sep 13 03:28:32 UTC 2026","1782","tests.PlayWrightTests.UserFacingPortal.HomePage","test_home_greetings","TestHomeGreetingsNoCohort","","","Home Greeting: week info should be hidden when user has no cohort start date",""
"passed","Sun Sep 13 03:25:40 UTC 2026","Sun Sep 13 03:25:48 UTC 2026","8385","tests.PlayWrightTests.UserFacingPortal.HomePage","test_home_general","TestHomeGeneralExercise","","","Exercise panel: history view shows either delete controls for entries or the empty-state message","Opens the Exercise history panel and checks it shows either delete buttons for existing entries or the No data recorded yet empty-state message."
"passed","Sun Sep 13 01:57:09 UTC 2026","Sun Sep 13 01:57:25 UTC 2026","16065","tests.PlayWrightTests.UserFacingPortal.Discuss","test_talk_to_my_team","TestTalkToMyTeamDiscussTab","","","Verify that clicking 'No' on the block user reason dialog cancels the action and the post count remains unchanged in the Discuss tab",""
"passed","Sun Sep 13 02:17:02 UTC 2026","Sun Sep 13 02:17:02 UTC 2026","532","tests.PlayWrightTests.UserFacingPortal.Health","test_blood_sugar","TestBloodSugarSection","","","Verify that a validation error is displayed when trying to save a blank After Meal blood sugar entry",""
"passed","Sun Sep 13 02:35:37 UTC 2026","Sun Sep 13 02:35:37 UTC 2026","12","tests.PlayWrightTests.UserFacingPortal.HomePage","test_Set_Targets","Test_Set_Targets","","","Verify Nutrient Intake section with SVG icon and text","Test that the Nutrient Intake section displays wheat SVG icon and text correctly"
"passed","Sun Sep 13 04:35:17 UTC 2026","Sun Sep 13 04:35:17 UTC 2026","138","tests.PlayWrightTests.UserFacingPortal.Recipes","test_habirecipe_book","TestRecipeBook","","","Verify habi recipe can be generated with preference==Dietary restrictions",""
"passed","Sun Sep 13 02:34:37 UTC 2026","Sun Sep 13 02:34:39 UTC 2026","1713","tests.PlayWrightTests.UserFacingPortal.Health","test_tobacco","TestTobaccoSection","","","Verify Time Can Be Edited: Editing history row input saves updated value successfully",""
"skipped","Sun Sep 13 02:14:40 UTC 2026","Sun Sep 13 02:14:40 UTC 2026","1","tests.PlayWrightTests.UserFacingPortal.Habits","test_habits","TestHabitsFeature","","","Test 32: Create flexible 2x habit - displays frequency circle",""
"failed","Sun Sep 13 04:36:30 UTC 2026","Sun Sep 13 04:36:31 UTC 2026","831","tests.PlayWrightTests.UserFacingPortal.Recipes","test_habirecipe_book","TestRecipeBook","","","View re-generated Habi recipe adhering to selected preferences",""
"passed","Sun Sep 13 02:27:20 UTC 2026","Sun Sep 13 02:27:29 UTC 2026","9620","tests.PlayWrightTests.UserFacingPortal.Health","test_exercise","TestExerciseSection","","","Exercise Graph: graph updates to reflect edited Exercise entry",""
"passed","Sun Sep 13 02:20:02 UTC 2026","Sun Sep 13 02:20:14 UTC 2026","11361","tests.PlayWrightTests.UserFacingPortal.Health","test_exercise","TestExerciseSection","","","Other Activity validation: entering a decimal Minutes value (0.1) displays the error message 'Minutes must be greater than or equal to 1'",""
"passed","Sun Sep 13 01:54:23 UTC 2026","Sun Sep 13 01:54:23 UTC 2026","77","tests.PlayWrightTests.UserFacingPortal.Discuss","test_talk_to_my_team","TestTalkToMyTeamDiscussTab","","","Verify that a user can create a post with subject and description text in the Discuss tab",""
"passed","Sun Sep 13 02:39:45 UTC 2026","Sun Sep 13 02:39:51 UTC 2026","6099","tests.PlayWrightTests.UserFacingPortal.HomePage","test_breathe_and_unwind","TestSettingsDefaultState","","","Settings: all 4 Technique Guide cards show the correct copy",""
"passed","Sun Sep 13 04:35:55 UTC 2026","Sun Sep 13 04:35:55 UTC 2026","2","tests.PlayWrightTests.UserFacingPortal.Recipes","test_habirecipe_book","TestRecipeBook","","","View calories displayed in view page == calories displayed in list page",""
"passed","Sun Sep 13 04:26:20 UTC 2026","Sun Sep 13 04:26:20 UTC 2026","79","tests.PlayWrightTests.UserFacingPortal.Login","test_login_page","TestNeedHelpPage","","","Submitting with subject only shows email required error",""
"passed","Sun Sep 13 04:25:28 UTC 2026","Sun Sep 13 04:25:28 UTC 2026","3","tests.PlayWrightTests.UserFacingPortal.Login","test_login_page","TestLoginPage","","","Email input has placeholder text Enter your registered email",""
"passed","Sun Sep 13 03:41:36 UTC 2026","Sun Sep 13 03:42:23 UTC 2026","47026","tests.PlayWrightTests.UserFacingPortal.HomePage","test_ripples","TestRipplesDefaultState","","","Ripples: all 9 scenes are available in the scene picker",""
"passed","Sun Sep 13 04:24:23 UTC 2026","Sun Sep 13 04:24:33 UTC 2026","9433","tests.PlayWrightTests.UserFacingPortal.HomePage","test_weight_widget","TestWeightWidget","","","Weight widget: clicking the card opens the Weight section of the Health page",""
"passed","Sun Sep 13 03:09:21 UTC 2026","Sun Sep 13 03:09:28 UTC 2026","6601","tests.PlayWrightTests.UserFacingPortal.HomePage","test_food","TestFoodCalculationConsistency","","","Food calculation: header Consumed equals the sum of all meal totals","Checks the header Consumed calorie value equals the sum of the Breakfast/Lunch/Dinner/Snacks calorie totals."
"passed","Sun Sep 13 02:30:25 UTC 2026","Sun Sep 13 02:30:28 UTC 2026","2681","tests.PlayWrightTests.UserFacingPortal.Health","test_hba1c","TestHbA1cSection","","","Verify HbA1c Entries are Sorted by Date & Time",""
"passed","Sun Sep 13 04:02:25 UTC 2026","Sun Sep 13 04:02:33 UTC 2026","8226","tests.PlayWrightTests.UserFacingPortal.HomePage","test_streak","TestStreakWidgetHealth","","","Streak Widget Health Segment: logging blood pressure increments Current Streak by one",""
"passed","Sun Sep 13 02:18:32 UTC 2026","Sun Sep 13 02:18:42 UTC 2026","9748","tests.PlayWrightTests.UserFacingPortal.Health","test_exercise","TestExerciseSection","","","Exercise Logging: adding yesterday's exercise entry (100 steps) does not overwrite or remove today's existing log entry",""
"passed","Sun Sep 13 04:02:42 UTC 2026","Sun Sep 13 04:02:53 UTC 2026","10759","tests.PlayWrightTests.UserFacingPortal.HomePage","test_streak","TestStreakWidgetHealth","","","Streak Widget Health Segment: logging blood sugar with Before Meal reading time increments Current Streak by one",""
"passed","Sun Sep 13 02:52:24 UTC 2026","Sun Sep 13 02:52:29 UTC 2026","4928","tests.PlayWrightTests.UserFacingPortal.HomePage","test_food","TestFoodPageDailyMacros","","","Food page: daily Carbs macro label is visible","Checks the day-level Carbs macro label is visible in the nutrient summary."
"passed","Sun Sep 13 04:26:49 UTC 2026","Sun Sep 13 04:26:51 UTC 2026","1784","tests.PlayWrightTests.UserFacingPortal.Profile","test_profile","TestProfile","","","Basic Information edit: updating both First Name and Last Name to 'Ethelyn Kemmer' persists and the combined display name is rendered in the profile header",""
"passed","Sun Sep 13 04:47:53 UTC 2026","Sun Sep 13 04:48:07 UTC 2026","13406","tests.PlayWrightTests.UserFacingPortal","test_eula_banner","TestEulaDisenrollFlow","","","Clicking Back on the Thank You popup returns the user to the original EULA modal","Clicks Back on the Thank You popup and verifies the user returns to the EULA modal."
"passed","Sun Sep 13 04:26:20 UTC 2026","Sun Sep 13 04:26:20 UTC 2026","8","tests.PlayWrightTests.UserFacingPortal.Login","test_login_page","TestNeedHelpPage","","","Submit button is visible on the Need Help page",""
"passed","Sun Sep 13 04:26:26 UTC 2026","Sun Sep 13 04:26:26 UTC 2026","7","tests.PlayWrightTests.UserFacingPortal.Login","test_login_page","TestNeedHelpPageSpanish","","","Email label is visible in Spanish on the Need Help page",""
"passed","Sun Sep 13 04:29:15 UTC 2026","Sun Sep 13 04:29:15 UTC 2026","64","tests.PlayWrightTests.UserFacingPortal.Profile","test_profile","TestProfile","","","Change Password validation: entering only the Current Password and submitting displays the min-length error on New Password and 'is required' on Confirm Password",""
"passed","Sun Sep 13 04:34:16 UTC 2026","Sun Sep 13 04:34:25 UTC 2026","8173","tests.PlayWrightTests.UserFacingPortal.Recipes","test_chef_curated","TestChefCurated","","","Chef Curated: Add and remove favorite in Chef Curated page and validate the favorite icon state changes accordingly",""
"passed","Sun Sep 13 02:55:18 UTC 2026","Sun Sep 13 02:55:27 UTC 2026","9021","tests.PlayWrightTests.UserFacingPortal.HomePage","test_food","TestFoodSearchResults","","","Food search: Snacks search for an exact food name returns results","Checks searching Snacks foods for 'apple' returns at least one matching result."
"passed","Sun Sep 13 02:14:59 UTC 2026","Sun Sep 13 02:14:59 UTC 2026","147","tests.PlayWrightTests.UserFacingPortal.Health","test_blood_pressure","TestBloodPressureSection","","","Verify validation error blocks saving systolic target values exceeding 250",""
"passed","Sun Sep 13 04:26:26 UTC 2026","Sun Sep 13 04:26:26 UTC 2026","7","tests.PlayWrightTests.UserFacingPortal.Login","test_login_page","TestNeedHelpPageSpanish","","","Add file button is visible in Spanish on the Need Help page",""
"passed","Sun Sep 13 03:33:45 UTC 2026","Sun Sep 13 03:33:59 UTC 2026","13632","tests.PlayWrightTests.UserFacingPortal.HomePage","test_mindful_minutes","TestMindfulMinutesActivityTypes","","","Activity type: logging Other with a description increases today's total","Selects Other as the activity type, types a description, saves it, and checks today's total updates correctly."
"passed","Sun Sep 13 02:45:49 UTC 2026","Sun Sep 13 02:46:01 UTC 2026","12163","tests.PlayWrightTests.UserFacingPortal.HomePage","test_breathe_and_unwind","TestPerTechniqueResetAcrossPhases","","","Reset: Box Breathing resets to READY during phase 2 (Hold)",""
"passed","Sun Sep 13 02:00:31 UTC 2026","Sun Sep 13 02:00:31 UTC 2026","164","tests.PlayWrightTests.UserFacingPortal.Discuss","test_talk_to_my_team","TestTalkToMyTeamMyPostsTab","","","Verify that submitting an empty comment on a post shows a required field validation error in the My Posts tab",""
"passed","Sun Sep 13 04:19:49 UTC 2026","Sun Sep 13 04:19:58 UTC 2026","9927","tests.PlayWrightTests.UserFacingPortal.HomePage","test_water_widget","TestWaterLogCustom","","","Water log page: the Custom amount popup logs exactly the value you type",""
"passed","Sun Sep 13 02:38:36 UTC 2026","Sun Sep 13 02:38:52 UTC 2026","15575","tests.PlayWrightTests.UserFacingPortal.HomePage","test_breathe_and_unwind","TestMutePersistence","","","Mute persistence: muted state survives navigating away and back to Breathe & Unwind",""
"passed","Sun Sep 13 03:34:54 UTC 2026","Sun Sep 13 03:35:00 UTC 2026","6712","tests.PlayWrightTests.UserFacingPortal.HomePage","test_mood_logging","TestMoodCheckinDashboardWidget","","","Daily Check-In: clicking Mood History navigates to the Mood History page",""
"passed","Sun Sep 13 03:16:40 UTC 2026","Sun Sep 13 03:16:54 UTC 2026","14275","tests.PlayWrightTests.UserFacingPortal.HomePage","test_food","TestFoodCrossCutting","","","Food cross-cutting: reloading the page preserves the kcal status text","Checks a full page reload shows the same 'kcal left'/'kcal over' status as before reloading."
"passed","Sun Sep 13 03:17:49 UTC 2026","Sun Sep 13 03:18:15 UTC 2026","25300","tests.PlayWrightTests.UserFacingPortal.HomePage","test_food","TestFoodCrossCutting","","","Food cross-cutting: cancelling a Breakfast add then logging Lunch leaves both correct","Checks abandoning an in-progress Breakfast add and then successfully logging a Lunch item leaves Breakfast unchanged and Lunch increased."
"passed","Sun Sep 13 03:06:35 UTC 2026","Sun Sep 13 03:06:43 UTC 2026","8578","tests.PlayWrightTests.UserFacingPortal.HomePage","test_food","TestFoodDeleteItem","","","Food delete: Breakfast delete icon shows a confirmation dialog","Checks clicking the delete icon on a Breakfast item shows a 'delete this meal' confirmation dialog."
"passed","Sun Sep 13 04:25:29 UTC 2026","Sun Sep 13 04:25:29 UTC 2026","62","tests.PlayWrightTests.UserFacingPortal.Login","test_login_page","TestLoginPage","","","Submitting the form with a valid email and empty password shows password required error",""
"passed","Sun Sep 13 04:26:21 UTC 2026","Sun Sep 13 04:26:21 UTC 2026","380","tests.PlayWrightTests.UserFacingPortal.Login","test_login_page","TestNeedHelpPage","","","Submitting with email and category only shows subject required error",""
"passed","Sun Sep 13 02:52:01 UTC 2026","Sun Sep 13 02:52:07 UTC 2026","6207","tests.PlayWrightTests.UserFacingPortal.HomePage","test_food","TestFoodPageOverview","","","Food page: Logs section header is visible","Checks the Logs section header is visible on the Food page."
"passed","Sun Sep 13 02:19:30 UTC 2026","Sun Sep 13 02:19:39 UTC 2026","8933","tests.PlayWrightTests.UserFacingPortal.Health","test_exercise","TestExerciseSection","","","Other Activity Validation: verifying an error message ('Minutes cannot be blank') is displayed when trying to save a blank minutes entry",""
"passed","Sun Sep 13 04:26:28 UTC 2026","Sun Sep 13 04:26:29 UTC 2026","411","tests.PlayWrightTests.UserFacingPortal.Login","test_login_page","TestNeedHelpPageSpanish","","","Submitting with email, category and subject shows message required error in Spanish",""
"passed","Sun Sep 13 03:29:49 UTC 2026","Sun Sep 13 03:29:56 UTC 2026","7032","tests.PlayWrightTests.UserFacingPortal.HomePage","test_mindful_minutes","TestMindfulMinutesModal","","","Add Mindful Minutes modal: default activity type is Meditation","Opens the Add Mindful Minutes popup and checks Meditation is already selected as the activity type by default."
"passed","Sun Sep 13 03:29:26 UTC 2026","Sun Sep 13 03:29:33 UTC 2026","6708","tests.PlayWrightTests.UserFacingPortal.HomePage","test_mindful_minutes","TestMindfulMinutesCard","","","Mindful Minutes card: tag, title, and description text are correct","Opens the Mindfulness page and checks the Mindful Minutes card shows the right tag, title, and description text."
"passed","Sun Sep 13 04:09:04 UTC 2026","Sun Sep 13 04:09:04 UTC 2026","146","tests.PlayWrightTests.UserFacingPortal.HomePage","test_talktomycoach","TestDashboardChat","","","TC26 – Verify the message input box displays the placeholder text 'Send a message to coach'",""
"passed","Sun Sep 13 04:26:14 UTC 2026","Sun Sep 13 04:26:14 UTC 2026","67","tests.PlayWrightTests.UserFacingPortal.Login","test_login_page","TestLoginPageSpanish","","","Submitting an invalid email format shows the invalid email error in Spanish",""
"passed","Sun Sep 13 04:23:24 UTC 2026","Sun Sep 13 04:23:35 UTC 2026","11364","tests.PlayWrightTests.UserFacingPortal.HomePage","test_weight_widget","TestWeightWidget","","","Weight widget: when current weight exactly matches the goal weight, the card shows 'You reached your goal'",""
"passed","Sun Sep 13 02:18:42 UTC 2026","Sun Sep 13 02:18:51 UTC 2026","9780","tests.PlayWrightTests.UserFacingPortal.Health","test_exercise","TestExerciseSection","","","Exercise History: verifying both today's and yesterday's exercise entries are displayed sequentially in the history details log",""
"passed","Sun Sep 13 04:27:34 UTC 2026","Sun Sep 13 04:27:36 UTC 2026","1384","tests.PlayWrightTests.UserFacingPortal.Profile","test_profile","TestProfile","","","Contact Details edit: entering a valid 9-digit Zip Code in XXXXX-XXXX format ('12345-9999') and saving persists the value and renders it in the read-only view",""
"passed","Sun Sep 13 04:46:16 UTC 2026","Sun Sep 13 04:46:30 UTC 2026","13903","tests.PlayWrightTests.UserFacingPortal","test_eula_banner","TestEulaBanner","","","EULA modal's language switcher defaults to English (EN)","Confirms the language switcher shows 'EN' by default for a fresh, unconfirmed EULA view."
"passed","Sun Sep 13 03:30:03 UTC 2026","Sun Sep 13 03:30:10 UTC 2026","6933","tests.PlayWrightTests.UserFacingPortal.HomePage","test_mindful_minutes","TestMindfulMinutesModal","","","Add Mindful Minutes modal: Cancel closes the modal without logging","Picks a duration, then clicks Cancel, and checks the popup closes and today's total stays the same (nothing gets logged)."
"passed","Sun Sep 13 03:22:28 UTC 2026","Sun Sep 13 03:22:40 UTC 2026","11360","tests.PlayWrightTests.UserFacingPortal.HomePage","test_food","TestFoodCrossCutting","","","Food cross-cutting: switching View Logs tabs away and back preserves the item count","Checks switching from Breakfast to Lunch and back to Breakfast on View Logs shows the same logged item count as originally."
"passed","Sun Sep 13 03:01:18 UTC 2026","Sun Sep 13 03:01:42 UTC 2026","23732","tests.PlayWrightTests.UserFacingPortal.HomePage","test_food","TestFoodLogging","","","Food logging: multiple Lunch items accumulate in the Lunch total","Checks logging two Lunch items in succession strictly increases the Lunch total each time."
"passed","Sun Sep 13 03:12:25 UTC 2026","Sun Sep 13 03:12:35 UTC 2026","10023","tests.PlayWrightTests.UserFacingPortal.HomePage","test_food","TestFoodDateNavigation","","","Food date nav: clicking Previous changes the Consumed value","Checks navigating to the previous day shows a different Consumed calorie value, confirming data is date-specific."
"passed","Sun Sep 13 04:26:20 UTC 2026","Sun Sep 13 04:26:21 UTC 2026","390","tests.PlayWrightTests.UserFacingPortal.Login","test_login_page","TestNeedHelpPage","","","Submitting with an invalid email format shows invalid email error",""
"passed","Sun Sep 13 02:29:41 UTC 2026","Sun Sep 13 02:29:46 UTC 2026","5098","tests.PlayWrightTests.UserFacingPortal.Health","test_hba1c","TestHbA1cSection","","","Verify inline editing of HbA1c logs in the history table list",""
"passed","Sun Sep 13 01:52:32 UTC 2026","Sun Sep 13 01:53:02 UTC 2026","30619","tests.PlayWrightTests.UserFacingPortal.Discuss","test_discussion_pinned_posts","TestDiscussionPinnedPosts","","","Verify that clicking a pinned entry opens a detail modal with the full post content","Clicks a pinned entry and confirms the resulting modal shows the post's subject and description."
"passed","Sun Sep 13 03:14:18 UTC 2026","Sun Sep 13 03:15:13 UTC 2026","55277","tests.PlayWrightTests.UserFacingPortal.HomePage","test_food","TestFoodDateNavigation","","","Food date nav: a distant past date shows a much lower Consumed value than today","Checks a date 30 days back shows a Consumed value far below today's heavily-logged total, confirming per-date data isolation."
"passed","Sun Sep 13 04:23:35 UTC 2026","Sun Sep 13 04:24:01 UTC 2026","25858","tests.PlayWrightTests.UserFacingPortal.HomePage","test_weight_widget","TestWeightWidget","","","Weight widget: starting weight shown updates to match the earliest weight entry ever logged",""
"passed","Sun Sep 13 02:14:24 UTC 2026","Sun Sep 13 02:14:26 UTC 2026","1349","tests.PlayWrightTests.UserFacingPortal.Habits","test_habits","TestHabitsFeature","","","Test 18: Cancel edit - changes not saved",""
"passed","Sun Sep 13 03:58:21 UTC 2026","Sun Sep 13 03:58:31 UTC 2026","9793","tests.PlayWrightTests.UserFacingPortal.HomePage","test_streak","TestStreakWidgetGeneral","","","Streak Widget General Rule: a single qualifying action sets Current Streak to one",""
"passed","Sun Sep 13 04:29:35 UTC 2026","Sun Sep 13 04:29:37 UTC 2026","2055","tests.PlayWrightTests.UserFacingPortal.Profile","test_profile","TestProfile","","","Notification Preferences: selecting 'Notification Preferences' from the profile dropdown opens the page with the 'Notification Preferences' header and the 'Habit Tracker' notification group",""
"passed","Sun Sep 13 02:12:25 UTC 2026","Sun Sep 13 02:12:28 UTC 2026","3060","tests.PlayWrightTests.UserFacingPortal.Discuss","test_talk_to_my_team","TestTalkToMyTeamDisplayNames","","","Verify that a member's post displays their own preferred name","Confirms a member's post shows a non-empty display name distinct from a Coach's display name convention."
"passed","Sun Sep 13 04:26:26 UTC 2026","Sun Sep 13 04:26:26 UTC 2026","7","tests.PlayWrightTests.UserFacingPortal.Login","test_login_page","TestNeedHelpPageSpanish","","","Message label is visible in Spanish on the Need Help page",""
"failed","Sun Sep 13 03:09:33 UTC 2026","Sun Sep 13 03:09:41 UTC 2026","7138","tests.PlayWrightTests.UserFacingPortal.HomePage","test_food","TestFoodCalculationConsistency","","","Food calculation: daily Carbs total equals the sum of per-meal Carbs values","Checks the day-level Carbs consumed value equals the sum of the four meals' Carbs grams."
"passed","Sun Sep 13 02:46:38 UTC 2026","Sun Sep 13 02:46:47 UTC 2026","8658","tests.PlayWrightTests.UserFacingPortal.HomePage","test_breathe_and_unwind","TestPerTechniqueResetAcrossPhases","","","Reset: 4-7-8 Technique resets to READY during phase 1 (Inhale)",""
"passed","Sun Sep 13 02:57:28 UTC 2026","Sun Sep 13 02:57:37 UTC 2026","9677","tests.PlayWrightTests.UserFacingPortal.HomePage","test_food","TestFoodQuantityAdjustment","","","Food quantity: Dinner increment button increases the quantity","Checks clicking the increment (+) button raises the Dinner item's quantity above the default of 1."
"passed","Sun Sep 13 02:34:29 UTC 2026","Sun Sep 13 02:34:31 UTC 2026","2181","tests.PlayWrightTests.UserFacingPortal.Health","test_tobacco","TestTobaccoSection","","","Verify Health Home Graph Update: Adding new tobacco entry immediately updates widget current value to 5",""
"passed","Sun Sep 13 03:32:11 UTC 2026","Sun Sep 13 03:32:25 UTC 2026","13458","tests.PlayWrightTests.UserFacingPortal.HomePage","test_mindful_minutes","TestMindfulMinutesCustomDuration","","","Custom duration: logging a custom value increases this week's total by that exact amount","Types a custom number of minutes, saves it, and checks this week's total goes up by that exact number of minutes."
"passed","Sun Sep 13 02:44:46 UTC 2026","Sun Sep 13 02:44:56 UTC 2026","10294","tests.PlayWrightTests.UserFacingPortal.HomePage","test_breathe_and_unwind","TestPerTechniqueAudioFeedbackSettings","","","Session settings: Ambient Sound, Transition Bell, and Guide Voice work live during Box Breathing",""
"passed","Sun Sep 13 02:54:58 UTC 2026","Sun Sep 13 02:55:07 UTC 2026","9013","tests.PlayWrightTests.UserFacingPortal.HomePage","test_food","TestFoodSearchResults","","","Food search: Dinner search for a partial food name returns results","Checks searching Dinner foods for the partial term 'appl' returns at least one matching result."
"passed","Sun Sep 13 04:29:26 UTC 2026","Sun Sep 13 04:29:30 UTC 2026","3343","tests.PlayWrightTests.UserFacingPortal.Profile","test_profile","TestProfile","","","Language Preferences: switching the application language to Spanish translates the profile dropdown UI and 'Contact Us' is rendered as '¿Necesitas ayuda?'",""
"passed","Sun Sep 13 02:15:01 UTC 2026","Sun Sep 13 02:15:01 UTC 2026","129","tests.PlayWrightTests.UserFacingPortal.Health","test_blood_pressure","TestBloodPressureSection","","","Verify target edit error when entering negative systolic value",""
"passed","Sun Sep 13 03:06:43 UTC 2026","Sun Sep 13 03:06:57 UTC 2026","13351","tests.PlayWrightTests.UserFacingPortal.HomePage","test_food","TestFoodDeleteItem","","","Food delete: choosing No on Breakfast keeps the item","Checks clicking No on the Breakfast delete confirmation leaves the item count unchanged."
"passed","Sun Sep 13 04:26:22 UTC 2026","Sun Sep 13 04:26:23 UTC 2026","369","tests.PlayWrightTests.UserFacingPortal.Login","test_login_page","TestNeedHelpPage","","","Submitting with email, category and message shows subject required error",""
"passed","Sun Sep 13 02:58:55 UTC 2026","Sun Sep 13 02:59:04 UTC 2026","9129","tests.PlayWrightTests.UserFacingPortal.HomePage","test_food","TestFoodServingUnitChange","","","Food serving unit: changing Dinner serving unit updates the calorie preview","Checks switching the Dinner item's serving unit recalculates the displayed calorie value."
"passed","Sun Sep 13 04:14:46 UTC 2026","Sun Sep 13 04:14:57 UTC 2026","11189","tests.PlayWrightTests.UserFacingPortal.HomePage","test_water_widget","TestWaterWidgetDashboard","","","Water widget: the amount logged so far shown on the card matches the account's real data",""
"passed","Sun Sep 13 04:09:55 UTC 2026","Sun Sep 13 04:10:35 UTC 2026","39960","tests.PlayWrightTests.UserFacingPortal.HomePage","test_talktomycoach","TestDashboardChat","","","TC36 – Verify the coach chat auto-scrolls to show the coach's latest message",""
"passed","Sun Sep 13 02:29:39 UTC 2026","Sun Sep 13 02:29:39 UTC 2026","497","tests.PlayWrightTests.UserFacingPortal.Health","test_hba1c","TestHbA1cSection","","","Verify last added data formatting in details page",""
"passed","Sun Sep 13 02:52:29 UTC 2026","Sun Sep 13 02:52:35 UTC 2026","6468","tests.PlayWrightTests.UserFacingPortal.HomePage","test_food","TestFoodPageDailyMacros","","","Food page: daily Fat macro label is visible","Checks the day-level Fat macro label is visible in the nutrient summary."
"passed","Sun Sep 13 02:29:40 UTC 2026","Sun Sep 13 02:29:40 UTC 2026","532","tests.PlayWrightTests.UserFacingPortal.Health","test_hba1c","TestHbA1cSection","","","Verify vital validation error when entering HbA1c value less than 4",""
"passed","Sun Sep 13 02:23:45 UTC 2026","Sun Sep 13 02:24:04 UTC 2026","19341","tests.PlayWrightTests.UserFacingPortal.Health","test_exercise","TestExerciseSection","","","Exercise Dashboard: daily total recalculates correctly after deleting one exercise entry",""
"passed","Sun Sep 13 02:05:59 UTC 2026","Sun Sep 13 02:06:19 UTC 2026","20391","tests.PlayWrightTests.UserFacingPortal.Discuss","test_talk_to_my_team","TestTalkToMyTeamAttachments","","","Verify that an uploaded file's Download button downloads the file","Posts a file attachment then clicks its Download button, confirming a real download is triggered with the original filename."
"passed","Sun Sep 13 04:35:02 UTC 2026","Sun Sep 13 04:35:02 UTC 2026","135","tests.PlayWrightTests.UserFacingPortal.Recipes","test_habirecipe_book","TestRecipeBook","","","As a user When I click on the LOCAL_FOOD_PREFERENCES_BUTTON  preference, it should take to LOCAL_FOOD_PREFERENCES_BUTTON preference page",""
"passed","Sun Sep 13 04:09:01 UTC 2026","Sun Sep 13 04:09:01 UTC 2026","214","tests.PlayWrightTests.UserFacingPortal.HomePage","test_talktomycoach","TestDashboardChat","","","TC23 – Verify that clicking outside the coach chat modal on the weekly meals section does not close the modal and it remains fully visible and intact",""
"passed","Sun Sep 13 04:35:02 UTC 2026","Sun Sep 13 04:35:10 UTC 2026","8128","tests.PlayWrightTests.UserFacingPortal.Recipes","test_habirecipe_book","TestRecipeBook","","","As a user When I click on the ADD_INGREDIENTS_BUTTON  preference, it should take to ADD INGREDIENTS page",""
"passed","Sun Sep 13 02:57:37 UTC 2026","Sun Sep 13 02:57:46 UTC 2026","9081","tests.PlayWrightTests.UserFacingPortal.HomePage","test_food","TestFoodQuantityAdjustment","","","Food quantity: Dinner decrement button decreases the quantity","Checks clicking the decrement (-) button lowers the Dinner item's quantity below the default of 1."
"passed","Sun Sep 13 03:28:06 UTC 2026","Sun Sep 13 03:28:10 UTC 2026","4016","tests.PlayWrightTests.UserFacingPortal.HomePage","test_home_greetings","TestHomeGreetings","","","Home Greeting: greeting at 23:00 should be Good evening",""
"passed","Sun Sep 13 02:54:31 UTC 2026","Sun Sep 13 02:54:38 UTC 2026","7520","tests.PlayWrightTests.UserFacingPortal.HomePage","test_food","TestFoodSearchResults","","","Food search: Lunch search for a partial food name returns results","Checks searching Lunch foods for the partial term 'appl' returns at least one matching result."
"passed","Sun Sep 13 04:18:42 UTC 2026","Sun Sep 13 04:18:55 UTC 2026","13357","tests.PlayWrightTests.UserFacingPortal.HomePage","test_water_widget","TestWaterLogPresets","","","Water log page: tapping the 237 ml preset button logs exactly 237 ml",""
"passed","Sun Sep 13 03:25:22 UTC 2026","Sun Sep 13 03:25:30 UTC 2026","8083","tests.PlayWrightTests.UserFacingPortal.HomePage","test_home_general","TestHomeGeneralExercise","","","Exercise panel: Exercise card title and history button are both visible","On the Health page, checks the Exercise card title and its history (view past entries) button are both visible."
"passed","Sun Sep 13 04:26:13 UTC 2026","Sun Sep 13 04:26:13 UTC 2026","14","tests.PlayWrightTests.UserFacingPortal.Login","test_login_page","TestLoginPageSpanish","","","Password input field is editable",""
"passed","Sun Sep 13 02:43:01 UTC 2026","Sun Sep 13 02:43:11 UTC 2026","9793","tests.PlayWrightTests.UserFacingPortal.HomePage","test_breathe_and_unwind","TestPerTechniqueSoundToggleDuringSession","","","Session sound: muting/unmuting during a Box Breathing session stops/restores audio together",""
"passed","Sun Sep 13 04:09:09 UTC 2026","Sun Sep 13 04:09:19 UTC 2026","9747","tests.PlayWrightTests.UserFacingPortal.HomePage","test_talktomycoach","TestDashboardChat","","","TC33 – Verify that multiple messages sent in sequence display in chronological order",""
"passed","Sun Sep 13 02:14:58 UTC 2026","Sun Sep 13 02:14:59 UTC 2026","939","tests.PlayWrightTests.UserFacingPortal.Health","test_blood_pressure","TestBloodPressureSection","","","Verify that the target setup dialog can be closed via the Cancel button, returning the card to its default action state",""
"passed","Sun Sep 13 03:12:35 UTC 2026","Sun Sep 13 03:12:42 UTC 2026","7237","tests.PlayWrightTests.UserFacingPortal.HomePage","test_food","TestFoodDateNavigation","","","Food date nav: Next button is disabled while viewing Today","Checks the Next date button is disabled when the currently displayed date is Today."
"passed","Sun Sep 13 04:26:53 UTC 2026","Sun Sep 13 04:26:53 UTC 2026","148","tests.PlayWrightTests.UserFacingPortal.Profile","test_profile","TestProfile","","","Basic Information validation: clearing the Sex (gender) selection and attempting to save displays the inline error 'Sex is required'",""
"failed","Sun Sep 13 04:17:02 UTC 2026","Sun Sep 13 04:17:20 UTC 2026","18126","tests.PlayWrightTests.UserFacingPortal.HomePage","test_water_widget","TestWaterWidgetSetTargets","","","Water widget: saving a target entered in milliliters stores that exact value",""
"passed","Sun Sep 13 02:18:51 UTC 2026","Sun Sep 13 02:19:01 UTC 2026","9865","tests.PlayWrightTests.UserFacingPortal.Health","test_exercise","TestExerciseSection","","","Exercise Validation: verifying an error message ('Steps cannot be blank') is displayed when trying to save a blank steps entry",""
"passed","Sun Sep 13 04:10:54 UTC 2026","Sun Sep 13 04:11:07 UTC 2026","12662","tests.PlayWrightTests.UserFacingPortal.HomePage","test_talktomycoach","TestDashboardChat","","","TC38 – Verify the 'No messages yet' text is shown when a coach chat has no message history",""
"passed","Sun Sep 13 04:31:40 UTC 2026","Sun Sep 13 04:31:45 UTC 2026","5029","tests.PlayWrightTests.UserFacingPortal.Recipes","test_MyRecipes","TestMyRecipes","","","verify large instructions set and can scroll within textarea",""
"passed","Sun Sep 13 03:07:54 UTC 2026","Sun Sep 13 03:08:05 UTC 2026","11456","tests.PlayWrightTests.UserFacingPortal.HomePage","test_food","TestFoodDeleteItem","","","Food delete: Snacks delete icon shows a confirmation dialog","Checks clicking the delete icon on a Snacks item shows a 'delete this meal' confirmation dialog."
"passed","Sun Sep 13 02:45:29 UTC 2026","Sun Sep 13 02:45:41 UTC 2026","12062","tests.PlayWrightTests.UserFacingPortal.HomePage","test_breathe_and_unwind","TestPerTechniqueResetAcrossPhases","","","Reset: Equal Breathing resets to READY during phase 2 (Exhale)",""
"passed","Sun Sep 13 02:31:41 UTC 2026","Sun Sep 13 02:31:42 UTC 2026","715","tests.PlayWrightTests.UserFacingPortal.Health","test_tobacco","TestTobaccoSection","","","Verify user can successfully set and save a valid target value of 5",""
"passed","Sun Sep 13 04:25:29 UTC 2026","Sun Sep 13 04:25:29 UTC 2026","47","tests.PlayWrightTests.UserFacingPortal.Login","test_login_page","TestLoginPage","","","Clicking Need Help button navigates to the feedback page",""
"passed","Sun Sep 13 02:30:28 UTC 2026","Sun Sep 13 02:30:31 UTC 2026","2629","tests.PlayWrightTests.UserFacingPortal.Health","test_hba1c","TestHbA1cSection","","","Verify Future Date Restriction",""
"passed","Sun Sep 13 04:01:13 UTC 2026","Sun Sep 13 04:01:23 UTC 2026","10371","tests.PlayWrightTests.UserFacingPortal.HomePage","test_streak","TestStreakWidgetGeneral","","","Streak Widget Weekly Window Rule: backdating into closed week does not change Current or Best streak",""
"passed","Sun Sep 13 04:08:59 UTC 2026","Sun Sep 13 04:09:00 UTC 2026","1199","tests.PlayWrightTests.UserFacingPortal.HomePage","test_talktomycoach","TestDashboardChat","","","TC21A – Verify that sending a very long paragraph message causes the chat area to scroll but does not break the modal UI layout",""
"passed","Sun Sep 13 04:25:30 UTC 2026","Sun Sep 13 04:25:32 UTC 2026","2359","tests.PlayWrightTests.UserFacingPortal.Login","test_login_page","TestLoginPage","","","Entering a valid email with an incorrect password shows wrong credentials error",""
"passed","Sun Sep 13 04:00:54 UTC 2026","Sun Sep 13 04:01:13 UTC 2026","18500","tests.PlayWrightTests.UserFacingPortal.HomePage","test_streak","TestStreakWidgetGeneral","","","Streak Widget Weekly Window Rule: backfilling a one-day open-week gap restores the maximum continuity available for the run day",""
"broken","Sun Sep 13 01:48:54 UTC 2026","Sun Sep 13 01:49:48 UTC 2026","54515","tests.PlayWrightTests.UserFacingPortal.Chatbot","test_chatbot_forLoggingWeights","TestChatbotLogWeight","","","Verify user can use habi chatbot to log Weight in lbs, given prompt==log my weight==68lbs measured today, and says 'YES' to confirmation message",""
"passed","Sun Sep 13 02:14:59 UTC 2026","Sun Sep 13 02:14:59 UTC 2026","148","tests.PlayWrightTests.UserFacingPortal.Health","test_blood_pressure","TestBloodPressureSection","","","Verify validation error blocks saving diastolic target values exceeding 200",""
"passed","Sun Sep 13 04:34:49 UTC 2026","Sun Sep 13 04:34:49 UTC 2026","94","tests.PlayWrightTests.UserFacingPortal.Recipes","test_habirecipe_book","TestRecipeBook","","","As a user When I click on the Food Allergies button, it should be seen ticked and button should be seen enabled","Test the Food Allergies page"
"passed","Sun Sep 13 02:59:31 UTC 2026","Sun Sep 13 02:59:45 UTC 2026","13642","tests.PlayWrightTests.UserFacingPortal.HomePage","test_food","TestFoodCancelWithoutLogging","","","Food cancel: leaving the Lunch add flow without confirming does not log anything","Checks selecting a Lunch food but navigating away before confirming leaves the Lunch total unchanged."
"passed","Sun Sep 13 04:08:06 UTC 2026","Sun Sep 13 04:08:33 UTC 2026","27027","tests.PlayWrightTests.UserFacingPortal.HomePage","test_talktomycoach","TestDashboardChat","","","TC20 – Verify that the chat modal maintains smooth scrolling performance when a large number of messages are present in the conversation",""
"passed","Sun Sep 13 03:14:04 UTC 2026","Sun Sep 13 03:14:18 UTC 2026","14197","tests.PlayWrightTests.UserFacingPortal.HomePage","test_food","TestFoodDateNavigation","","","Food date nav: View Logs page also supports Previous/Next date navigation","Checks the food log page's date navigator title changes when clicking Previous."
"passed","Sun Sep 13 02:16:44 UTC 2026","Sun Sep 13 02:16:47 UTC 2026","3166","tests.PlayWrightTests.UserFacingPortal.Health","test_blood_sugar","TestBloodSugarSection","","","Verify that adding another historical Before Meal blood sugar entry correctly updates the current widget value",""
"passed","Sun Sep 13 02:30:49 UTC 2026","Sun Sep 13 02:30:51 UTC 2026","2099","tests.PlayWrightTests.UserFacingPortal.Health","test_hba1c","TestHbA1cSection","","","Verify Edit Date and Time of HbA1c Entry",""
"broken","Sun Sep 13 04:44:00 UTC 2026","Sun Sep 13 04:44:30 UTC 2026","30002","tests.PlayWrightTests.UserFacingPortal","test_ProgressInsights","TestUserProgressInsights","","","test_validate_shareNegativeFeedback[chromium]",""
"passed","Sun Sep 13 02:36:26 UTC 2026","Sun Sep 13 02:36:27 UTC 2026","1065","tests.PlayWrightTests.UserFacingPortal.HomePage","test_Set_Targets","Test_Set_Targets","","","Fiber Reset to Default Yes action","Verify clicking Yes resets fiber target to default value"
"passed","Sun Sep 13 02:14:59 UTC 2026","Sun Sep 13 02:15:00 UTC 2026","944","tests.PlayWrightTests.UserFacingPortal.Health","test_blood_pressure","TestBloodPressureSection","","","Verify successful configuration and display of valid targets (Systolic: 15, Diastolic: 5)",""
"passed","Sun Sep 13 02:31:01 UTC 2026","Sun Sep 13 02:31:03 UTC 2026","2528","tests.PlayWrightTests.UserFacingPortal.Health","test_hba1c","TestHbA1cSection","","","Verify Filter Persists Until Another Filter is Selected",""
"passed","Sun Sep 13 03:11:18 UTC 2026","Sun Sep 13 03:11:44 UTC 2026","25294","tests.PlayWrightTests.UserFacingPortal.HomePage","test_food","TestFoodLoggingAffectsHeaderTotals","","","Food totals: logging to two different meals both accumulate in header Consumed","Checks logging one item to Breakfast and another to Lunch strictly increases header Consumed each time."
"broken","Sun Sep 13 04:39:16 UTC 2026","Sun Sep 13 04:39:46 UTC 2026","30003","tests.PlayWrightTests.UserFacingPortal","test_India_users","TestUserPlaywright","","","test_verify_phone_number[chromium]",""
"passed","Sun Sep 13 03:39:21 UTC 2026","Sun Sep 13 03:39:33 UTC 2026","11867","tests.PlayWrightTests.UserFacingPortal.HomePage","test_mood_logging","TestMoodHistoryYearView","","","Mood History Year view: range label shows the current year",""
"passed","Sun Sep 13 04:25:30 UTC 2026","Sun Sep 13 04:25:30 UTC 2026","73","tests.PlayWrightTests.UserFacingPortal.Login","test_login_page","TestLoginPage","","","Entering an invalid email format with a valid password shows invalid email error",""
"passed","Sun Sep 13 02:04:41 UTC 2026","Sun Sep 13 02:04:49 UTC 2026","8082","tests.PlayWrightTests.UserFacingPortal.Discuss","test_talk_to_my_team","TestTalkToMyTeamPageNavigationAndState","","","Verify that the Discuss tab remains selected after refreshing the page","Reloads the page while the panel is open on the Discuss tab and confirms it is still the active tab afterwards."
"passed","Sun Sep 13 04:33:31 UTC 2026","Sun Sep 13 04:33:35 UTC 2026","4731","tests.PlayWrightTests.UserFacingPortal.Recipes","test_Search_the_web","TestSearchTheWeb","","","Search the Web: Validate full recipe page","p8: Validate full recipe page"
"passed","Sun Sep 13 03:13:01 UTC 2026","Sun Sep 13 03:13:09 UTC 2026","7165","tests.PlayWrightTests.UserFacingPortal.HomePage","test_food","TestFoodDateNavigation","","","Food date nav: Today's date title includes the 'Today' prefix","Checks the date navigator title is prefixed with 'Today' while viewing the current day."
"passed","Sun Sep 13 04:26:13 UTC 2026","Sun Sep 13 04:26:13 UTC 2026","16","tests.PlayWrightTests.UserFacingPortal.Login","test_login_page","TestLoginPageSpanish","","","OR separator is visible between the two sign in options",""
"passed","Sun Sep 13 04:33:45 UTC 2026","Sun Sep 13 04:33:47 UTC 2026","2397","tests.PlayWrightTests.UserFacingPortal.Recipes","test_Search_the_web","TestSearchTheWeb","","","Search the Web: Validate instructions text visibility on full recipe page","p11: Validate instructions text visibility on full recipe page"
"passed","Sun Sep 13 03:34:02 UTC 2026","Sun Sep 13 03:34:20 UTC 2026","17734","tests.PlayWrightTests.UserFacingPortal.HomePage","test_mindful_minutes","TestMindfulMinutesBackdatedLogging","","","Backdated logging: logging minutes for yesterday does not change today's total","Picks yesterday's date in the calendar, logs some minutes for that day, and checks today's total does not change."
"passed","Sun Sep 13 03:10:33 UTC 2026","Sun Sep 13 03:10:48 UTC 2026","15227","tests.PlayWrightTests.UserFacingPortal.HomePage","test_food","TestFoodLoggingAffectsHeaderTotals","","","Food totals: logging an item increases the daily Protein total","Checks logging an item into Lunch increases the day-level Protein consumed value."
"passed","Sun Sep 13 02:13:03 UTC 2026","Sun Sep 13 02:13:04 UTC 2026","1055","tests.PlayWrightTests.UserFacingPortal.Discuss","test_talk_to_my_team","TestTalkToMyTeamDisplayNames","","","Verify that expanding the Coaches sidebar lists coaches with their display name and avatar","Clicks the '+' on the Coaches sidebar section and confirms the expanded list shows a coach entry with a name and avatar."
"passed","Sun Sep 13 03:00:05 UTC 2026","Sun Sep 13 03:00:19 UTC 2026","14151","tests.PlayWrightTests.UserFacingPortal.HomePage","test_food","TestFoodCancelWithoutLogging","","","Food cancel: leaving the Snacks add flow without confirming does not log anything","Checks selecting a Snacks food but navigating away before confirming leaves the Snacks total unchanged."
"passed","Sun Sep 13 02:53:57 UTC 2026","Sun Sep 13 02:54:05 UTC 2026","8474","tests.PlayWrightTests.UserFacingPortal.HomePage","test_food","TestFoodSearchResults","","","Food search: Breakfast search for an exact food name returns results","Checks searching Breakfast foods for 'apple' returns at least one matching result."
"passed","Sun Sep 13 02:04:58 UTC 2026","Sun Sep 13 02:05:09 UTC 2026","11147","tests.PlayWrightTests.UserFacingPortal.Discuss","test_talk_to_my_team","TestTalkToMyTeamPageNavigationAndState","","","Verify that a plain post with subject and description persists after refreshing the page","Creates a post with subject and description, refreshes the page, and confirms the post is still visible afterwards."
"passed","Sun Sep 13 04:26:44 UTC 2026","Sun Sep 13 04:26:47 UTC 2026","2802","tests.PlayWrightTests.UserFacingPortal.Profile","test_profile","TestProfile","","","Profile picture replace: uploading a different valid image (JPG) replaces the existing avatar and the success toast is displayed",""
"failed","Sun Sep 13 03:09:28 UTC 2026","Sun Sep 13 03:09:33 UTC 2026","5470","tests.PlayWrightTests.UserFacingPortal.HomePage","test_food","TestFoodCalculationConsistency","","","Food calculation: daily Protein total equals the sum of per-meal Protein values","Checks the day-level Protein consumed value equals the sum of the four meals' Protein grams."
"passed","Sun Sep 13 01:49:48 UTC 2026","Sun Sep 13 01:49:55 UTC 2026","6956","tests.PlayWrightTests.UserFacingPortal.Discuss","test_discussionReactions","TestUserDiscussionReactions","","","Given I logged into web app as a user, when I do not have any discussions, then I should see an empty discussions page",""
"passed","Sun Sep 13 02:40:54 UTC 2026","Sun Sep 13 02:41:02 UTC 2026","7684","tests.PlayWrightTests.UserFacingPortal.HomePage","test_breathe_and_unwind","TestPerTechniqueSelectionState","","","Technique state: selecting Equal Breathing shows 2 dashes, '-' phase, and 03:00 default",""
"passed","Sun Sep 13 02:18:20 UTC 2026","Sun Sep 13 02:18:32 UTC 2026","11803","tests.PlayWrightTests.UserFacingPortal.Health","test_exercise","TestExerciseSection","","","Exercise Logging: logging today's exercise entry (998 steps) successfully registers the entry and displays it in the history log list",""
"passed","Sun Sep 13 04:05:43 UTC 2026","Sun Sep 13 04:05:49 UTC 2026","5694","tests.PlayWrightTests.UserFacingPortal.HomePage","test_streak","TestStreakWidgetDiscussion","","","Streak Widget Discussion Segment: creating a discussion post through API increments Current Streak by one",""
"passed","Sun Sep 13 04:27:21 UTC 2026","Sun Sep 13 04:27:21 UTC 2026","62","tests.PlayWrightTests.UserFacingPortal.Profile","test_profile","TestProfile","","","Contact Details validation: entering a Contact Number shorter than 10 digits displays the inline error 'Contact number must be at least 10 characters'",""
"passed","Sun Sep 13 02:36:16 UTC 2026","Sun Sep 13 02:36:17 UTC 2026","1143","tests.PlayWrightTests.UserFacingPortal.HomePage","test_Set_Targets","Test_Set_Targets","","","Verify macro inputs are disabled on past dates","Test that macro percentage inputs (Carbs, Protein, Fat) are disabled when viewing past dates"
"passed","Sun Sep 13 03:56:28 UTC 2026","Sun Sep 13 03:57:13 UTC 2026","44998","tests.PlayWrightTests.UserFacingPortal.HomePage","test_ripples","TestRipplesQuitSessionConfirmation","","","Quit session: Cancel dismisses the dialog, stays on the Ripples screen, and keeps audio playing",""
"passed","Sun Sep 13 03:25:10 UTC 2026","Sun Sep 13 03:25:18 UTC 2026","7553","tests.PlayWrightTests.UserFacingPortal.HomePage","test_home_general","TestHomeGeneralHealth","","","Health page: all six health section card headers render","Clicks the Health nav link and checks the Weight, Exercise, Blood Sugar, Blood Pressure, Tobacco Count, and HbA1c card headers all appear."
"passed","Sun Sep 13 02:25:42 UTC 2026","Sun Sep 13 02:25:50 UTC 2026","8173","tests.PlayWrightTests.UserFacingPortal.Health","test_exercise","TestExerciseSection","","","Exercise Other Activity: editing an 'Other Activity' entry successfully updates the minutes",""
"passed","Sun Sep 13 04:45:00 UTC 2026","Sun Sep 13 04:45:00 UTC 2026","53","tests.PlayWrightTests.UserFacingPortal","test_ProgressInsights","TestUserProgressInsights","","","test_insights_disclaimer_after_insights_generated[chromium]",""
"passed","Sun Sep 13 04:26:20 UTC 2026","Sun Sep 13 04:26:20 UTC 2026","7","tests.PlayWrightTests.UserFacingPortal.Login","test_login_page","TestNeedHelpPage","","","Email input field is visible on the Need Help page",""
"passed","Sun Sep 13 03:48:44 UTC 2026","Sun Sep 13 03:49:46 UTC 2026","62272","tests.PlayWrightTests.UserFacingPortal.HomePage","test_ripples","TestRipplesSceneSwitching","","","Scene switching: selecting clover-daisy updates the selected scene",""
"failed","Sun Sep 13 03:59:12 UTC 2026","Sun Sep 13 03:59:30 UTC 2026","17990","tests.PlayWrightTests.UserFacingPortal.HomePage","test_streak","TestStreakWidgetGeneral","","","Streak Widget General Rule: multiple health actions on the same day count as one Current Streak increment",""
"passed","Sun Sep 13 04:35:01 UTC 2026","Sun Sep 13 04:35:01 UTC 2026","662","tests.PlayWrightTests.UserFacingPortal.Recipes","test_habirecipe_book","TestRecipeBook","","","As a user When I click on the DIET_TYPE_BUTTON  preference, it should take to DIET_TYPE_BUTTON preference page and should be able to see tooltips with expected texts",""
"broken","Sun Sep 13 04:42:59 UTC 2026","Sun Sep 13 04:43:29 UTC 2026","30001","tests.PlayWrightTests.UserFacingPortal","test_ProgressInsights","TestUserProgressInsights","","","test_validate_shareEmptyFeedbacks[chromium]",""
"passed","Sun Sep 13 04:33:55 UTC 2026","Sun Sep 13 04:34:04 UTC 2026","8950","tests.PlayWrightTests.UserFacingPortal.Recipes","test_chef_curated","TestChefCurated","","","Search the Web: clicking the 'Search the Web' button navigates to the Search the Web page and renders the header 'Explore Recipes'","p1: Navigate to Chef Curated page and validate header"
"passed","Sun Sep 13 02:37:08 UTC 2026","Sun Sep 13 02:37:20 UTC 2026","11278","tests.PlayWrightTests.UserFacingPortal.HomePage","test_breathe_and_unwind","TestMindfulnessDashboardCard","","","Mindfulness landing page: shows the Daily Check-In and Breathe & Unwind sections",""
"passed","Sun Sep 13 02:12:28 UTC 2026","Sun Sep 13 02:13:03 UTC 2026","34903","tests.PlayWrightTests.UserFacingPortal.Discuss","test_talk_to_my_team","TestTalkToMyTeamDisplayNames","","","Verify that a Coach's post displays the Coach's display name","Confirms a post authored by a Coach shows the Coach's configured display name."
"passed","Sun Sep 13 04:29:15 UTC 2026","Sun Sep 13 04:29:15 UTC 2026","153","tests.PlayWrightTests.UserFacingPortal.Profile","test_profile","TestProfile","","","Change Password: selecting 'Change Password' from the profile dropdown navigates to the Change Password section and exposes the 'View Profile Details' link in the dropdown",""
"failed","Sun Sep 13 02:18:06 UTC 2026","Sun Sep 13 02:18:20 UTC 2026","13715","tests.PlayWrightTests.UserFacingPortal.Health","test_exercise","TestExerciseSection","","","Exercise History: verifying the 'No data for last 30 days' message is shown on the dashboard widget when only historical data exists",""
"passed","Sun Sep 13 02:41:28 UTC 2026","Sun Sep 13 02:41:43 UTC 2026","14792","tests.PlayWrightTests.UserFacingPortal.HomePage","test_breathe_and_unwind","TestPerTechniquePlaybackCycle","","","Playback: Equal Breathing cycles through Inhale and Exhale with correct audio",""
"passed","Sun Sep 13 02:34:16 UTC 2026","Sun Sep 13 02:34:20 UTC 2026","3651","tests.PlayWrightTests.UserFacingPortal.Health","test_tobacco","TestTobaccoSection","","","Verify Delete Tobacco Entry: Clicking delete icon and confirming dialog reduces history row count by 1",""
"passed","Sun Sep 13 02:58:21 UTC 2026","Sun Sep 13 02:58:31 UTC 2026","9696","tests.PlayWrightTests.UserFacingPortal.HomePage","test_food","TestFoodQuantityAdjustment","","","Food quantity: Snacks typing a quantity updates the calorie preview","Checks directly typing a new quantity value updates the Snacks item's calorie preview."
"passed","Sun Sep 13 02:29:38 UTC 2026","Sun Sep 13 02:29:39 UTC 2026","716","tests.PlayWrightTests.UserFacingPortal.Health","test_hba1c","TestHbA1cSection","","","Verify adding yesterday's HbA1c reading does not override today's latest reading",""
"passed","Sun Sep 13 03:03:24 UTC 2026","Sun Sep 13 03:03:37 UTC 2026","12859","tests.PlayWrightTests.UserFacingPortal.HomePage","test_food","TestFoodSearchTabs","","","Food search tabs: 'Frequent' tab remains functional when selected","Checks selecting the 'Frequent' food search tab keeps the search input visible and usable."
"passed","Sun Sep 13 04:25:28 UTC 2026","Sun Sep 13 04:25:28 UTC 2026","8","tests.PlayWrightTests.UserFacingPortal.Login","test_login_page","TestLoginPage","","","Sign in with Code button is visible and has the correct label",""
"failed","Sun Sep 13 04:34:04 UTC 2026","Sun Sep 13 04:34:10 UTC 2026","5981","tests.PlayWrightTests.UserFacingPortal.Recipes","test_chef_curated","TestChefCurated","","","Chef Curated: clicking the 'Chef Curated' button navigates to the Chef Curated page and renders the recipe cards","p2: Validate recipe cards are displayed on Chef Curated page"
"skipped","Sun Sep 13 02:14:40 UTC 2026","Sun Sep 13 02:14:40 UTC 2026","0","tests.PlayWrightTests.UserFacingPortal.Habits","test_habits","TestHabitsFeature","","","test_notifications_sms_only[chromium]",""
"passed","Sun Sep 13 03:58:31 UTC 2026","Sun Sep 13 03:58:46 UTC 2026","14588","tests.PlayWrightTests.UserFacingPortal.HomePage","test_streak","TestStreakWidgetGeneral","","","Streak Widget General Rule: two consecutive days create Current Streak of two",""
"passed","Sun Sep 13 02:55:27 UTC 2026","Sun Sep 13 02:55:34 UTC 2026","6302","tests.PlayWrightTests.UserFacingPortal.HomePage","test_food","TestFoodSearchResults","","","Food search: Snacks search for a partial food name returns results","Checks searching Snacks foods for the partial term 'appl' returns at least one matching result."
"passed","Sun Sep 13 04:37:00 UTC 2026","Sun Sep 13 04:37:07 UTC 2026","6374","tests.PlayWrightTests.UserFacingPortal.Recipes","test_habirecipe_book","TestRecipeBook","","","Verify generated recipe can be deleted from delete option available from 3-dot menu",""
"passed","Sun Sep 13 02:45:20 UTC 2026","Sun Sep 13 02:45:29 UTC 2026","8735","tests.PlayWrightTests.UserFacingPortal.HomePage","test_breathe_and_unwind","TestPerTechniqueResetAcrossPhases","","","Reset: Equal Breathing resets to READY during phase 1 (Inhale)",""
"passed","Sun Sep 13 02:36:39 UTC 2026","Sun Sep 13 02:36:49 UTC 2026","10005","tests.PlayWrightTests.UserFacingPortal.HomePage","test_breathe_and_unwind","TestMindfulnessDashboardCard","","","Mindfulness card: Begin button is visible with correct label",""
"passed","Sun Sep 13 03:24:16 UTC 2026","Sun Sep 13 03:24:22 UTC 2026","5108","tests.PlayWrightTests.UserFacingPortal.HomePage","test_home_general","TestHomeGeneralHeader","","","Header: opening the notification panel shows Mark All As Read and at least one notification","Clicks the bell icon and checks the notification panel opens with a Mark All As Read action and at least one notification item."
"passed","Sun Sep 13 02:37:38 UTC 2026","Sun Sep 13 02:37:44 UTC 2026","6274","tests.PlayWrightTests.UserFacingPortal.HomePage","test_breathe_and_unwind","TestBreatheUnwindDefaultState","","","Breathe & Unwind: default technique is Equal Breathing",""
"passed","Sun Sep 13 04:26:26 UTC 2026","Sun Sep 13 04:26:26 UTC 2026","8","tests.PlayWrightTests.UserFacingPortal.Login","test_login_page","TestNeedHelpPageSpanish","","","Message input field is visible in Spanish",""
"passed","Sun Sep 13 02:47:20 UTC 2026","Sun Sep 13 02:47:28 UTC 2026","8298","tests.PlayWrightTests.UserFacingPortal.HomePage","test_breathe_and_unwind","TestPerTechniqueResetAcrossPhases","","","Reset: Coherent Breathing resets to READY during phase 1 (Inhale)",""
"passed","Sun Sep 13 02:24:04 UTC 2026","Sun Sep 13 02:24:23 UTC 2026","18694","tests.PlayWrightTests.UserFacingPortal.Health","test_exercise","TestExerciseSection","","","Exercise Dashboard: daily total updates correctly after editing an existing exercise entry",""
"failed","Sun Sep 13 02:14:17 UTC 2026","Sun Sep 13 02:14:24 UTC 2026","6950","tests.PlayWrightTests.UserFacingPortal.Habits","test_habits","TestHabitsFeature","","","Test 17: Edit habit and save changes",""
"broken","Sun Sep 13 04:25:41 UTC 2026","Sun Sep 13 04:26:11 UTC 2026","30322","tests.PlayWrightTests.UserFacingPortal.Login","test_login_page","TestLoginPage","","","Signing in with a code emailed via 'Sign in with Code' successfully logs in and reaches the dashboard",""
"passed","Sun Sep 13 03:41:01 UTC 2026","Sun Sep 13 03:41:17 UTC 2026","16450","tests.PlayWrightTests.UserFacingPortal.HomePage","test_ripples","TestRipplesDefaultState","","","Ripples: default scene is water-mosaic",""
"passed","Sun Sep 13 01:55:20 UTC 2026","Sun Sep 13 01:55:34 UTC 2026","14428","tests.PlayWrightTests.UserFacingPortal.Discuss","test_talk_to_my_team","TestTalkToMyTeamDiscussTab","","","Verify that a user can report and block a post as spam and that the blocked content indicator is displayed in the Discuss tab",""
"passed","Sun Sep 13 03:22:40 UTC 2026","Sun Sep 13 03:23:09 UTC 2026","29292","tests.PlayWrightTests.UserFacingPortal.HomePage","test_food","TestFoodCrossCutting","","","Food cross-cutting: editing an item's quantity to its current value leaves the total unchanged","Checks confirming an edit with the same quantity value the item already had leaves the meal's calorie total unchanged."
"passed","Sun Sep 13 04:29:15 UTC 2026","Sun Sep 13 04:29:15 UTC 2026","79","tests.PlayWrightTests.UserFacingPortal.Profile","test_profile","TestProfile","","","Change Password validation: submitting the form without entering any data displays 'is required' for Current Password, the min-length error for New Password, and 'is required' for Confirm Password",""
"passed","Sun Sep 13 02:05:22 UTC 2026","Sun Sep 13 02:05:27 UTC 2026","5050","tests.PlayWrightTests.UserFacingPortal.Discuss","test_talk_to_my_team","TestTalkToMyTeamAttachments","","","Verify that posting an attachment with neither subject nor description shows a required field validation error","Uploads a valid file without filling subject or description and confirms the required-field error appears when Post is clicked."
"passed","Sun Sep 13 02:07:44 UTC 2026","Sun Sep 13 02:08:23 UTC 2026","38458","tests.PlayWrightTests.UserFacingPortal.Discuss","test_talk_to_my_team","TestTalkToMyTeamThreeDotsAndBlocking","","","Verify that the three-dots menu on another member's post shows Block Content and Block User","Confirms the three-dots menu on a post authored by another member shows Block Content and Block User, and does not show Edit."
"passed","Sun Sep 13 04:25:36 UTC 2026","Sun Sep 13 04:25:41 UTC 2026","4660","tests.PlayWrightTests.UserFacingPortal.Login","test_login_page","TestLoginPage","","","Logging in with valid credentials navigates to the dashboard and signing out returns to the login page",""
"passed","Sun Sep 13 04:22:08 UTC 2026","Sun Sep 13 04:22:41 UTC 2026","32500","tests.PlayWrightTests.UserFacingPortal.HomePage","test_water_widget","TestWaterUnitPersistence","","","Water widget: the unit preference (oz/ml) stays the same when moving between the dashboard and the Water page",""
"passed","Sun Sep 13 04:15:07 UTC 2026","Sun Sep 13 04:15:20 UTC 2026","13000","tests.PlayWrightTests.UserFacingPortal.HomePage","test_water_widget","TestWaterWidgetDashboard","","","Water widget: the progress bar fills to match the amount logged so far",""
"passed","Sun Sep 13 02:05:27 UTC 2026","Sun Sep 13 02:05:32 UTC 2026","5023","tests.PlayWrightTests.UserFacingPortal.Discuss","test_talk_to_my_team","TestTalkToMyTeamAttachments","","","Verify that uploading an unsupported file type shows an inline validation error","Selects a .csv file, outside the accepted file types, and confirms an inline 'Please upload a valid file' error appears next to the filename."
"passed","Sun Sep 13 02:28:24 UTC 2026","Sun Sep 13 02:28:33 UTC 2026","8897","tests.PlayWrightTests.UserFacingPortal.Health","test_exercise","TestExerciseSection","","","Exercise Input: clicking spinner down arrow decrements the value by 1",""
"passed","Sun Sep 13 02:36:31 UTC 2026","Sun Sep 13 02:36:39 UTC 2026","8338","tests.PlayWrightTests.UserFacingPortal.HomePage","test_breathe_and_unwind","TestMindfulnessDashboardCard","","","Mindfulness card: header, tag, title, and description text are correct",""
"passed","Sun Sep 13 04:16:35 UTC 2026","Sun Sep 13 04:16:49 UTC 2026","13346","tests.PlayWrightTests.UserFacingPortal.HomePage","test_water_widget","TestWaterWidgetSetTargets","","","Water widget: Set Targets popup shows the correct ml value when you switch the unit back to milliliters",""
"passed","Sun Sep 13 02:45:41 UTC 2026","Sun Sep 13 02:45:49 UTC 2026","8246","tests.PlayWrightTests.UserFacingPortal.HomePage","test_breathe_and_unwind","TestPerTechniqueResetAcrossPhases","","","Reset: Box Breathing resets to READY during phase 1 (Inhale)",""
"passed","Sun Sep 13 02:35:44 UTC 2026","Sun Sep 13 02:35:44 UTC 2026","47","tests.PlayWrightTests.UserFacingPortal.HomePage","test_Set_Targets","Test_Set_Targets","","","Validate gram recalculations after reset","Verify that gram values are recalculated correctly after clicking Reset to Default"
"passed","Sun Sep 13 03:31:56 UTC 2026","Sun Sep 13 03:32:11 UTC 2026","14660","tests.PlayWrightTests.UserFacingPortal.HomePage","test_mindful_minutes","TestMindfulMinutesCustomDuration","","","Custom duration: logging a custom value increases today's total by that exact amount","Types a custom number of minutes, saves it, and checks today's total goes up by that exact number of minutes."
"passed","Sun Sep 13 03:40:48 UTC 2026","Sun Sep 13 03:41:01 UTC 2026","12564","tests.PlayWrightTests.UserFacingPortal.HomePage","test_ripples","TestRipplesDefaultState","","","Ripples: Back button is visible",""
"passed","Sun Sep 13 04:27:46 UTC 2026","Sun Sep 13 04:27:47 UTC 2026","1439","tests.PlayWrightTests.UserFacingPortal.Profile","test_profile","TestProfile","","","Health Parameters edit: entering '0' in the Hips (inches) field and saving persists the literal value and renders '0inches' in the read-only view",""
"passed","Sun Sep 13 04:26:53 UTC 2026","Sun Sep 13 04:26:55 UTC 2026","1622","tests.PlayWrightTests.UserFacingPortal.Profile","test_profile","TestProfile","","","Basic Information edit: selecting Sex as 'Male' and saving persists the value and renders 'Male' in the read-only Basic Information view",""
"passed","Sun Sep 13 03:39:50 UTC 2026","Sun Sep 13 03:40:23 UTC 2026","32475","tests.PlayWrightTests.UserFacingPortal.HomePage","test_mood_logging","TestMoodHistoryWeekView","","","Mood History Week view: total check-ins is a positive number and today's mood shows on the calendar",""
"passed","Sun Sep 13 02:53:31 UTC 2026","Sun Sep 13 02:53:39 UTC 2026","7674","tests.PlayWrightTests.UserFacingPortal.HomePage","test_food","TestFoodAddNavigation","","","Food search: Add Lunch opens the Lunch search page","Checks clicking Add Lunch navigates to the Lunch food search page with a visible search input."
"passed","Sun Sep 13 02:22:14 UTC 2026","Sun Sep 13 02:22:22 UTC 2026","8550","tests.PlayWrightTests.UserFacingPortal.Health","test_exercise","TestExerciseSection","","","Exercise Target Validation: verifying an error message ('Minutes must be less than or equal to 1440') is displayed when entering value greater than 1440 during edit",""
"passed","Sun Sep 13 03:09:54 UTC 2026","Sun Sep 13 03:10:00 UTC 2026","6180","tests.PlayWrightTests.UserFacingPortal.HomePage","test_food","TestFoodCalculationConsistency","","","Food calculation: Carbs pill text matches consumed-vs-goal math","Checks the Carbs 'left'/'over' pill value matches the arithmetic difference between consumed and goal."
"passed","Sun Sep 13 04:41:28 UTC 2026","Sun Sep 13 04:41:28 UTC 2026","69","tests.PlayWrightTests.UserFacingPortal","test_ProgressInsights","TestUserProgressInsights","","","test_insights_disclaimer[chromium]",""
"passed","Sun Sep 13 02:13:38 UTC 2026","Sun Sep 13 02:13:51 UTC 2026","13279","tests.PlayWrightTests.UserFacingPortal.Habits","test_habits","TestHabitsFeature","","","Frequency page appears with Fixed and Flexible options",""
"passed","Sun Sep 13 03:27:48 UTC 2026","Sun Sep 13 03:27:57 UTC 2026","8559","tests.PlayWrightTests.UserFacingPortal.HomePage","test_home_greetings","TestHomeGreetings","","","Home Greeting: week number should match API cohort start date logic",""
"broken","Sun Sep 13 02:34:31 UTC 2026","Sun Sep 13 02:34:36 UTC 2026","5519","tests.PlayWrightTests.UserFacingPortal.Health","test_tobacco","TestTobaccoSection","","","Verify Graph Data Tooltip: Hovering on graph data point displays tooltip with recorded value and date",""
"passed","Sun Sep 13 04:29:40 UTC 2026","Sun Sep 13 04:29:50 UTC 2026","9881","tests.PlayWrightTests.UserFacingPortal.Recipes","test_MyRecipes","TestMyRecipes","","","Given user click on Recipe",""
"passed","Sun Sep 13 01:58:32 UTC 2026","Sun Sep 13 01:58:52 UTC 2026","19153","tests.PlayWrightTests.UserFacingPortal.Discuss","test_talk_to_my_team","TestTalkToMyTeamMyPostsTab","","","Verify that uploading documents with subject only (no description) shows a required field validation error in the My Posts tab",""
"passed","Sun Sep 13 03:08:43 UTC 2026","Sun Sep 13 03:09:14 UTC 2026","31187","tests.PlayWrightTests.UserFacingPortal.HomePage","test_food","TestFoodDeleteItem","","","Food delete: deleting a Snacks item decreases the Snacks total","Checks confirming a Snacks item deletion decreases the Snacks calorie total."
"passed","Sun Sep 13 04:26:22 UTC 2026","Sun Sep 13 04:26:22 UTC 2026","325","tests.PlayWrightTests.UserFacingPortal.Login","test_login_page","TestNeedHelpPage","","","Submitting with email and message only shows subject required error",""
"passed","Sun Sep 13 04:34:10 UTC 2026","Sun Sep 13 04:34:16 UTC 2026","6152","tests.PlayWrightTests.UserFacingPortal.Recipes","test_chef_curated","TestChefCurated","","","Chef Curated: Log Recipe via action menu and validate recipe name and calories are displayed in the log list","p3: Log recipe via action menu and validate recipe name and calories in log list"
"skipped","Sun Sep 13 02:14:40 UTC 2026","Sun Sep 13 02:14:40 UTC 2026","0","tests.PlayWrightTests.UserFacingPortal.Habits","test_habits","TestHabitsFeature","","","Test 31: Back button returns to habits list",""
"passed","Sun Sep 13 03:31:48 UTC 2026","Sun Sep 13 03:31:56 UTC 2026","8077","tests.PlayWrightTests.UserFacingPortal.HomePage","test_mindful_minutes","TestMindfulMinutesCustomDuration","","","Custom duration: Save is enabled once a valid custom value is entered","Selects Custom duration and types a valid number of minutes, and checks the Save button becomes enabled."
"broken","Sun Sep 13 04:40:47 UTC 2026","Sun Sep 13 04:41:17 UTC 2026","30001","tests.PlayWrightTests.UserFacingPortal","test_India_users","TestUserPlaywright","","","test_verify_state_zipcode_profile[chromium]",""
"passed","Sun Sep 13 03:12:19 UTC 2026","Sun Sep 13 03:12:25 UTC 2026","5858","tests.PlayWrightTests.UserFacingPortal.HomePage","test_food","TestFoodDateNavigation","","","Food date nav: clicking Previous changes the displayed date title","Checks clicking the Previous date button changes the date navigator's title text."
"passed","Sun Sep 13 02:14:29 UTC 2026","Sun Sep 13 02:14:35 UTC 2026","6212","tests.PlayWrightTests.UserFacingPortal.Habits","test_habits","TestHabitsFeature","","","Test 28: Archive habit removes from active list",""
"passed","Sun Sep 13 02:57:46 UTC 2026","Sun Sep 13 02:57:59 UTC 2026","12108","tests.PlayWrightTests.UserFacingPortal.HomePage","test_food","TestFoodQuantityAdjustment","","","Food quantity: Dinner typing a quantity updates the calorie preview","Checks directly typing a new quantity value updates the Dinner item's calorie preview."
"passed","Sun Sep 13 04:34:25 UTC 2026","Sun Sep 13 04:34:25 UTC 2026","481","tests.PlayWrightTests.UserFacingPortal.Recipes","test_chef_curated","TestChefCurated","","","Chef Curated: Load more recipes and validate additional recipes are displayed",""
"passed","Sun Sep 13 03:36:20 UTC 2026","Sun Sep 13 03:36:38 UTC 2026","18711","tests.PlayWrightTests.UserFacingPortal.HomePage","test_mood_logging","TestMoodLogging","","","Mood logging: logging Sad shows on today's calendar cell",""
"passed","Sun Sep 13 02:09:37 UTC 2026","Sun Sep 13 02:10:19 UTC 2026","42198","tests.PlayWrightTests.UserFacingPortal.Discuss","test_talk_to_my_team","TestTalkToMyTeamThreeDotsAndBlocking","","","Verify that blocking a comment's content via 'Report this Comment' removes only that comment","Blocks a specific comment as spam and confirms only that comment disappears, while the post and other comments remain intact."
"passed","Sun Sep 13 04:25:13 UTC 2026","Sun Sep 13 04:25:24 UTC 2026","11931","tests.PlayWrightTests.UserFacingPortal.HomePage","test_weight_widget","TestWeightWidget","","","Weight widget: a flagged weight entry added from the coach portal does not reflect in the widget's current value",""
"passed","Sun Sep 13 04:21:29 UTC 2026","Sun Sep 13 04:21:47 UTC 2026","17809","tests.PlayWrightTests.UserFacingPortal.HomePage","test_water_widget","TestWaterLogDelete","","","Water log page: deleting a logged entry removes it from the history list",""
"passed","Sun Sep 13 02:27:29 UTC 2026","Sun Sep 13 02:27:39 UTC 2026","10085","tests.PlayWrightTests.UserFacingPortal.Health","test_exercise","TestExerciseSection","","","Exercise Graph: graph removes data point after deleting an Exercise entry",""
"passed","Sun Sep 13 03:33:38 UTC 2026","Sun Sep 13 03:33:45 UTC 2026","7181","tests.PlayWrightTests.UserFacingPortal.HomePage","test_mindful_minutes","TestMindfulMinutesActivityTypes","","","Activity type: selecting Other requires a description before Save is enabled","Selects Other as the activity type with no description typed in, and checks Save stays disabled until a description is entered."
"passed","Sun Sep 13 02:25:22 UTC 2026","Sun Sep 13 02:25:31 UTC 2026","9170","tests.PlayWrightTests.UserFacingPortal.Health","test_exercise","TestExerciseSection","","","Exercise Input: verifying that Steps and Minutes fields are type number, support spinner increments/decrements and keyboard navigation",""
"passed","Sun Sep 13 04:35:17 UTC 2026","Sun Sep 13 04:35:17 UTC 2026","2","tests.PlayWrightTests.UserFacingPortal.Recipes","test_habirecipe_book","TestRecipeBook","","","As a user When I fill the search input with a valid ingredient, Verify ingredient card exists",""
"passed","Sun Sep 13 01:58:15 UTC 2026","Sun Sep 13 01:58:16 UTC 2026","1123","tests.PlayWrightTests.UserFacingPortal.Discuss","test_talk_to_my_team","TestTalkToMyTeamMyPostsTab","","","Verify that a user can successfully create a post with description only (no subject) in the My Posts tab",""
"passed","Sun Sep 13 02:21:56 UTC 2026","Sun Sep 13 02:22:05 UTC 2026","9678","tests.PlayWrightTests.UserFacingPortal.Health","test_exercise","TestExerciseSection","","","Exercise Target: verifying that clicking cancel during target edit reverts the input field changes to the previously saved value (7 min)",""
"passed","Sun Sep 13 02:21:44 UTC 2026","Sun Sep 13 02:21:56 UTC 2026","12053","tests.PlayWrightTests.UserFacingPortal.Health","test_exercise","TestExerciseSection","","","Exercise Target: verifying a user can successfully edit an existing target to a new valid value (7 min)",""
"passed","Sun Sep 13 01:56:43 UTC 2026","Sun Sep 13 01:57:09 UTC 2026","26578","tests.PlayWrightTests.UserFacingPortal.Discuss","test_talk_to_my_team","TestTalkToMyTeamDiscussTab","","","Verify that a user can block another user without providing a reason and that the blocked user indicator appears in the Discuss tab",""
"passed","Sun Sep 13 01:51:51 UTC 2026","Sun Sep 13 01:52:31 UTC 2026","40918","tests.PlayWrightTests.UserFacingPortal.Discuss","test_discussion_pinned_posts","TestDiscussionPinnedPosts","","","Verify that a newly-pinned post appears in the Pinned Posts section","Posts a message, has a Coach pin it, and confirms it appears at the top of the Pinned Posts section."
"passed","Sun Sep 13 04:48:07 UTC 2026","Sun Sep 13 04:48:10 UTC 2026","3030","tests.PlayWrightTests.UserFacingPortal","test_eula_banner","TestEulaDisenrollFlow","","","Logging in with a disenrolled account shows the 'Account is deactivated' error","Logs in with a permanently disenrolled account and verifies the deactivated-account error."
"passed","Sun Sep 13 04:26:20 UTC 2026","Sun Sep 13 04:26:20 UTC 2026","8","tests.PlayWrightTests.UserFacingPortal.Login","test_login_page","TestNeedHelpPage","","","Category dropdown is visible on the Need Help page",""
"passed","Sun Sep 13 02:24:53 UTC 2026","Sun Sep 13 02:25:08 UTC 2026","14998","tests.PlayWrightTests.UserFacingPortal.Health","test_exercise","TestExerciseSection","","","Exercise History: filtering by Week, Month, and Year correctly filters the logged history entries",""
"passed","Sun Sep 13 04:34:26 UTC 2026","Sun Sep 13 04:34:28 UTC 2026","1402","tests.PlayWrightTests.UserFacingPortal.Recipes","test_chef_curated","TestChefCurated","","","Chef Curated: Validated Download PDF button is displayed and functional for each recipe card","p10: Validate Download PDF button functionality for each recipe card"
"passed","Sun Sep 13 02:04:49 UTC 2026","Sun Sep 13 02:04:58 UTC 2026","8530","tests.PlayWrightTests.UserFacingPortal.Discuss","test_talk_to_my_team","TestTalkToMyTeamPageNavigationAndState","","","Verify that the Discuss panel loads without unexpected browser console errors","Reloads the panel while listening for console errors and confirms no unexpected errors are raised, aside from the pre-existing unrelated eula-banner.js MIME-type warning."
"passed","Sun Sep 13 03:01:03 UTC 2026","Sun Sep 13 03:01:18 UTC 2026","14997","tests.PlayWrightTests.UserFacingPortal.HomePage","test_food","TestFoodLogging","","","Food logging: confirming a Lunch item updates the Lunch total","Checks confirming a selected Lunch food increases the Lunch meal's calorie total."
"passed","Sun Sep 13 04:33:35 UTC 2026","Sun Sep 13 04:33:41 UTC 2026","5612","tests.PlayWrightTests.UserFacingPortal.Recipes","test_Search_the_web","TestSearchTheWeb","","","Search the Web: Validate full recipe page with 'No' confirmation","p9: Validate full recipe page with 'No' confirmation"
"passed","Sun Sep 13 02:36:17 UTC 2026","Sun Sep 13 02:36:17 UTC 2026","30","tests.PlayWrightTests.UserFacingPortal.HomePage","test_Set_Targets","Test_Set_Targets","","","Verify data entry is enabled on current date","Test that all input fields are enabled and can accept data on the current date (today)"
"passed","Sun Sep 13 01:45:27 UTC 2026","Sun Sep 13 01:45:56 UTC 2026","28557","tests.PlayWrightTests.UserFacingPortal.Chatbot","test_chatbot_forLoggingExercise","TestChatbotLogsData","","","Verify user logs an exercise through the chatbot with only step count",""
"passed","Sun Sep 13 04:27:52 UTC 2026","Sun Sep 13 04:27:52 UTC 2026","69","tests.PlayWrightTests.UserFacingPortal.Profile","test_profile","TestProfile","","","Devices section: clicking the 'Devices' button on the Profile page reveals the supported integrations and the labels Withings, Garmin, and Fitbit are all rendered",""
"passed","Sun Sep 13 04:27:31 UTC 2026","Sun Sep 13 04:27:31 UTC 2026","149","tests.PlayWrightTests.UserFacingPortal.Profile","test_profile","TestProfile","","","Contact Details validation: clearing the State dropdown selection and submitting displays the inline error 'State is required'",""
"broken","Sun Sep 13 02:33:14 UTC 2026","Sun Sep 13 02:33:45 UTC 2026","30586","tests.PlayWrightTests.UserFacingPortal.Health","test_tobacco","TestTobaccoSection","","","Verify graph view displays filtered data points and tooltip year when 'Last year' filter is selected",""
"passed","Sun Sep 13 03:25:30 UTC 2026","Sun Sep 13 03:25:40 UTC 2026","10214","tests.PlayWrightTests.UserFacingPortal.HomePage","test_home_general","TestHomeGeneralExercise","","","Exercise panel: logging minutes via Other Activity shows the Created exercise toast","Opens the Exercise panel, chooses Other Activity, enters minutes, saves, and checks the Created exercise success message appears."
"passed","Sun Sep 13 04:29:30 UTC 2026","Sun Sep 13 04:29:35 UTC 2026","5412","tests.PlayWrightTests.UserFacingPortal.Profile","test_profile","TestProfile","","","Language Preferences: switching the application language back to English from Spanish restores the original UI translations and 'Contact Us' is rendered in English again",""
"passed","Sun Sep 13 04:33:07 UTC 2026","Sun Sep 13 04:33:14 UTC 2026","6947","tests.PlayWrightTests.UserFacingPortal.Recipes","test_Search_the_web","TestSearchTheWeb","","","Search the Web: search recipe and log the recipe via action menu","p3: Search for a recipe and log the recipe via action menu"
"passed","Sun Sep 13 02:33:59 UTC 2026","Sun Sep 13 02:34:00 UTC 2026","588","tests.PlayWrightTests.UserFacingPortal.Health","test_tobacco","TestTobaccoSection","","","Verify Error When Tobacco Value is 0: Entering 0 prevents saving and keeps tobacco modal open",""
"passed","Sun Sep 13 03:10:17 UTC 2026","Sun Sep 13 03:10:33 UTC 2026","15616","tests.PlayWrightTests.UserFacingPortal.HomePage","test_food","TestFoodLoggingAffectsHeaderTotals","","","Food totals: logging a Breakfast item increases the header Consumed value","Checks logging an item into Breakfast increases the header Consumed calorie value by roughly that item's calories."
"passed","Sun Sep 13 02:14:59 UTC 2026","Sun Sep 13 02:14:59 UTC 2026","132","tests.PlayWrightTests.UserFacingPortal.Health","test_blood_pressure","TestBloodPressureSection","","","Verify validation error 'Diastolic cannot be blank' when attempting to save a negative systolic target without diastolic",""
"passed","Sun Sep 13 04:35:56 UTC 2026","Sun Sep 13 04:36:14 UTC 2026","17849","tests.PlayWrightTests.UserFacingPortal.Recipes","test_habirecipe_book","TestRecipeBook","","","View when user clicks 'Back to Recipes' button while recipe is generating should take to Recipe list page and'Generate New Recipe' button should be in disabled state",""
"passed","Sun Sep 13 04:35:51 UTC 2026","Sun Sep 13 04:35:52 UTC 2026","935","tests.PlayWrightTests.UserFacingPortal.Recipes","test_habirecipe_book","TestRecipeBook","","","Verify 3-dot menu",""
"passed","Sun Sep 13 04:30:05 UTC 2026","Sun Sep 13 04:30:06 UTC 2026","282","tests.PlayWrightTests.UserFacingPortal.Recipes","test_MyRecipes","TestMyRecipes","","","And user is able to validate total calories & Detailed nutrients",""
"passed","Sun Sep 13 03:13:16 UTC 2026","Sun Sep 13 03:13:24 UTC 2026","7842","tests.PlayWrightTests.UserFacingPortal.HomePage","test_food","TestFoodDateNavigation","","","Food date nav: Breakfast section header remains visible on a historical date","Checks the Breakfast meal section header is still visible after navigating to a past date."
"passed","Sun Sep 13 02:30:00 UTC 2026","Sun Sep 13 02:30:01 UTC 2026","1130","tests.PlayWrightTests.UserFacingPortal.Health","test_hba1c","TestHbA1cSection","","","Verify canceling target edit reverts changes to the previous value",""
"passed","Sun Sep 13 04:27:21 UTC 2026","Sun Sep 13 04:27:21 UTC 2026","60","tests.PlayWrightTests.UserFacingPortal.Profile","test_profile","TestProfile","","","Contact Details validation: entering alphabetic characters in the Contact Number field displays the inline error 'Contact number is invalid'",""
"passed","Sun Sep 13 03:38:41 UTC 2026","Sun Sep 13 03:38:53 UTC 2026","11980","tests.PlayWrightTests.UserFacingPortal.HomePage","test_mood_logging","TestMoodHistoryMonthView","","","Mood History Month view: distribution shows a percentage for at least one logged mood",""
"passed","Sun Sep 13 04:09:19 UTC 2026","Sun Sep 13 04:09:22 UTC 2026","3512","tests.PlayWrightTests.UserFacingPortal.HomePage","test_talktomycoach","TestDashboardChat","","","TC34 – Verify that the user's own message bubble is aligned as the sender",""
"passed","Sun Sep 13 04:28:54 UTC 2026","Sun Sep 13 04:29:04 UTC 2026","9858","tests.PlayWrightTests.UserFacingPortal.Profile","test_profile","TestProfile","","","Uploaded documents: clicking the 'View' icon on an uploaded document opens the document viewer and the original row is still present in the documents table",""
"passed","Sun Sep 13 02:16:04 UTC 2026","Sun Sep 13 02:16:12 UTC 2026","7997","tests.PlayWrightTests.UserFacingPortal.Health","test_blood_sugar","TestBloodSugarSection","","","Verify that 'No data recorded yet' and the Add New button are visible after target cleanup",""
"passed","Sun Sep 13 03:22:15 UTC 2026","Sun Sep 13 03:22:28 UTC 2026","12966","tests.PlayWrightTests.UserFacingPortal.HomePage","test_food","TestFoodCrossCutting","","","Food cross-cutting: the Add Breakfast button still works after a reload","Checks clicking Add Breakfast still correctly opens the search page after a full page reload."
"passed","Sun Sep 13 04:26:20 UTC 2026","Sun Sep 13 04:26:20 UTC 2026","7","tests.PlayWrightTests.UserFacingPortal.Login","test_login_page","TestNeedHelpPage","","","Account settings text is correct on the Need Help page",""
"passed","Sun Sep 13 02:39:54 UTC 2026","Sun Sep 13 02:40:03 UTC 2026","8966","tests.PlayWrightTests.UserFacingPortal.HomePage","test_breathe_and_unwind","TestSettingsInteractionsIdle","","","Settings (idle): selecting each Ambient Sound option updates the active selection",""
"passed","Sun Sep 13 02:30:17 UTC 2026","Sun Sep 13 02:30:18 UTC 2026","1500","tests.PlayWrightTests.UserFacingPortal.Health","test_hba1c","TestHbA1cSection","","","Verify Cancel (X) Does Not Save New HbA1c Entry",""
"passed","Sun Sep 13 04:20:27 UTC 2026","Sun Sep 13 04:20:39 UTC 2026","11823","tests.PlayWrightTests.UserFacingPortal.HomePage","test_water_widget","TestWaterLogHistory","","","Water log page: the total shown equals the sum of every entry in the history list",""
"passed","Sun Sep 13 02:55:07 UTC 2026","Sun Sep 13 02:55:18 UTC 2026","11352","tests.PlayWrightTests.UserFacingPortal.HomePage","test_food","TestFoodSearchResults","","","Food search: Dinner search with no matches returns zero results","Checks searching Dinner foods for a nonsense term returns no results."
"passed","Sun Sep 13 02:30:01 UTC 2026","Sun Sep 13 02:30:01 UTC 2026","162","tests.PlayWrightTests.UserFacingPortal.Health","test_hba1c","TestHbA1cSection","","","Verify target edit validation error when entering negative target value",""
"passed","Sun Sep 13 04:15:20 UTC 2026","Sun Sep 13 04:15:34 UTC 2026","14047","tests.PlayWrightTests.UserFacingPortal.HomePage","test_water_widget","TestWaterWidgetDashboard","","","Water widget: the progress bar's full mark matches the daily target",""
"passed","Sun Sep 13 02:15:50 UTC 2026","Sun Sep 13 02:15:50 UTC 2026","245","tests.PlayWrightTests.UserFacingPortal.Health","test_blood_sugar","TestBloodSugarSection","","","Verify that a validation error is displayed when trying to save a negative Low target value",""
"skipped","Sun Sep 13 02:14:29 UTC 2026","Sun Sep 13 02:14:29 UTC 2026","0","tests.PlayWrightTests.UserFacingPortal.Habits","test_habits","TestHabitsFeature","","","Test 23: Single click on green circle marks habit as done",""
"passed","Sun Sep 13 02:54:50 UTC 2026","Sun Sep 13 02:54:58 UTC 2026","7995","tests.PlayWrightTests.UserFacingPortal.HomePage","test_food","TestFoodSearchResults","","","Food search: Dinner search for an exact food name returns results","Checks searching Dinner foods for 'apple' returns at least one matching result."
"passed","Sun Sep 13 02:34:20 UTC 2026","Sun Sep 13 02:34:21 UTC 2026","543","tests.PlayWrightTests.UserFacingPortal.Health","test_tobacco","TestTobaccoSection","","","Verify Number Input Spinner Range: Input attributes enforce minimum 1 (or 0) and maximum 99, blocking invalid values",""
"passed","Sun Sep 13 02:14:09 UTC 2026","Sun Sep 13 02:14:09 UTC 2026","300","tests.PlayWrightTests.UserFacingPortal.Habits","test_habits","TestHabitsFeature","","","Click on newly created habit opens detail page",""
"passed","Sun Sep 13 04:26:28 UTC 2026","Sun Sep 13 04:26:28 UTC 2026","326","tests.PlayWrightTests.UserFacingPortal.Login","test_login_page","TestNeedHelpPageSpanish","","","Submitting with email and message only shows subject required error in Spanish",""
"passed","Sun Sep 13 04:35:10 UTC 2026","Sun Sep 13 04:35:11 UTC 2026","793","tests.PlayWrightTests.UserFacingPortal.Recipes","test_habirecipe_book","TestRecipeBook","","","As a user When I fill the search input with a valid ingredient, I should see a loading state",""
"passed","Sun Sep 13 04:27:34 UTC 2026","Sun Sep 13 04:27:34 UTC 2026","121","tests.PlayWrightTests.UserFacingPortal.Profile","test_profile","TestProfile","","","Contact Details validation: submitting a blank Zip Code displays the inline error 'Zip code is required'",""
"passed","Sun Sep 13 03:32:28 UTC 2026","Sun Sep 13 03:32:42 UTC 2026","14357","tests.PlayWrightTests.UserFacingPortal.HomePage","test_mindful_minutes","TestMindfulMinutesActivityTypes","","","Activity type: logging with Meditation selected increases today's total","Logs minutes with Meditation chosen as the activity type and checks today's total updates correctly."
"passed","Sun Sep 13 04:26:13 UTC 2026","Sun Sep 13 04:26:13 UTC 2026","9","tests.PlayWrightTests.UserFacingPortal.Login","test_login_page","TestLoginPageSpanish","","","Email input field is editable",""
"passed","Sun Sep 13 04:26:20 UTC 2026","Sun Sep 13 04:26:20 UTC 2026","9","tests.PlayWrightTests.UserFacingPortal.Login","test_login_page","TestNeedHelpPage","","","Add file button icon is visible on the Need Help page",""
"passed","Sun Sep 13 02:16:03 UTC 2026","Sun Sep 13 02:16:04 UTC 2026","942","tests.PlayWrightTests.UserFacingPortal.Health","test_blood_sugar","TestBloodSugarSection","","","Verify that editing a target fails with a validation error when entering a value greater than 999",""
"skipped","Sun Sep 13 02:14:40 UTC 2026","Sun Sep 13 02:14:40 UTC 2026","0","tests.PlayWrightTests.UserFacingPortal.Habits","test_habits","TestHabitsFeature","","","Test 35: Create flexible habit with 7x per week",""
"passed","Sun Sep 13 02:35:44 UTC 2026","Sun Sep 13 02:35:44 UTC 2026","89","tests.PlayWrightTests.UserFacingPortal.HomePage","test_Set_Targets","Test_Set_Targets","","","Verify calendar opens and today's date is displayed in bold","Test that clicking the calendar icon opens the date picker and today's date is shown in bold font"
"passed","Sun Sep 13 02:54:24 UTC 2026","Sun Sep 13 02:54:31 UTC 2026","7318","tests.PlayWrightTests.UserFacingPortal.HomePage","test_food","TestFoodSearchResults","","","Food search: Lunch search for an exact food name returns results","Checks searching Lunch foods for 'apple' returns at least one matching result."
"passed","Sun Sep 13 02:31:45 UTC 2026","Sun Sep 13 02:31:55 UTC 2026","10148","tests.PlayWrightTests.UserFacingPortal.Health","test_tobacco","TestTobaccoSection","","","Verify canceling target edit reverts target display back to previously saved value",""
"passed","Sun Sep 13 04:34:49 UTC 2026","Sun Sep 13 04:34:49 UTC 2026","9","tests.PlayWrightTests.UserFacingPortal.Recipes","test_habirecipe_book","TestRecipeBook","","","As a user when I am on the Food Allergies page, and when I click on the Previous button, progress bar should be updated and seen empty filling",""
"passed","Sun Sep 13 02:29:34 UTC 2026","Sun Sep 13 02:29:37 UTC 2026","2999","tests.PlayWrightTests.UserFacingPortal.Health","test_hba1c","TestHbA1cSection","","","Verify logging a historical HbA1c entry for last month updates the current widget",""
"passed","Sun Sep 13 03:23:09 UTC 2026","Sun Sep 13 03:23:59 UTC 2026","50346","tests.PlayWrightTests.UserFacingPortal.HomePage","test_food","TestFoodCrossCutting","","","Food cross-cutting: the Logs header remains visible after repeated navigation","Checks the Logs section header stays visible after navigating to View Logs and back to the Food page multiple times in one session."
"passed","Sun Sep 13 04:26:13 UTC 2026","Sun Sep 13 04:26:13 UTC 2026","2","tests.PlayWrightTests.UserFacingPortal.Login","test_login_page","TestLoginPageSpanish","","","Password input field masks the entered text",""
"passed","Sun Sep 13 02:37:44 UTC 2026","Sun Sep 13 02:37:50 UTC 2026","6143","tests.PlayWrightTests.UserFacingPortal.HomePage","test_breathe_and_unwind","TestBreatheUnwindDefaultState","","","Breathe & Unwind: default center state shows READY",""
"passed","Sun Sep 13 04:13:07 UTC 2026","Sun Sep 13 04:13:26 UTC 2026","18286","tests.PlayWrightTests.UserFacingPortal.HomePage","test_upcoming_events","TestUpcomingEventsWidget","","","Upcoming Events: clicking Join opens the meeting in a new tab",""
"broken","Sun Sep 13 04:38:46 UTC 2026","Sun Sep 13 04:39:16 UTC 2026","30001","tests.PlayWrightTests.UserFacingPortal","test_India_users","TestUserPlaywright","","","test_timezone_validation[chromium]",""
"passed","Sun Sep 13 02:09:02 UTC 2026","Sun Sep 13 02:09:33 UTC 2026","31489","tests.PlayWrightTests.UserFacingPortal.Discuss","test_talk_to_my_team","TestTalkToMyTeamThreeDotsAndBlocking","","","Verify that the three-dots menu on another member's comment shows Block Content and Block User","Confirms that a comment-level three-dots menu on a comment authored by another member shows Block Content and Block User options."
"passed","Sun Sep 13 04:26:13 UTC 2026","Sun Sep 13 04:26:14 UTC 2026","28","tests.PlayWrightTests.UserFacingPortal.Login","test_login_page","TestLoginPageSpanish","","","Privacy policy and terms of use links are visible in Spanish",""
"passed","Sun Sep 13 02:17:26 UTC 2026","Sun Sep 13 02:17:26 UTC 2026","200","tests.PlayWrightTests.UserFacingPortal.Health","test_blood_sugar_notes","TestBloodSugarNotes","","","test_health_tab_and_blood_sugar_heading[chromium]","Navigate to Health tab and verify Blood Sugar section is visible."
"passed","Sun Sep 13 03:13:51 UTC 2026","Sun Sep 13 03:14:04 UTC 2026","12420","tests.PlayWrightTests.UserFacingPortal.HomePage","test_food","TestFoodDateNavigation","","","Food date nav: navigating back three times shows three distinct date titles","Checks each click of Previous produces a genuinely different date, confirming navigation isn't stuck on one day."
"passed","Sun Sep 13 02:26:50 UTC 2026","Sun Sep 13 02:27:01 UTC 2026","10324","tests.PlayWrightTests.UserFacingPortal.Health","test_exercise","TestExerciseSection","","","Exercise Graph: clicking the Close (X) button successfully closes the graph modal",""
"passed","Sun Sep 13 04:11:07 UTC 2026","Sun Sep 13 04:11:21 UTC 2026","14012","tests.PlayWrightTests.UserFacingPortal.HomePage","test_talktomycoach","TestDashboardChat","","","TC39 – Verify the 'No more messages' text is shown when scrolled to the top of the chat history",""
"passed","Sun Sep 13 01:59:42 UTC 2026","Sun Sep 13 02:00:10 UTC 2026","28161","tests.PlayWrightTests.UserFacingPortal.Discuss","test_talk_to_my_team","TestTalkToMyTeamMyPostsTab","","","Verify that uploading more than 5 documents shows a 'Maximum number of files Exceeded' error message in the My Posts tab",""
"passed","Sun Sep 13 02:17:01 UTC 2026","Sun Sep 13 02:17:02 UTC 2026","530","tests.PlayWrightTests.UserFacingPortal.Health","test_blood_sugar","TestBloodSugarSection","","","Verify that a validation error is displayed when trying to save a blank Fasting blood sugar entry",""
"broken","Sun Sep 13 04:48:10 UTC 2026","Sun Sep 13 04:49:04 UTC 2026","53816","tests.PlayWrightTests.UserFacingPortal","test_paywall_india","TestPaywallIndia","","","test_paywall_subscription_days[chromium]",""
"passed","Sun Sep 13 02:15:00 UTC 2026","Sun Sep 13 02:15:00 UTC 2026","105","tests.PlayWrightTests.UserFacingPortal.Health","test_blood_pressure","TestBloodPressureSection","","","Verify successful editing and update of blood pressure targets to new valid values (Systolic: 5, Diastolic: 15)",""
"passed","Sun Sep 13 02:17:00 UTC 2026","Sun Sep 13 02:17:01 UTC 2026","582","tests.PlayWrightTests.UserFacingPortal.Health","test_blood_sugar","TestBloodSugarSection","","","Verify that the details history list displays the correct dates for yesterday's and last month's data",""
"passed","Sun Sep 13 04:34:28 UTC 2026","Sun Sep 13 04:34:48 UTC 2026","20580","tests.PlayWrightTests.UserFacingPortal.Recipes","test_habirecipe_book","TestRecipeBook","","","Verify Recipe Book page loads successfully",""
"passed","Sun Sep 13 02:15:01 UTC 2026","Sun Sep 13 02:15:01 UTC 2026","147","tests.PlayWrightTests.UserFacingPortal.Health","test_blood_pressure","TestBloodPressureSection","","","Verify target edit error when entering systolic greater than 250",""
"passed","Sun Sep 13 04:26:23 UTC 2026","Sun Sep 13 04:26:25 UTC 2026","1144","tests.PlayWrightTests.UserFacingPortal.Login","test_login_page","TestNeedHelpPage","","","Submitting with all fields including a file attachment shows success toaster",""
"passed","Sun Sep 13 02:41:43 UTC 2026","Sun Sep 13 02:42:06 UTC 2026","22246","tests.PlayWrightTests.UserFacingPortal.HomePage","test_breathe_and_unwind","TestPerTechniquePlaybackCycle","","","Playback: Box Breathing cycles through Inhale, Hold, Exhale, Hold with correct audio",""
"passed","Sun Sep 13 01:57:25 UTC 2026","Sun Sep 13 01:57:50 UTC 2026","24740","tests.PlayWrightTests.UserFacingPortal.Discuss","test_talk_to_my_team","TestTalkToMyTeamDiscussTab","","","Verify that a previously blocked user can be unblocked and the blocked user indicator disappears in the Discuss tab",""
"passed","Sun Sep 13 04:27:44 UTC 2026","Sun Sep 13 04:27:46 UTC 2026","1471","tests.PlayWrightTests.UserFacingPortal.Profile","test_profile","TestProfile","","","Health Parameters edit: leaving the Hips (inches) field blank and saving defaults the stored value to '0inches' in the read-only view",""
"passed","Sun Sep 13 04:31:45 UTC 2026","Sun Sep 13 04:31:50 UTC 2026","4947","tests.PlayWrightTests.UserFacingPortal.Recipes","test_MyRecipes","TestMyRecipes","","","verify nutrition facts update after ingredients quantity change",""
"passed","Sun Sep 13 02:40:44 UTC 2026","Sun Sep 13 02:40:51 UTC 2026","7181","tests.PlayWrightTests.UserFacingPortal.HomePage","test_breathe_and_unwind","TestTechniqueDropdown","","","Technique dropdown: all 4 options show the correct ratio and time labels",""
"passed","Sun Sep 13 02:22:06 UTC 2026","Sun Sep 13 02:22:14 UTC 2026","8174","tests.PlayWrightTests.UserFacingPortal.Health","test_exercise","TestExerciseSection","","","Exercise Target Validation: verifying an error message ('Minutes must be greater than or equal to 1') is displayed when entering a negative value during edit",""
"passed","Sun Sep 13 02:35:45 UTC 2026","Sun Sep 13 02:36:16 UTC 2026","31151","tests.PlayWrightTests.UserFacingPortal.HomePage","test_Set_Targets","Test_Set_Targets","","","Navigate backward and verify all sections are disabled","Test clicking backward button and verifying all input sections (calorie + macros) are disabled"
"passed","Sun Sep 13 02:31:55 UTC 2026","Sun Sep 13 02:31:56 UTC 2026","1746","tests.PlayWrightTests.UserFacingPortal.Health","test_tobacco","TestTobaccoSection","","","Verify editing target with a negative value displays validation error and prevents saving",""
"passed","Sun Sep 13 02:29:31 UTC 2026","Sun Sep 13 02:29:34 UTC 2026","2466","tests.PlayWrightTests.UserFacingPortal.Health","test_hba1c","TestHbA1cSection","","","Verify logging a historical HbA1c entry for the past year",""
"passed","Sun Sep 13 02:42:51 UTC 2026","Sun Sep 13 02:43:01 UTC 2026","9795","tests.PlayWrightTests.UserFacingPortal.HomePage","test_breathe_and_unwind","TestPerTechniqueSoundToggleDuringSession","","","Session sound: muting/unmuting during an Equal Breathing session stops/restores audio together",""
"passed","Sun Sep 13 03:24:09 UTC 2026","Sun Sep 13 03:24:13 UTC 2026","4016","tests.PlayWrightTests.UserFacingPortal.HomePage","test_home_general","TestHomeGeneralHeader","","","Header: every main nav link is visible (Home, Food, Health, Habits, Learn/Videos)","Checks the Home, Food, Health, and Habits nav links are visible, plus either Learn or Videos depending on the program."
"passed","Sun Sep 13 04:41:27 UTC 2026","Sun Sep 13 04:41:28 UTC 2026","1013","tests.PlayWrightTests.UserFacingPortal","test_ProgressInsights","TestUserProgressInsights","","","test_validateAnimationEffects_on_insights_button[chromium]",""
"passed","Sun Sep 13 01:56:27 UTC 2026","Sun Sep 13 01:56:43 UTC 2026","15197","tests.PlayWrightTests.UserFacingPortal.Discuss","test_talk_to_my_team","TestTalkToMyTeamDiscussTab","","","Verify that a user can block another user by providing a reason and that the blocked user indicator appears in the Discuss tab",""
"passed","Sun Sep 13 02:21:35 UTC 2026","Sun Sep 13 02:21:44 UTC 2026","8424","tests.PlayWrightTests.UserFacingPortal.Health","test_exercise","TestExerciseSection","","","Exercise Target Validation: verifying an error message ('Minutes cannot be blank') is displayed when clearing the target input during edit",""
"passed","Sun Sep 13 02:36:49 UTC 2026","Sun Sep 13 02:36:58 UTC 2026","8974","tests.PlayWrightTests.UserFacingPortal.HomePage","test_breathe_and_unwind","TestMindfulnessDashboardCard","","","Mindfulness card: clicking Begin navigates to the Mindfulness landing page",""
"passed","Sun Sep 13 02:35:40 UTC 2026","Sun Sep 13 02:35:40 UTC 2026","508","tests.PlayWrightTests.UserFacingPortal.HomePage","test_Set_Targets","Test_Set_Targets","","","Dropdown disables values exceeding 100%",""
"passed","Sun Sep 13 02:30:23 UTC 2026","Sun Sep 13 02:30:25 UTC 2026","2548","tests.PlayWrightTests.UserFacingPortal.Health","test_hba1c","TestHbA1cSection","","","Verify Latest HbA1c Entry is Displayed on Top",""
"passed","Sun Sep 13 02:58:34 UTC 2026","Sun Sep 13 02:58:45 UTC 2026","11000","tests.PlayWrightTests.UserFacingPortal.HomePage","test_food","TestFoodServingUnitChange","","","Food serving unit: changing Breakfast serving unit updates the calorie preview","Checks switching the Breakfast item's serving unit recalculates the displayed calorie value."
"passed","Sun Sep 13 04:36:54 UTC 2026","Sun Sep 13 04:36:55 UTC 2026","1456","tests.PlayWrightTests.UserFacingPortal.Recipes","test_habirecipe_book","TestRecipeBook","","","View favorited recipes are found in Favorites library",""
"passed","Sun Sep 13 03:29:09 UTC 2026","Sun Sep 13 03:29:13 UTC 2026","3501","tests.PlayWrightTests.UserFacingPortal.HomePage","test_home_greetings","TestHomeGreetingsCohortWeekEdgeCases","","","Home Greeting: cohort dpp date past 52 weeks ago hides week info",""
"passed","Sun Sep 13 02:36:17 UTC 2026","Sun Sep 13 02:36:20 UTC 2026","2850","tests.PlayWrightTests.UserFacingPortal.HomePage","test_Set_Targets","Test_Set_Targets","","","Calorie input negative tests","Validate error handling for empty, non-numeric, <1200, and edge values in calorie input"
"passed","Sun Sep 13 03:27:57 UTC 2026","Sun Sep 13 03:27:59 UTC 2026","2065","tests.PlayWrightTests.UserFacingPortal.HomePage","test_home_greetings","TestHomeGreetings","","","Home Greeting: greeting at 08:00 should be Good morning",""
"passed","Sun Sep 13 04:25:28 UTC 2026","Sun Sep 13 04:25:28 UTC 2026","2","tests.PlayWrightTests.UserFacingPortal.Login","test_login_page","TestLoginPage","","","Don't have an account prompt text is displayed below the sign in form",""
"passed","Sun Sep 13 02:29:39 UTC 2026","Sun Sep 13 02:29:40 UTC 2026","531","tests.PlayWrightTests.UserFacingPortal.Health","test_hba1c","TestHbA1cSection","","","Verify vital validation error when clearing HbA1c input field",""
"passed","Sun Sep 13 03:16:54 UTC 2026","Sun Sep 13 03:17:16 UTC 2026","22481","tests.PlayWrightTests.UserFacingPortal.HomePage","test_food","TestFoodCrossCutting","","","Food cross-cutting: the Goal value is unaffected by logging a new item","Checks logging an item changes Consumed but leaves the Goal value unchanged."
"passed","Sun Sep 13 03:40:39 UTC 2026","Sun Sep 13 03:40:45 UTC 2026","6387","tests.PlayWrightTests.UserFacingPortal.HomePage","test_ripples","TestRipplesDashboardCard","","","Ripples card: clicking Start now navigates to the Ripples screen",""
"passed","Sun Sep 13 02:34:39 UTC 2026","Sun Sep 13 02:34:41 UTC 2026","2414","tests.PlayWrightTests.UserFacingPortal.Health","test_tobacco","TestTobaccoSection","","","Verify Latest Entry Appears on Top: Most recently added entry value 15 appears at top of history list",""
"passed","Sun Sep 13 04:35:53 UTC 2026","Sun Sep 13 04:35:54 UTC 2026","1320","tests.PlayWrightTests.UserFacingPortal.Recipes","test_habirecipe_book","TestRecipeBook","","","remove favorite",""
"passed","Sun Sep 13 03:24:51 UTC 2026","Sun Sep 13 03:25:06 UTC 2026","15281","tests.PlayWrightTests.UserFacingPortal.HomePage","test_home_general","TestHomeGeneralFood","","","Food page: a meal added through the API appears without breaking the page layout","Adds a meal for today through the backend API, then opens the Food page and checks the Logs header is still visible."
"passed","Sun Sep 13 04:04:46 UTC 2026","Sun Sep 13 04:05:05 UTC 2026","18414","tests.PlayWrightTests.UserFacingPortal.HomePage","test_streak","TestStreakWidgetFood","","","Streak Widget Food Segment: logging dinner through direct meal APIs increments Current Streak by one",""
"passed","Sun Sep 13 03:58:46 UTC 2026","Sun Sep 13 03:59:01 UTC 2026","15451","tests.PlayWrightTests.UserFacingPortal.HomePage","test_streak","TestStreakWidgetGeneral","","","Streak Widget General Rule: three consecutive days create Current Streak of three",""
"passed","Sun Sep 13 02:15:49 UTC 2026","Sun Sep 13 02:15:50 UTC 2026","154","tests.PlayWrightTests.UserFacingPortal.Health","test_blood_sugar","TestBloodSugarSection","","","Verify that entering target values and clicking the Cancel button does not save the target",""
"passed","Sun Sep 13 04:24:56 UTC 2026","Sun Sep 13 04:25:13 UTC 2026","16299","tests.PlayWrightTests.UserFacingPortal.HomePage","test_weight_widget","TestWeightWidget","","","Weight widget: an unflagged weight entry added from the coach portal reflects in the widget's current value",""
"passed","Sun Sep 13 03:24:37 UTC 2026","Sun Sep 13 03:24:44 UTC 2026","6932","tests.PlayWrightTests.UserFacingPortal.HomePage","test_home_general","TestHomeGeneralFood","","","Food page: all four meal section headers and the three macro labels are visible","Checks Breakfast, Lunch, Dinner, and Snacks section headers are all visible, along with the Carbs, Protein, and Fat macro labels."
"passed","Sun Sep 13 04:33:41 UTC 2026","Sun Sep 13 04:33:45 UTC 2026","3744","tests.PlayWrightTests.UserFacingPortal.Recipes","test_Search_the_web","TestSearchTheWeb","","","Search the Web: search recipe and navigating back to the previous page","p10: Search for a recipe and navigate back"
"passed","Sun Sep 13 02:29:37 UTC 2026","Sun Sep 13 02:29:38 UTC 2026","1486","tests.PlayWrightTests.UserFacingPortal.Health","test_hba1c","TestHbA1cSection","","","Verify adding today's HbA1c entry registers successfully in the history log",""
"passed","Sun Sep 13 04:33:02 UTC 2026","Sun Sep 13 04:33:02 UTC 2026","4","tests.PlayWrightTests.UserFacingPortal.Recipes","test_Search_the_web","TestSearchTheWeb","","","Search the Web: clicking the 'No Recipes Found' image navigates to the appropriate page","p2: Click 'No Recipes Found' image and validate navigation"
"passed","Sun Sep 13 02:27:01 UTC 2026","Sun Sep 13 02:27:20 UTC 2026","18911","tests.PlayWrightTests.UserFacingPortal.Health","test_exercise","TestExerciseSection","","","Exercise Graph: graph updates immediately after adding a new Exercise entry",""
"passed","Sun Sep 13 02:59:45 UTC 2026","Sun Sep 13 03:00:05 UTC 2026","20042","tests.PlayWrightTests.UserFacingPortal.HomePage","test_food","TestFoodCancelWithoutLogging","","","Food cancel: leaving the Dinner add flow without confirming does not log anything","Checks selecting a Dinner food but navigating away before confirming leaves the Dinner total unchanged."
"passed","Sun Sep 13 04:35:55 UTC 2026","Sun Sep 13 04:35:55 UTC 2026","29","tests.PlayWrightTests.UserFacingPortal.Recipes","test_habirecipe_book","TestRecipeBook","","","View generated Habi recipe detail page",""
"passed","Sun Sep 13 01:50:04 UTC 2026","Sun Sep 13 01:50:06 UTC 2026","2045","tests.PlayWrightTests.UserFacingPortal.Discuss","test_discussionReactions","TestUserDiscussionReactions","","","Given there are discussion posts, when I try to react to this post by giving thumbs up, then I should see Like button changing to Blue colour with text==Like",""
"passed","Sun Sep 13 04:11:25 UTC 2026","Sun Sep 13 04:11:34 UTC 2026","8792","tests.PlayWrightTests.UserFacingPortal.HomePage","test_upcoming_events","TestUpcomingEventsEmptyState","","","Upcoming Events: no meetings scheduled shows empty state",""
"passed","Sun Sep 13 04:35:17 UTC 2026","Sun Sep 13 04:35:17 UTC 2026","14","tests.PlayWrightTests.UserFacingPortal.Recipes","test_habirecipe_book","TestRecipeBook","","","As a user When I fill the search input with a valid ingredient, Verify toast message",""
"passed","Sun Sep 13 04:26:47 UTC 2026","Sun Sep 13 04:26:47 UTC 2026","67","tests.PlayWrightTests.UserFacingPortal.Profile","test_profile","TestProfile","","","Basic Information validation: submitting a blank (whitespace-only) First Name displays the inline error 'First name cannot be blank'",""
"passed","Sun Sep 13 02:57:07 UTC 2026","Sun Sep 13 02:57:17 UTC 2026","9947","tests.PlayWrightTests.UserFacingPortal.HomePage","test_food","TestFoodQuantityAdjustment","","","Food quantity: Lunch decrement button decreases the quantity","Checks clicking the decrement (-) button lowers the Lunch item's quantity below the default of 1."
"failed","Sun Sep 13 03:28:44 UTC 2026","Sun Sep 13 03:28:51 UTC 2026","7284","tests.PlayWrightTests.UserFacingPortal.HomePage","test_home_greetings","TestHomeGreetingsCohortWeekEdgeCases","","","Home Greeting: cohort dpp date 3 days ago shows Week 1",""
"passed","Sun Sep 13 04:45:50 UTC 2026","Sun Sep 13 04:46:01 UTC 2026","11617","tests.PlayWrightTests.UserFacingPortal","test_eula_banner","TestEulaBanner","","","EULA banner appears on login for a user who has not yet confirmed the EULA","Resets Confirmed On via admin, logs in, and verifies the EULA iframe loads."
"passed","Sun Sep 13 04:28:18 UTC 2026","Sun Sep 13 04:28:24 UTC 2026","6423","tests.PlayWrightTests.UserFacingPortal.Profile","test_profile","TestProfile","","","Upload cancel: providing a valid file, Name and Type and then clicking 'Cancel' closes the dialog and the documents table row count remains unchanged",""
"passed","Sun Sep 13 02:20:42 UTC 2026","Sun Sep 13 02:20:51 UTC 2026","8788","tests.PlayWrightTests.UserFacingPortal.Health","test_exercise","TestExerciseSection","","","Exercise Target: verifying the set target input field placeholder text is correctly displayed as 'Min'",""
"passed","Sun Sep 13 02:28:33 UTC 2026","Sun Sep 13 02:28:42 UTC 2026","8932","tests.PlayWrightTests.UserFacingPortal.Health","test_exercise","TestExerciseSection","","","Exercise Input: spinner up arrow does not exceed 100000 for Steps maximum value",""
"passed","Sun Sep 13 02:29:40 UTC 2026","Sun Sep 13 02:29:41 UTC 2026","533","tests.PlayWrightTests.UserFacingPortal.Health","test_hba1c","TestHbA1cSection","","","Verify vital validation error when entering HbA1c value greater than 14",""
"failed","Sun Sep 13 03:34:40 UTC 2026","Sun Sep 13 03:34:47 UTC 2026","6709","tests.PlayWrightTests.UserFacingPortal.HomePage","test_mood_logging","TestMoodCheckinDashboardWidget","","","Daily Check-In: all 5 mood options are visible",""
"passed","Sun Sep 13 03:31:34 UTC 2026","Sun Sep 13 03:31:41 UTC 2026","7122","tests.PlayWrightTests.UserFacingPortal.HomePage","test_mindful_minutes","TestMindfulMinutesCustomDuration","","","Custom duration: Save is disabled when the custom minutes field is empty","Selects Custom duration but leaves the minutes box empty, and checks the Save button stays disabled."
"passed","Sun Sep 13 04:41:17 UTC 2026","Sun Sep 13 04:41:27 UTC 2026","9660","tests.PlayWrightTests.UserFacingPortal","test_ProgressInsights","TestUserProgressInsights","","","Given I logged into web app as a user, when I do not have any data added for the said week, then I should see an empty insights page",""
"passed","Sun Sep 13 04:02:02 UTC 2026","Sun Sep 13 04:02:10 UTC 2026","8405","tests.PlayWrightTests.UserFacingPortal.HomePage","test_streak","TestStreakWidgetHealth","","","Streak Widget Health Segment: logging a weight entry through API increments Current Streak by one and does not reduce Best Streak",""
"passed","Sun Sep 13 04:30:02 UTC 2026","Sun Sep 13 04:30:02 UTC 2026","48","tests.PlayWrightTests.UserFacingPortal.Recipes","test_MyRecipes","TestMyRecipes","","","When user is able to enter the fields",""
"passed","Sun Sep 13 02:38:26 UTC 2026","Sun Sep 13 02:38:33 UTC 2026","6384","tests.PlayWrightTests.UserFacingPortal.HomePage","test_breathe_and_unwind","TestSoundToggle","","","Sound toggle: clicking the muted icon again restores background music",""
"passed","Sun Sep 13 02:30:01 UTC 2026","Sun Sep 13 02:30:01 UTC 2026","163","tests.PlayWrightTests.UserFacingPortal.Health","test_hba1c","TestHbA1cSection","","","Verify target edit validation error when entering target greater than 14",""
"passed","Sun Sep 13 02:00:10 UTC 2026","Sun Sep 13 02:00:31 UTC 2026","21180","tests.PlayWrightTests.UserFacingPortal.Discuss","test_talk_to_my_team","TestTalkToMyTeamMyPostsTab","","","Verify that a user can create a post with both an image and a PDF document attached in the My Posts tab",""
"broken","Sun Sep 13 04:13:40 UTC 2026","Sun Sep 13 04:14:00 UTC 2026","20109","tests.PlayWrightTests.UserFacingPortal.HomePage","test_upcoming_events","TestUpcomingEventsWidget","","","Upcoming Events: Full calendar button navigates to the meetings calendar",""
"passed","Sun Sep 13 03:21:45 UTC 2026","Sun Sep 13 03:22:02 UTC 2026","17611","tests.PlayWrightTests.UserFacingPortal.HomePage","test_food","TestFoodCrossCutting","","","Food cross-cutting: the Food page and View Logs page show a consistent Breakfast total","Checks the Breakfast calorie total shown on the Food dashboard matches the sum of individual item calories on the View Logs page."
"passed","Sun Sep 13 04:26:26 UTC 2026","Sun Sep 13 04:26:26 UTC 2026","6","tests.PlayWrightTests.UserFacingPortal.Login","test_login_page","TestNeedHelpPageSpanish","","","Add Files label is visible in Spanish on the Need Help page",""
"passed","Sun Sep 13 02:36:25 UTC 2026","Sun Sep 13 02:36:26 UTC 2026","455","tests.PlayWrightTests.UserFacingPortal.HomePage","test_Set_Targets","Test_Set_Targets","","","Fiber Reset to Default modal content and No action","Verify fiber reset modal content appears and No closes modal without resetting value"
"passed","Sun Sep 13 01:56:08 UTC 2026","Sun Sep 13 01:56:27 UTC 2026","19089","tests.PlayWrightTests.UserFacingPortal.Discuss","test_talk_to_my_team","TestTalkToMyTeamDiscussTab","","","Verify that a user can block a post with category 'Other' without providing a reason in the Discuss tab",""
"broken","Sun Sep 13 03:26:09 UTC 2026","Sun Sep 13 03:26:57 UTC 2026","47343","tests.PlayWrightTests.UserFacingPortal.HomePage","test_home_general","TestHomeGeneralLearn","","","Learn/Videos: whichever variant is active for the program renders its section","Navigates to whichever of Learn or Videos is active for this program and checks a real section loads, not a blank or broken page."
"passed","Sun Sep 13 02:29:56 UTC 2026","Sun Sep 13 02:29:56 UTC 2026","60","tests.PlayWrightTests.UserFacingPortal.Health","test_hba1c","TestHbA1cSection","","","Verify Set Target button is visible when no target is configured",""
"passed","Sun Sep 13 04:26:27 UTC 2026","Sun Sep 13 04:26:27 UTC 2026","80","tests.PlayWrightTests.UserFacingPortal.Login","test_login_page","TestNeedHelpPageSpanish","","","Submitting with message only shows email and subject errors in Spanish",""
"passed","Sun Sep 13 04:27:25 UTC 2026","Sun Sep 13 04:27:26 UTC 2026","1362","tests.PlayWrightTests.UserFacingPortal.Profile","test_profile","TestProfile","","","Contact Details edit: entering a valid Address Line 1 ('5356 Rose Street') and saving persists the value and renders it in the read-only address block",""
"passed","Sun Sep 13 04:25:28 UTC 2026","Sun Sep 13 04:25:28 UTC 2026","25","tests.PlayWrightTests.UserFacingPortal.Login","test_login_page","TestLoginPage","","","Sign in button is visible and has the correct label",""
"passed","Sun Sep 13 02:37:24 UTC 2026","Sun Sep 13 02:37:32 UTC 2026","8051","tests.PlayWrightTests.UserFacingPortal.HomePage","test_breathe_and_unwind","TestBreatheUnwindDefaultState","","","Breathe & Unwind: header and back button are visible",""
"passed","Sun Sep 13 02:31:03 UTC 2026","Sun Sep 13 02:31:03 UTC 2026","199","tests.PlayWrightTests.UserFacingPortal.Health","test_hba1c","TestHbA1cSection","","","Verify Blank Target Cannot Be Saved During Edit",""
"passed","Sun Sep 13 04:10:35 UTC 2026","Sun Sep 13 04:10:54 UTC 2026","19830","tests.PlayWrightTests.UserFacingPortal.HomePage","test_talktomycoach","TestDashboardChat","","","TC37 – Verify the coach chat modal displays Spanish text when the UI language is set to Spanish",""
"failed","Sun Sep 13 04:29:38 UTC 2026","Sun Sep 13 04:29:39 UTC 2026","1067","tests.PlayWrightTests.UserFacingPortal.Profile","test_profile","TestProfile","","","Profile dropdown contents: opening the profile dropdown exposes exactly the expected set of options (View Profile Details, Upload/View Files, Change Password, Notification Preferences, Manage Devices, Language Preferences, Guided Tour, Contact Us, Sign Out) with no missing or unexpected entries",""
"passed","Sun Sep 13 04:33:25 UTC 2026","Sun Sep 13 04:33:31 UTC 2026","5200","tests.PlayWrightTests.UserFacingPortal.Recipes","test_Search_the_web","TestSearchTheWeb","","","Search the Web: calories increment while increasing serving size and decrement while decreasing serving size","p7: Search for a recipe and validate calories adjustment with serving size"
"passed","Sun Sep 13 02:14:59 UTC 2026","Sun Sep 13 02:14:59 UTC 2026","115","tests.PlayWrightTests.UserFacingPortal.Health","test_blood_pressure","TestBloodPressureSection","","","Verify validation error 'Systolic cannot be blank' when attempting to save a negative diastolic target without systolic",""
"passed","Sun Sep 13 02:57:17 UTC 2026","Sun Sep 13 02:57:28 UTC 2026","11217","tests.PlayWrightTests.UserFacingPortal.HomePage","test_food","TestFoodQuantityAdjustment","","","Food quantity: Lunch typing a quantity updates the calorie preview","Checks directly typing a new quantity value updates the Lunch item's calorie preview."
"passed","Sun Sep 13 04:26:13 UTC 2026","Sun Sep 13 04:26:13 UTC 2026","8","tests.PlayWrightTests.UserFacingPortal.Login","test_login_page","TestLoginPageSpanish","","","Email field label displays the Spanish text for email",""
"passed","Sun Sep 13 02:43:33 UTC 2026","Sun Sep 13 02:43:46 UTC 2026","12075","tests.PlayWrightTests.UserFacingPortal.HomePage","test_breathe_and_unwind","TestPerTechniquePauseResume","","","Pause/resume: Equal Breathing timer halts on pause and resumes from the exact paused point",""
"broken","Sun Sep 13 01:44:09 UTC 2026","Sun Sep 13 01:44:39 UTC 2026","30002","tests.PlayWrightTests.UserFacingPortal.Chatbot","test_chatbot_forLoggingExercise","TestChatbotLogsData","","","Verify multiple exercise data logged via chatbot should be summated for that day and displayed in Health dashboard",""
"passed","Sun Sep 13 04:26:13 UTC 2026","Sun Sep 13 04:26:13 UTC 2026","7","tests.PlayWrightTests.UserFacingPortal.Login","test_login_page","TestLoginPageSpanish","","","Password field label displays the Spanish text for password",""
"failed","Sun Sep 13 01:50:48 UTC 2026","Sun Sep 13 01:51:07 UTC 2026","19216","tests.PlayWrightTests.UserFacingPortal.Discuss","test_discussionReactions","TestUserDiscussionReactions","","","Given a user has liked a post, when the user clicks the reaction button again, then the like should be removed and the post should show 'No reactions yet'",""
"passed","Sun Sep 13 02:04:41 UTC 2026","Sun Sep 13 02:04:41 UTC 2026","791","tests.PlayWrightTests.UserFacingPortal.Discuss","test_talk_to_my_team","TestTalkToMyTeamPageNavigationAndState","","","Verify that the Coaches and Members sidebar sections are visible on the Discuss tab","Waits for the asynchronously-loaded Coaches and Members sidebar sections and confirms both are visible."
"passed","Sun Sep 13 02:28:59 UTC 2026","Sun Sep 13 02:29:09 UTC 2026","9133","tests.PlayWrightTests.UserFacingPortal.Health","test_exercise","TestExerciseSection","","","Exercise Input: rapid clicking of spinner buttons updates values correctly",""
"passed","Sun Sep 13 04:26:26 UTC 2026","Sun Sep 13 04:26:26 UTC 2026","7","tests.PlayWrightTests.UserFacingPortal.Login","test_login_page","TestNeedHelpPageSpanish","","","Privacy Policy link is visible in Spanish on the Need Help page",""
"passed","Sun Sep 13 02:27:48 UTC 2026","Sun Sep 13 02:27:56 UTC 2026","8398","tests.PlayWrightTests.UserFacingPortal.Health","test_exercise","TestExerciseSection","","","Exercise Graph: hovering over a data point displays a tooltip with date and minutes",""
"passed","Sun Sep 13 04:36:41 UTC 2026","Sun Sep 13 04:36:44 UTC 2026","2876","tests.PlayWrightTests.UserFacingPortal.Recipes","test_habirecipe_book","TestRecipeBook","","","View user can log habi recipe",""
"passed","Sun Sep 13 04:03:15 UTC 2026","Sun Sep 13 04:03:25 UTC 2026","10089","tests.PlayWrightTests.UserFacingPortal.HomePage","test_streak","TestStreakWidgetHealth","","","Streak Widget Health Segment: logging tobacco count increments Current Streak by one",""
"passed","Sun Sep 13 04:32:15 UTC 2026","Sun Sep 13 04:32:49 UTC 2026","34488","tests.PlayWrightTests.UserFacingPortal.Recipes","test_MyRecipes","TestMyRecipes","","","verify recipe details persist correctly on view recipe page",""
"passed","Sun Sep 13 04:26:26 UTC 2026","Sun Sep 13 04:26:26 UTC 2026","7","tests.PlayWrightTests.UserFacingPortal.Login","test_login_page","TestNeedHelpPageSpanish","","","Category label is visible in Spanish on the Need Help page",""
"passed","Sun Sep 13 02:04:41 UTC 2026","Sun Sep 13 02:04:41 UTC 2026","18","tests.PlayWrightTests.UserFacingPortal.Discuss","test_talk_to_my_team","TestTalkToMyTeamPageNavigationAndState","","","Verify that the Discuss tab is selected and highlighted by default when the panel opens","Checks that the Discuss tab's enclosing nav-link element carries the 'active' class immediately after the panel opens, without clicking any tab."
"passed","Sun Sep 13 04:07:19 UTC 2026","Sun Sep 13 04:07:34 UTC 2026","15245","tests.PlayWrightTests.UserFacingPortal.HomePage","test_talktomycoach","TestDashboardChat","","","TC08 – Verify that typing a message in the input box and pressing Enter sends the message and clears the input field",""
"passed","Sun Sep 13 02:07:15 UTC 2026","Sun Sep 13 02:07:15 UTC 2026","65","tests.PlayWrightTests.UserFacingPortal.Discuss","test_talk_to_my_team","TestTalkToMyTeamCommentsAndReactions","","","Verify that the Comment button only appears after interacting with the comment input","Confirms the Comment button is absent before the comment input is focused, and appears once it is clicked."
"passed","Sun Sep 13 02:21:17 UTC 2026","Sun Sep 13 02:21:25 UTC 2026","8197","tests.PlayWrightTests.UserFacingPortal.Health","test_exercise","TestExerciseSection","","","Exercise Target Validation: verifying an error message ('Minutes must be less than or equal to 1440') is displayed when entering target greater than 1440",""
"passed","Sun Sep 13 03:38:17 UTC 2026","Sun Sep 13 03:38:29 UTC 2026","11561","tests.PlayWrightTests.UserFacingPortal.HomePage","test_mood_logging","TestMoodHistoryMonthView","","","Mood History Month view: total check-ins is a positive number",""
"passed","Sun Sep 13 02:46:18 UTC 2026","Sun Sep 13 02:46:38 UTC 2026","20278","tests.PlayWrightTests.UserFacingPortal.HomePage","test_breathe_and_unwind","TestPerTechniqueResetAcrossPhases","","","Reset: Box Breathing resets to READY during phase 4 (Hold)",""
"passed","Sun Sep 13 04:45:02 UTC 2026","Sun Sep 13 04:45:08 UTC 2026","6394","tests.PlayWrightTests.UserFacingPortal","test_body_composition","TestBodyComposition","","","test_body_composition_heading[chromium]","Navigate to Health tab and verify Body Composition section is visible."
"passed","Sun Sep 13 04:35:01 UTC 2026","Sun Sep 13 04:35:02 UTC 2026","183","tests.PlayWrightTests.UserFacingPortal.Recipes","test_habirecipe_book","TestRecipeBook","","","As a user When I click on the MACRONUTRIENT_CONSIDERATIONS_BUTTON  preference, it should take to MACRONUTRIENT_CONSIDERATIONS_BUTTON preference page",""
"passed","Sun Sep 13 02:47:00 UTC 2026","Sun Sep 13 02:47:20 UTC 2026","19516","tests.PlayWrightTests.UserFacingPortal.HomePage","test_breathe_and_unwind","TestPerTechniqueResetAcrossPhases","","","Reset: 4-7-8 Technique resets to READY during phase 3 (Exhale)",""
"broken","Sun Sep 13 03:26:57 UTC 2026","Sun Sep 13 03:27:44 UTC 2026","47445","tests.PlayWrightTests.UserFacingPortal.HomePage","test_home_general","TestHomeGeneralLearn","","","Learn: weekly curriculum shows real video/handout counts","On the Learn page, checks the current week's card shows a real Videos count, confirming actual curriculum content loaded."
"passed","Sun Sep 13 04:26:23 UTC 2026","Sun Sep 13 04:26:23 UTC 2026","93","tests.PlayWrightTests.UserFacingPortal.Login","test_login_page","TestNeedHelpPage","","","Submitting with email, category, subject and message shows success toaster",""
"passed","Sun Sep 13 02:35:37 UTC 2026","Sun Sep 13 02:35:37 UTC 2026","118","tests.PlayWrightTests.UserFacingPortal.HomePage","test_Set_Targets","Test_Set_Targets","","","Verify all header elements are visible","Test that logo, home nav, and food nav are visible in the header"
"passed","Sun Sep 13 04:26:26 UTC 2026","Sun Sep 13 04:26:26 UTC 2026","6","tests.PlayWrightTests.UserFacingPortal.Login","test_login_page","TestNeedHelpPageSpanish","","","Register link is visible in Spanish on the Need Help page",""
"passed","Sun Sep 13 03:55:23 UTC 2026","Sun Sep 13 03:55:53 UTC 2026","29685","tests.PlayWrightTests.UserFacingPortal.HomePage","test_ripples","TestRipplesTabVisibilityPause","","","Tab visibility: Stop from the paused overlay ends the session and shows a mindful-minutes summary",""
"passed","Sun Sep 13 04:27:31 UTC 2026","Sun Sep 13 04:27:34 UTC 2026","3433","tests.PlayWrightTests.UserFacingPortal.Profile","test_profile","TestProfile","","","Contact Details edit: selecting 'California' from the State dropdown and saving persists the state and renders 'Los Angeles, CA' in the read-only address block",""
"passed","Sun Sep 13 02:35:40 UTC 2026","Sun Sep 13 02:35:40 UTC 2026","27","tests.PlayWrightTests.UserFacingPortal.HomePage","test_Set_Targets","Test_Set_Targets","","","Verify macro component labels and initial values","Validate text labels and default percentages for Carbs, Proteins, Fats"
"passed","Sun Sep 13 02:52:51 UTC 2026","Sun Sep 13 02:52:57 UTC 2026","5685","tests.PlayWrightTests.UserFacingPortal.HomePage","test_food","TestFoodPageSubNutrients","","","Food page: Sodium sub-nutrient label is visible","Checks the Sodium sub-nutrient card label is visible on the Food page."
"passed","Sun Sep 13 04:35:02 UTC 2026","Sun Sep 13 04:35:02 UTC 2026","197","tests.PlayWrightTests.UserFacingPortal.Recipes","test_habirecipe_book","TestRecipeBook","","","As a user When I click on the MICRONUTRIENT_CONSIDERATIONS_BUTTON  preference, it should take to MICRONUTRIENT_CONSIDERATIONS_BUTTON preference page",""
"skipped","Sun Sep 13 02:14:40 UTC 2026","Sun Sep 13 02:14:40 UTC 2026","0","tests.PlayWrightTests.UserFacingPortal.Habits","test_habits","TestHabitsFeature","","","Test 33: Edit flexible habit and save",""
"passed","Sun Sep 13 04:04:36 UTC 2026","Sun Sep 13 04:04:46 UTC 2026","10590","tests.PlayWrightTests.UserFacingPortal.HomePage","test_streak","TestStreakWidgetFood","","","Streak Widget Food Segment: logging a breakfast meal through direct food APIs increments Current Streak by one",""
"passed","Sun Sep 13 04:28:04 UTC 2026","Sun Sep 13 04:28:09 UTC 2026","5716","tests.PlayWrightTests.UserFacingPortal.Profile","test_profile","TestProfile","","","Upload validation: providing only a document Type (without a file and Name) and submitting displays the inline 'is required' error for the missing mandatory fields",""
"passed","Sun Sep 13 02:14:35 UTC 2026","Sun Sep 13 02:14:40 UTC 2026","4962","tests.PlayWrightTests.UserFacingPortal.Habits","test_habits","TestHabitsFeature","","","Test 30: Cancel Activate keeps habit archived",""
"passed","Sun Sep 13 02:40:18 UTC 2026","Sun Sep 13 02:40:25 UTC 2026","7245","tests.PlayWrightTests.UserFacingPortal.HomePage","test_breathe_and_unwind","TestSettingsInteractionsIdle","","","Settings (idle): Guide Voice gender switches from Female to Male and back",""
"passed","Sun Sep 13 02:30:01 UTC 2026","Sun Sep 13 02:30:16 UTC 2026","15165","tests.PlayWrightTests.UserFacingPortal.Health","test_hba1c","TestHbA1cSection","","","Verify Graph is Hidden When No HbA1c Data Exists",""
"passed","Sun Sep 13 02:40:33 UTC 2026","Sun Sep 13 02:40:41 UTC 2026","7947","tests.PlayWrightTests.UserFacingPortal.HomePage","test_breathe_and_unwind","TestSettingsInteractionsIdle","","","Settings (idle): selected options remain when closing and reopening the modal",""
"passed","Sun Sep 13 03:12:42 UTC 2026","Sun Sep 13 03:12:51 UTC 2026","8219","tests.PlayWrightTests.UserFacingPortal.HomePage","test_food","TestFoodDateNavigation","","","Food date nav: Next button becomes enabled after navigating to a past date","Checks the Next date button is no longer disabled once a past date is displayed."
"passed","Sun Sep 13 01:53:21 UTC 2026","Sun Sep 13 01:54:00 UTC 2026","38475","tests.PlayWrightTests.UserFacingPortal.Discuss","test_discussion_pinned_posts","TestDiscussionPinnedPosts","","","Verify that a pinned entry authored by a Coach shows the Coach's display name","Pins a Coach-authored post and confirms the pinned entry shows a non-empty author name reflecting the Coach's display name."
"passed","Sun Sep 13 04:26:27 UTC 2026","Sun Sep 13 04:26:27 UTC 2026","94","tests.PlayWrightTests.UserFacingPortal.Login","test_login_page","TestNeedHelpPageSpanish","","","Submitting with subject only shows email and message errors in Spanish",""
"passed","Sun Sep 13 04:26:13 UTC 2026","Sun Sep 13 04:26:13 UTC 2026","66","tests.PlayWrightTests.UserFacingPortal.Login","test_login_page","TestLoginPageSpanish","","","Clicking the forgot password link navigates to the forgot password page",""
"passed","Sun Sep 13 04:25:35 UTC 2026","Sun Sep 13 04:25:35 UTC 2026","72","tests.PlayWrightTests.UserFacingPortal.Login","test_login_page","TestLoginPage","","","Entering a valid email and clicking Sign in with Code navigates to the code login page",""
"passed","Sun Sep 13 01:54:11 UTC 2026","Sun Sep 13 01:54:23 UTC 2026","12403","tests.PlayWrightTests.UserFacingPortal.Discuss","test_talk_to_my_team","TestTalkToMyTeamDiscussTab","","","Verify that a user can create a post with both an image (.png) and a PDF document attached in the Discuss tab",""
"passed","Sun Sep 13 02:05:22 UTC 2026","Sun Sep 13 02:05:22 UTC 2026","47","tests.PlayWrightTests.UserFacingPortal.Discuss","test_talk_to_my_team","TestTalkToMyTeamAttachments","","","Verify that clicking 'Add files' triggers the native file chooser","Confirms clicking the 'Add files' control fires a native file-chooser event."
"skipped","Sun Sep 13 02:14:29 UTC 2026","Sun Sep 13 02:14:29 UTC 2026","0","tests.PlayWrightTests.UserFacingPortal.Habits","test_habits","TestHabitsFeature","","","Test 27: Click again on orange circle marks not done (red)",""
"passed","Sun Sep 13 02:43:11 UTC 2026","Sun Sep 13 02:43:20 UTC 2026","9247","tests.PlayWrightTests.UserFacingPortal.HomePage","test_breathe_and_unwind","TestPerTechniqueSoundToggleDuringSession","","","Session sound: muting/unmuting during a 4-7-8 session stops/restores audio together",""
"broken","Sun Sep 13 04:45:12 UTC 2026","Sun Sep 13 04:45:42 UTC 2026","30008","tests.PlayWrightTests.UserFacingPortal","test_body_composition","TestBodyComposition","","","test_dialog_headers_match_alts[chromium]","Open Body Composition dialog and assert each alt value exists as a column header."
"passed","Sun Sep 13 03:53:21 UTC 2026","Sun Sep 13 03:54:08 UTC 2026","47316","tests.PlayWrightTests.UserFacingPortal.HomePage","test_ripples","TestRipplesSoundToggle","","","Sound toggle: clicking the muted icon again restores background music",""
"passed","Sun Sep 13 02:06:19 UTC 2026","Sun Sep 13 02:06:39 UTC 2026","19684","tests.PlayWrightTests.UserFacingPortal.Discuss","test_talk_to_my_team","TestTalkToMyTeamAttachments","","","Verify that an attachment persists after refreshing the page","Posts a file attachment, refreshes the page, and confirms the uploaded file is still shown on the post."
"passed","Sun Sep 13 02:52:07 UTC 2026","Sun Sep 13 02:52:12 UTC 2026","4676","tests.PlayWrightTests.UserFacingPortal.HomePage","test_food","TestFoodPageOverview","","","Food page: View Logs link is visible","Checks the View Logs link is visible next to the Logs section header."
"passed","Sun Sep 13 01:58:52 UTC 2026","Sun Sep 13 01:59:15 UTC 2026","23155","tests.PlayWrightTests.UserFacingPortal.Discuss","test_talk_to_my_team","TestTalkToMyTeamMyPostsTab","","","Verify that a user can post with a description and attached PDF (no subject) and the post count increases in the My Posts tab",""
"passed","Sun Sep 13 03:39:33 UTC 2026","Sun Sep 13 03:39:47 UTC 2026","13864","tests.PlayWrightTests.UserFacingPortal.HomePage","test_mood_logging","TestMoodHistoryYearView","","","Mood History Year view: Previous period navigation changes the year label",""
"broken","Sun Sep 13 01:43:59 UTC 2026","Sun Sep 13 01:44:08 UTC 2026","9452","tests.PlayWrightTests.UserFacingPortal.Chatbot","test_chatbot_forLoggingExercise","TestChatbotLogsData","","","Verify user can use habi chatbot to log Exercise, given prompt==Log my exercise for today, where I ran 5 kilometers and took 2 hours, and says 'YES' to confirmation message",""
"passed","Sun Sep 13 02:17:55 UTC 2026","Sun Sep 13 02:18:06 UTC 2026","11162","tests.PlayWrightTests.UserFacingPortal.Health","test_exercise","TestExerciseSection","","","Exercise Logging: logging a historical exercise entry (50 steps) for the past year successfully saves the log and keeps today's total at 0 mins",""
"passed","Sun Sep 13 04:33:01 UTC 2026","Sun Sep 13 04:33:02 UTC 2026","1384","tests.PlayWrightTests.UserFacingPortal.Recipes","test_Search_the_web","TestSearchTheWeb","","","Search the Web: clicking the 'Search the Web' button navigates to the Search the Web page and renders the header 'Explore Recipes'","p1: Navigate to Search the Web page and validate header"
"passed","Sun Sep 13 02:55:47 UTC 2026","Sun Sep 13 02:55:55 UTC 2026","8242","tests.PlayWrightTests.UserFacingPortal.HomePage","test_food","TestFoodSelectResult","","","Food select: Breakfast shows selected food name, calories, default quantity","Checks selecting a Breakfast search result shows the food name, a calorie value, and a default quantity of 1."
"passed","Sun Sep 13 04:21:47 UTC 2026","Sun Sep 13 04:21:58 UTC 2026","11036","tests.PlayWrightTests.UserFacingPortal.HomePage","test_water_widget","TestWaterLogDelete","","","Water log page: deleting a logged entry updates the day's total correctly",""
"passed","Sun Sep 13 04:27:29 UTC 2026","Sun Sep 13 04:27:31 UTC 2026","1353","tests.PlayWrightTests.UserFacingPortal.Profile","test_profile","TestProfile","","","Contact Details edit: updating City to 'Los Angeles' and saving persists the value and renders it in the read-only address block",""
"passed","Sun Sep 13 02:15:24 UTC 2026","Sun Sep 13 02:15:33 UTC 2026","9019","tests.PlayWrightTests.UserFacingPortal.Health","test_blood_pressure","TestBloodPressureSection","","","Verify that logging a current day reading adds the vital values successfully and logs them inside the history table",""
"passed","Sun Sep 13 04:35:12 UTC 2026","Sun Sep 13 04:35:12 UTC 2026","3","tests.PlayWrightTests.UserFacingPortal.Recipes","test_habirecipe_book","TestRecipeBook","","","As a user When I fill the search input with a valid ingredient, Verify first result",""
"passed","Sun Sep 13 03:49:46 UTC 2026","Sun Sep 13 03:50:48 UTC 2026","61996","tests.PlayWrightTests.UserFacingPortal.HomePage","test_ripples","TestRipplesSceneSwitching","","","Scene switching: selecting bamboo updates the selected scene",""
"passed","Sun Sep 13 04:18:55 UTC 2026","Sun Sep 13 04:19:08 UTC 2026","12394","tests.PlayWrightTests.UserFacingPortal.HomePage","test_water_widget","TestWaterLogPresets","","","Water log page: tapping the 473 ml preset button logs exactly 473 ml",""
"passed","Sun Sep 13 04:01:42 UTC 2026","Sun Sep 13 04:01:55 UTC 2026","13011","tests.PlayWrightTests.UserFacingPortal.HomePage","test_streak","TestStreakWidgetGeneral","","","Streak Widget General Rule: Best Streak remains from historical max even when current run is shorter",""
"passed","Sun Sep 13 04:02:33 UTC 2026","Sun Sep 13 04:02:42 UTC 2026","9008","tests.PlayWrightTests.UserFacingPortal.HomePage","test_streak","TestStreakWidgetHealth","","","Streak Widget Health Segment: logging blood sugar with Fasting reading time increments Current Streak by one",""
"skipped","Sun Sep 13 02:14:40 UTC 2026","Sun Sep 13 02:14:40 UTC 2026","0","tests.PlayWrightTests.UserFacingPortal.Habits","test_habits","TestHabitsFeature","","","Test 34: Double click habit circle opens rating popup",""
"passed","Sun Sep 13 02:29:46 UTC 2026","Sun Sep 13 02:29:56 UTC 2026","9617","tests.PlayWrightTests.UserFacingPortal.Health","test_hba1c","TestHbA1cSection","","","Verify deleting all HbA1c entries in the history table",""
"passed","Sun Sep 13 04:26:20 UTC 2026","Sun Sep 13 04:26:20 UTC 2026","38","tests.PlayWrightTests.UserFacingPortal.Login","test_login_page","TestNeedHelpPage","","","Contact us form heading text is correct",""
"passed","Sun Sep 13 02:06:46 UTC 2026","Sun Sep 13 02:06:51 UTC 2026","5098","tests.PlayWrightTests.UserFacingPortal.Discuss","test_talk_to_my_team","TestTalkToMyTeamAttachments","","","Verify that a URL in a post's description renders as a clickable link","Posts a description containing a URL and confirms it renders as an anchor tag that opens in a new tab."
"passed","Sun Sep 13 04:12:36 UTC 2026","Sun Sep 13 04:13:07 UTC 2026","31649","tests.PlayWrightTests.UserFacingPortal.HomePage","test_upcoming_events","TestUpcomingEventsWidget","","","Upcoming Events: cancelled meeting is removed from the widget",""
"passed","Sun Sep 13 04:26:36 UTC 2026","Sun Sep 13 04:26:37 UTC 2026","95","tests.PlayWrightTests.UserFacingPortal.Profile","test_profile","TestProfile","","","Navigation: selecting 'View Profile Details' from the profile dropdown navigates to the Profile page and renders the 'Basic Information' section header",""
"passed","Sun Sep 13 04:07:35 UTC 2026","Sun Sep 13 04:07:35 UTC 2026","183","tests.PlayWrightTests.UserFacingPortal.HomePage","test_talktomycoach","TestDashboardChat","","","TC11 – Verify that typing only spaces in the message input and pressing Enter does not send a message and the chat remains unchanged",""
"passed","Sun Sep 13 03:22:02 UTC 2026","Sun Sep 13 03:22:15 UTC 2026","12916","tests.PlayWrightTests.UserFacingPortal.HomePage","test_food","TestFoodCrossCutting","","","Food cross-cutting: the View Logs meal tabs still work after a reload","Checks switching to the Lunch tab on View Logs still works correctly after a full page reload."
"passed","Sun Sep 13 02:04:24 UTC 2026","Sun Sep 13 02:04:41 UTC 2026","16559","tests.PlayWrightTests.UserFacingPortal.Discuss","test_talk_to_my_team","TestTalkToMyTeamPageNavigationAndState","","","Verify that clicking the chat icon and selecting 'Talk to My Team' opens the Discuss tab","Navigates fresh to the dashboard and drives the chat-icon click-through flow directly, confirming the Discuss tab becomes visible as a result."
"passed","Sun Sep 13 03:10:00 UTC 2026","Sun Sep 13 03:10:08 UTC 2026","7927","tests.PlayWrightTests.UserFacingPortal.HomePage","test_food","TestFoodCalculationConsistency","","","Food calculation: Fat pill text matches consumed-vs-goal math","Checks the Fat 'left'/'over' pill value matches the arithmetic difference between consumed and goal."
"skipped","Sun Sep 13 02:14:35 UTC 2026","Sun Sep 13 02:14:35 UTC 2026","0","tests.PlayWrightTests.UserFacingPortal.Habits","test_habits","TestHabitsFeature","","","Test 29: Activate archived habit back to active",""
"passed","Sun Sep 13 04:35:11 UTC 2026","Sun Sep 13 04:35:12 UTC 2026","283","tests.PlayWrightTests.UserFacingPortal.Recipes","test_habirecipe_book","TestRecipeBook","","","As a user When I fill the search input with a valid ingredient, I should see a list of suggestions",""
"passed","Sun Sep 13 04:30:11 UTC 2026","Sun Sep 13 04:30:11 UTC 2026","53","tests.PlayWrightTests.UserFacingPortal.Recipes","test_MyRecipes","TestMyRecipes","","","And user is able to save created recipes",""
"passed","Sun Sep 13 02:37:57 UTC 2026","Sun Sep 13 02:38:03 UTC 2026","6395","tests.PlayWrightTests.UserFacingPortal.HomePage","test_breathe_and_unwind","TestBreatheUnwindDefaultState","","","Breathe & Unwind: Edit Time button and reset icon are visible",""
"passed","Sun Sep 13 02:38:03 UTC 2026","Sun Sep 13 02:38:10 UTC 2026","6361","tests.PlayWrightTests.UserFacingPortal.HomePage","test_breathe_and_unwind","TestBreatheUnwindDefaultState","","","Breathe & Unwind: Play button is visible with 'Start breathing' label",""
"passed","Sun Sep 13 02:36:24 UTC 2026","Sun Sep 13 02:36:25 UTC 2026","1062","tests.PlayWrightTests.UserFacingPortal.HomePage","test_Set_Targets","Test_Set_Targets","","","Water Target Negative Test Cases","Test invalid inputs: negative numbers, zero, non-numeric, special characters, decimals."
"passed","Sun Sep 13 04:32:01 UTC 2026","Sun Sep 13 04:32:13 UTC 2026","12118","tests.PlayWrightTests.UserFacingPortal.Recipes","test_MyRecipes","TestMyRecipes","","","verify total calories equals sum of ingredient calories",""
"passed","Sun Sep 13 02:16:47 UTC 2026","Sun Sep 13 02:16:50 UTC 2026","3147","tests.PlayWrightTests.UserFacingPortal.Health","test_blood_sugar","TestBloodSugarSection","","","Verify that adding another historical After Meal blood sugar entry correctly updates the current widget value",""
"broken","Sun Sep 13 04:37:45 UTC 2026","Sun Sep 13 04:38:15 UTC 2026","30003","tests.PlayWrightTests.UserFacingPortal","test_India_users","TestUserPlaywright","","","test_Invalid_zipcode_validationl[chromium]",""
"passed","Sun Sep 13 04:07:34 UTC 2026","Sun Sep 13 04:07:35 UTC 2026","1215","tests.PlayWrightTests.UserFacingPortal.HomePage","test_talktomycoach","TestDashboardChat","","","TC10 – Full end-to-end flow: open coach modal, send a dynamic test message via button, verify it appears in chat, confirm input clears, and close the modal",""
"passed","Sun Sep 13 04:26:27 UTC 2026","Sun Sep 13 04:26:27 UTC 2026","350","tests.PlayWrightTests.UserFacingPortal.Login","test_login_page","TestNeedHelpPageSpanish","","","Submitting with email and category only shows subject required error in Spanish",""
"passed","Sun Sep 13 04:15:34 UTC 2026","Sun Sep 13 04:15:44 UTC 2026","9431","tests.PlayWrightTests.UserFacingPortal.HomePage","test_water_widget","TestWaterWidgetDashboard","","","Water widget: clicking the card opens the Water page under Food",""
"passed","Sun Sep 13 02:13:53 UTC 2026","Sun Sep 13 02:13:55 UTC 2026","1718","tests.PlayWrightTests.UserFacingPortal.Habits","test_habits","TestHabitsFeature","","","Monday button unselects when clicked",""
"passed","Sun Sep 13 04:27:21 UTC 2026","Sun Sep 13 04:27:21 UTC 2026","63","tests.PlayWrightTests.UserFacingPortal.Profile","test_profile","TestProfile","","","Contact Details validation: submitting a blank Contact Number displays the inline error 'Contact number is required'",""
"passed","Sun Sep 13 03:00:39 UTC 2026","Sun Sep 13 03:01:03 UTC 2026","23997","tests.PlayWrightTests.UserFacingPortal.HomePage","test_food","TestFoodLogging","","","Food logging: multiple Breakfast items accumulate in the Breakfast total","Checks logging two Breakfast items in succession strictly increases the Breakfast total each time."
"passed","Sun Sep 13 04:09:01 UTC 2026","Sun Sep 13 04:09:03 UTC 2026","2197","tests.PlayWrightTests.UserFacingPortal.HomePage","test_talktomycoach","TestDashboardChat","","","TC24 – Verify that each chat message displays a timestamp",""
"passed","Sun Sep 13 04:26:26 UTC 2026","Sun Sep 13 04:26:26 UTC 2026","10","tests.PlayWrightTests.UserFacingPortal.Login","test_login_page","TestNeedHelpPageSpanish","","","Contact us form heading is correct in Spanish",""
"passed","Sun Sep 13 04:35:17 UTC 2026","Sun Sep 13 04:35:17 UTC 2026","3","tests.PlayWrightTests.UserFacingPortal.Recipes","test_habirecipe_book","TestRecipeBook","","","As a user When I fill the search input with a valid ingredient, Verify remove icon exists",""
"passed","Sun Sep 13 04:25:29 UTC 2026","Sun Sep 13 04:25:29 UTC 2026","100","tests.PlayWrightTests.UserFacingPortal.Login","test_login_page","TestLoginPage","","","Submitting the form with both email and password empty shows required field errors",""
"passed","Sun Sep 13 02:28:05 UTC 2026","Sun Sep 13 02:28:15 UTC 2026","9383","tests.PlayWrightTests.UserFacingPortal.Health","test_exercise","TestExerciseSection","","","Exercise Input: spinner control is visible for numeric input fields",""
"passed","Sun Sep 13 02:30:58 UTC 2026","Sun Sep 13 02:31:01 UTC 2026","2132","tests.PlayWrightTests.UserFacingPortal.Health","test_hba1c","TestHbA1cSection","","","Verify Year Filter Displays Correct HbA1c Records",""
"passed","Sun Sep 13 04:31:50 UTC 2026","Sun Sep 13 04:31:52 UTC 2026","2087","tests.PlayWrightTests.UserFacingPortal.Recipes","test_MyRecipes","TestMyRecipes","","","verify servings get updated when incremented/decremented",""
"passed","Sun Sep 13 04:26:26 UTC 2026","Sun Sep 13 04:26:26 UTC 2026","7","tests.PlayWrightTests.UserFacingPortal.Login","test_login_page","TestNeedHelpPageSpanish","","","Category dropdown is visible in Spanish on the Need Help page",""
"passed","Sun Sep 13 04:22:58 UTC 2026","Sun Sep 13 04:23:10 UTC 2026","12554","tests.PlayWrightTests.UserFacingPortal.HomePage","test_weight_widget","TestWeightWidget","","","Weight widget: when current weight is below the goal weight, the card shows the correct 'kg below your goal' message",""
"passed","Sun Sep 13 03:10:48 UTC 2026","Sun Sep 13 03:11:04 UTC 2026","15615","tests.PlayWrightTests.UserFacingPortal.HomePage","test_food","TestFoodLoggingAffectsHeaderTotals","","","Food totals: logging an item increases the daily Carbs total","Checks logging an item into Dinner increases the day-level Carbs consumed value."
"passed","Sun Sep 13 04:34:49 UTC 2026","Sun Sep 13 04:34:49 UTC 2026","49","tests.PlayWrightTests.UserFacingPortal.Recipes","test_habirecipe_book","TestRecipeBook","","","Verify user can navigate back to recipe book page",""
"passed","Sun Sep 13 02:46:47 UTC 2026","Sun Sep 13 02:47:00 UTC 2026","13850","tests.PlayWrightTests.UserFacingPortal.HomePage","test_breathe_and_unwind","TestPerTechniqueResetAcrossPhases","","","Reset: 4-7-8 Technique resets to READY during phase 2 (Hold)",""
"passed","Sun Sep 13 02:31:42 UTC 2026","Sun Sep 13 02:31:45 UTC 2026","2461","tests.PlayWrightTests.UserFacingPortal.Health","test_tobacco","TestTobaccoSection","","","Verify user can successfully edit an existing target value to a new valid value of 7",""
"passed","Sun Sep 13 02:36:23 UTC 2026","Sun Sep 13 02:36:24 UTC 2026","846","tests.PlayWrightTests.UserFacingPortal.HomePage","test_Set_Targets","Test_Set_Targets","","","Water Target min/max limits validation","Test that water target respects min/max limits: oz (1-500) and ml (1-14787)."
"passed","Sun Sep 13 03:02:47 UTC 2026","Sun Sep 13 03:03:14 UTC 2026","27126","tests.PlayWrightTests.UserFacingPortal.HomePage","test_food","TestFoodLogging","","","Food logging: multiple Snacks items accumulate in the Snacks total","Checks logging two Snacks items in succession strictly increases the Snacks total each time."
"passed","Sun Sep 13 02:16:57 UTC 2026","Sun Sep 13 02:17:00 UTC 2026","2582","tests.PlayWrightTests.UserFacingPortal.Health","test_blood_sugar","TestBloodSugarSection","","","Verify that yesterday's Before Meal blood sugar entry is saved successfully",""
"passed","Sun Sep 13 02:36:23 UTC 2026","Sun Sep 13 02:36:23 UTC 2026","17","tests.PlayWrightTests.UserFacingPortal.HomePage","test_Set_Targets","Test_Set_Targets","","","Verify Daily Water Target section with SVG icon and text","Test that the Daily Water Target section displays glass-water SVG icon and text correctly"
"passed","Sun Sep 13 02:31:12 UTC 2026","Sun Sep 13 02:31:23 UTC 2026","11050","tests.PlayWrightTests.UserFacingPortal.Health","test_hba1c","TestHbA1cSection","","","Verify Deleted HbA1c Entry is Removed from Graph",""
"passed","Sun Sep 13 04:26:20 UTC 2026","Sun Sep 13 04:26:20 UTC 2026","7","tests.PlayWrightTests.UserFacingPortal.Login","test_login_page","TestNeedHelpPage","","","Supported file format message is displayed",""
"passed","Sun Sep 13 03:13:09 UTC 2026","Sun Sep 13 03:13:16 UTC 2026","7749","tests.PlayWrightTests.UserFacingPortal.HomePage","test_food","TestFoodDateNavigation","","","Food date nav: a past date's title does not include the 'Today' prefix","Checks the date navigator title no longer starts with 'Today' after navigating to a past date."
"passed","Sun Sep 13 04:27:50 UTC 2026","Sun Sep 13 04:27:52 UTC 2026","1498","tests.PlayWrightTests.UserFacingPortal.Profile","test_profile","TestProfile","","","Health Parameters edit: selecting My Diabetes Status = 'Diabetes' and saving persists the value and renders 'Diabetes' in the read-only view",""
"passed","Sun Sep 13 04:07:35 UTC 2026","Sun Sep 13 04:07:37 UTC 2026","1210","tests.PlayWrightTests.UserFacingPortal.HomePage","test_talktomycoach","TestDashboardChat","","","TC12 – Verify that a message containing emojis can be typed, sent successfully, and appears in the chat conversation",""
"passed","Sun Sep 13 01:54:48 UTC 2026","Sun Sep 13 01:55:20 UTC 2026","31588","tests.PlayWrightTests.UserFacingPortal.Discuss","test_talk_to_my_team","TestTalkToMyTeamDiscussTab","","","Verify that a second user can create a post that will be used for content blocking test scenarios in the Discuss tab",""
"skipped","Sun Sep 13 02:14:29 UTC 2026","Sun Sep 13 02:14:29 UTC 2026","0","tests.PlayWrightTests.UserFacingPortal.Habits","test_habits","TestHabitsFeature","","","Test 25: Grey circles are not editable",""
"broken","Sun Sep 13 04:44:30 UTC 2026","Sun Sep 13 04:45:00 UTC 2026","30001","tests.PlayWrightTests.UserFacingPortal","test_ProgressInsights","TestUserProgressInsights","","","test_feedback_with_details[chromium]",""
"broken","Sun Sep 13 01:45:56 UTC 2026","Sun Sep 13 01:46:46 UTC 2026","50026","tests.PlayWrightTests.UserFacingPortal.Chatbot","test_chatbot_forLoggingWater","TestChatbotLogWater","","","Verify user can use habi chatbot to log Water in oz, given prompt==I drank 39oz today, and says 'NO' to confirmation message",""
"passed","Sun Sep 13 02:23:08 UTC 2026","Sun Sep 13 02:23:17 UTC 2026","9695","tests.PlayWrightTests.UserFacingPortal.Health","test_exercise","TestExerciseSection","","","Exercise Logging: multiple exercise entries can be successfully added on the same day",""
"passed","Sun Sep 13 02:56:24 UTC 2026","Sun Sep 13 02:56:34 UTC 2026","10630","tests.PlayWrightTests.UserFacingPortal.HomePage","test_food","TestFoodQuantityAdjustment","","","Food quantity: Breakfast increment button increases the quantity","Checks clicking the increment (+) button raises the Breakfast item's quantity above the default of 1."
"passed","Sun Sep 13 01:50:06 UTC 2026","Sun Sep 13 01:50:06 UTC 2026","8","tests.PlayWrightTests.UserFacingPortal.Discuss","test_discussionReactions","TestUserDiscussionReactions","","","Given there are discussion posts with reactions==Like by logged in user, then 'No reactions yet' text should be changed to 'You reacted' with reacted emoji",""
"failed","Sun Sep 13 02:34:00 UTC 2026","Sun Sep 13 02:34:16 UTC 2026","15798","tests.PlayWrightTests.UserFacingPortal.Health","test_tobacco","TestTobaccoSection","","","Verify Target Field Visibility: Target field is hidden when no data exists and appears after first tobacco entry is saved",""
"passed","Sun Sep 13 03:51:51 UTC 2026","Sun Sep 13 03:52:44 UTC 2026","53697","tests.PlayWrightTests.UserFacingPortal.HomePage","test_ripples","TestRipplesSceneSwitching","","","Scene switching: switching scenes does not change the ambient audio track",""
"passed","Sun Sep 13 04:26:26 UTC 2026","Sun Sep 13 04:26:26 UTC 2026","2","tests.PlayWrightTests.UserFacingPortal.Login","test_login_page","TestNeedHelpPageSpanish","","","Subject input placeholder text is correct in Spanish",""
"passed","Sun Sep 13 01:48:05 UTC 2026","Sun Sep 13 01:48:29 UTC 2026","24232","tests.PlayWrightTests.UserFacingPortal.Chatbot","test_chatbot_forLoggingWeights","TestChatbotLogWeight","","","Verify user can use habi chatbot to log Weight in kg, given prompt==log my weight==68kg measured today, and says 'NO' to confirmation message",""
"passed","Sun Sep 13 03:44:34 UTC 2026","Sun Sep 13 03:45:36 UTC 2026","62020","tests.PlayWrightTests.UserFacingPortal.HomePage","test_ripples","TestRipplesSceneSwitching","","","Scene switching: selecting ocean-blossom updates the selected scene",""
"passed","Sun Sep 13 03:05:41 UTC 2026","Sun Sep 13 03:05:54 UTC 2026","12199","tests.PlayWrightTests.UserFacingPortal.HomePage","test_food","TestFoodEditItem","","","Food edit: Dinner edit page shows the item's name and quantity","Checks opening the edit page for a Dinner item shows its food name and a populated quantity field."
"passed","Sun Sep 13 04:07:34 UTC 2026","Sun Sep 13 04:07:34 UTC 2026","165","tests.PlayWrightTests.UserFacingPortal.HomePage","test_talktomycoach","TestDashboardChat","","","TC09 – Verify that clicking the X close button dismisses and hides the coach chat modal",""
"passed","Sun Sep 13 04:35:51 UTC 2026","Sun Sep 13 04:35:51 UTC 2026","4","tests.PlayWrightTests.UserFacingPortal.Recipes","test_habirecipe_book","TestRecipeBook","","","Verify generated recipe details are visible",""
"passed","Sun Sep 13 02:36:58 UTC 2026","Sun Sep 13 02:37:08 UTC 2026","10313","tests.PlayWrightTests.UserFacingPortal.HomePage","test_breathe_and_unwind","TestMindfulnessDashboardCard","","","Mindfulness card: clicking anywhere on the card navigates to the Mindfulness landing page",""
"passed","Sun Sep 13 03:05:01 UTC 2026","Sun Sep 13 03:05:41 UTC 2026","40610","tests.PlayWrightTests.UserFacingPortal.HomePage","test_food","TestFoodEditItem","","","Food edit: updating a Breakfast item's quantity recalculates the Breakfast total","Checks changing a Breakfast item's quantity on the edit page and confirming updates the Breakfast calorie total."
"passed","Sun Sep 13 02:10:19 UTC 2026","Sun Sep 13 02:11:11 UTC 2026","51060","tests.PlayWrightTests.UserFacingPortal.Discuss","test_talk_to_my_team","TestTalkToMyTeamThreeDotsAndBlocking","","","Verify that choosing Yes on Unblock Discussion restores a previously blocked post","Blocks another member's post, then unblocks it by confirming Yes, and confirms the post is no longer shown as blocked."
"passed","Sun Sep 13 02:16:51 UTC 2026","Sun Sep 13 02:16:52 UTC 2026","1068","tests.PlayWrightTests.UserFacingPortal.Health","test_blood_sugar","TestBloodSugarSection","","","Verify that adding today's Before Meal entry appears successfully in the details history page",""
"passed","Sun Sep 13 01:49:55 UTC 2026","Sun Sep 13 01:50:04 UTC 2026","8381","tests.PlayWrightTests.UserFacingPortal.Discuss","test_discussionReactions","TestUserDiscussionReactions","","","Given there are discussion posts, when I view this post with none reacting, then I should see Like button in Greyed out state",""
"passed","Sun Sep 13 02:14:14 UTC 2026","Sun Sep 13 02:14:16 UTC 2026","1655","tests.PlayWrightTests.UserFacingPortal.Habits","test_habits","TestHabitsFeature","","","Test 15: Flexible days with 2x per week - no timings pre-selected",""
"passed","Sun Sep 13 04:20:05 UTC 2026","Sun Sep 13 04:20:16 UTC 2026","11522","tests.PlayWrightTests.UserFacingPortal.HomePage","test_water_widget","TestWaterLogHistory","","","Water log page: the history list shows the correct amount for one logged entry",""
"passed","Sun Sep 13 02:51:49 UTC 2026","Sun Sep 13 02:51:54 UTC 2026","5576","tests.PlayWrightTests.UserFacingPortal.HomePage","test_food","TestFoodPageOverview","","","Food page: Set Targets button is visible","Checks the Set Targets button is visible on the Food page."
"passed","Sun Sep 13 03:46:36 UTC 2026","Sun Sep 13 03:47:41 UTC 2026","64773","tests.PlayWrightTests.UserFacingPortal.HomePage","test_ripples","TestRipplesSceneSwitching","","","Scene switching: selecting wet-stones updates the selected scene",""
"passed","Sun Sep 13 02:00:31 UTC 2026","Sun Sep 13 02:00:40 UTC 2026","8681","tests.PlayWrightTests.UserFacingPortal.Discuss","test_talk_to_my_team","TestTalkToMyTeamMyPostsTab","","","Verify that a user can successfully add a comment to a post in the My Posts tab",""
"passed","Sun Sep 13 02:56:44 UTC 2026","Sun Sep 13 02:56:56 UTC 2026","11192","tests.PlayWrightTests.UserFacingPortal.HomePage","test_food","TestFoodQuantityAdjustment","","","Food quantity: Breakfast typing a quantity updates the calorie preview","Checks directly typing a new quantity value updates the Breakfast item's calorie preview."
"passed","Sun Sep 13 02:56:56 UTC 2026","Sun Sep 13 02:57:07 UTC 2026","11019","tests.PlayWrightTests.UserFacingPortal.HomePage","test_food","TestFoodQuantityAdjustment","","","Food quantity: Lunch increment button increases the quantity","Checks clicking the increment (+) button raises the Lunch item's quantity above the default of 1."
"passed","Sun Sep 13 04:26:21 UTC 2026","Sun Sep 13 04:26:22 UTC 2026","333","tests.PlayWrightTests.UserFacingPortal.Login","test_login_page","TestNeedHelpPage","","","Submitting with email and subject only shows message required error",""
"broken","Sun Sep 13 02:32:13 UTC 2026","Sun Sep 13 02:32:43 UTC 2026","30584","tests.PlayWrightTests.UserFacingPortal.Health","test_tobacco","TestTobaccoSection","","","Verify graph view displays filtered data points and tooltip year when 'Last week' filter is selected",""
"passed","Sun Sep 13 02:19:01 UTC 2026","Sun Sep 13 02:19:11 UTC 2026","9716","tests.PlayWrightTests.UserFacingPortal.Health","test_exercise","TestExerciseSection","","","Exercise Validation: verifying an error message ('Steps cannot be blank') is displayed when entering a negative steps value",""
"passed","Sun Sep 13 04:07:50 UTC 2026","Sun Sep 13 04:08:03 UTC 2026","12631","tests.PlayWrightTests.UserFacingPortal.HomePage","test_talktomycoach","TestDashboardChat","","","TC17 – Verify that messages sent in the coach chat are persisted and remain visible after the page is refreshed and the user logs back in",""
"passed","Sun Sep 13 02:15:33 UTC 2026","Sun Sep 13 02:15:33 UTC 2026","600","tests.PlayWrightTests.UserFacingPortal.Health","test_blood_pressure","TestBloodPressureSection","","","Verify that logging a previous day reading is recorded successfully without overriding a more recent today's reading",""
"passed","Sun Sep 13 04:19:08 UTC 2026","Sun Sep 13 04:19:20 UTC 2026","12375","tests.PlayWrightTests.UserFacingPortal.HomePage","test_water_widget","TestWaterLogPresets","","","Water log page: tapping the 710 ml preset button logs exactly 710 ml",""
"passed","Sun Sep 13 02:04:41 UTC 2026","Sun Sep 13 02:04:41 UTC 2026","19","tests.PlayWrightTests.UserFacingPortal.Discuss","test_talk_to_my_team","TestTalkToMyTeamPageNavigationAndState","","","Verify that the My Posts, Meeting, and Replay tabs are not highlighted as active while Discuss is the default tab","Checks that the nav-link elements for the non-default tabs do not carry the 'active' class when the panel first opens on the Discuss tab."
"passed","Sun Sep 13 04:35:55 UTC 2026","Sun Sep 13 04:35:56 UTC 2026","1055","tests.PlayWrightTests.UserFacingPortal.Recipes","test_habirecipe_book","TestRecipeBook","","","View when user clicks 'Back to Recipes' button while recipe is generating should take to Recipe list page and should be displayed 'Your recipe being generated' message",""
"passed","Sun Sep 13 03:00:23 UTC 2026","Sun Sep 13 03:00:39 UTC 2026","15905","tests.PlayWrightTests.UserFacingPortal.HomePage","test_food","TestFoodLogging","","","Food logging: confirming a Breakfast item updates the Breakfast total","Checks confirming a selected Breakfast food increases the Breakfast meal's calorie total."
"passed","Sun Sep 13 03:33:24 UTC 2026","Sun Sep 13 03:33:38 UTC 2026","13495","tests.PlayWrightTests.UserFacingPortal.HomePage","test_mindful_minutes","TestMindfulMinutesActivityTypes","","","Activity type: logging with Walking selected increases today's total","Logs minutes with Walking chosen as the activity type and checks today's total updates correctly."
"broken","Sun Sep 13 04:49:04 UTC 2026","Sun Sep 13 04:49:50 UTC 2026","46128","tests.PlayWrightTests.UserFacingPortal","test_paywall_india","TestPaywallIndia","","","test_paywall_changing_program[chromium]",""
"passed","Sun Sep 13 04:28:45 UTC 2026","Sun Sep 13 04:28:54 UTC 2026","8922","tests.PlayWrightTests.UserFacingPortal.Profile","test_profile","TestProfile","","","Upload cancel (second instance): providing a valid file, Name and Type and then clicking 'Cancel' closes the dialog and the documents table row count remains unchanged",""
"passed","Sun Sep 13 04:27:38 UTC 2026","Sun Sep 13 04:27:40 UTC 2026","2068","tests.PlayWrightTests.UserFacingPortal.Profile","test_profile","TestProfile","","","Health Parameters edit: selecting Height = 6 feet 2 inches and Physical Activity = 'Light' and saving persists the values and renders Feet=6 / Inches=2 in the read-only view",""
"passed","Sun Sep 13 03:21:12 UTC 2026","Sun Sep 13 03:21:45 UTC 2026","32549","tests.PlayWrightTests.UserFacingPortal.HomePage","test_food","TestFoodCrossCutting","","","Food cross-cutting: logging to three different meal types in one session all reflect correctly","Checks logging one item each to Breakfast, Lunch, and Dinner in a single session updates the header Consumed value cumulatively for all three."
"passed","Sun Sep 13 04:33:50 UTC 2026","Sun Sep 13 04:33:50 UTC 2026","301","tests.PlayWrightTests.UserFacingPortal.Recipes","test_Search_the_web","TestSearchTheWeb","","","Search the Web: Search invalid food item and validate no recipes found state with appropriate image and text","p13: Search for an invalid food item and validate no recipes found state"
"passed","Sun Sep 13 02:36:23 UTC 2026","Sun Sep 13 02:36:23 UTC 2026","163","tests.PlayWrightTests.UserFacingPortal.HomePage","test_Set_Targets","Test_Set_Targets","","","Water Target plus/minus button functionality","Test plus/minus buttons increment/decrement correctly based on unit (oz or ml)."
"passed","Sun Sep 13 02:31:40 UTC 2026","Sun Sep 13 02:31:41 UTC 2026","197","tests.PlayWrightTests.UserFacingPortal.Health","test_tobacco","TestTobaccoSection","","","Verify entering a target value and clicking Cancel does not save the target value",""
"passed","Sun Sep 13 01:50:07 UTC 2026","Sun Sep 13 01:50:12 UTC 2026","5073","tests.PlayWrightTests.UserFacingPortal.Discuss","test_discussionReactions","TestUserDiscussionReactions","","","Given there are discussion posts, when I try to hover over Like button, then I should see all the available list of emojis",""
"passed","Sun Sep 13 04:27:43 UTC 2026","Sun Sep 13 04:27:44 UTC 2026","1425","tests.PlayWrightTests.UserFacingPortal.Profile","test_profile","TestProfile","","","Health Parameters edit: entering a valid numeric Waist value (32 inches) and saving persists the value and renders '32' in the read-only view",""
"passed","Sun Sep 13 03:29:33 UTC 2026","Sun Sep 13 03:29:39 UTC 2026","5789","tests.PlayWrightTests.UserFacingPortal.HomePage","test_mindful_minutes","TestMindfulMinutesCard","","","Mindful Minutes card: Add Minutes button is visible","Checks the Add Minutes button on the Mindful Minutes card can be seen on the page."
"passed","Sun Sep 13 04:26:26 UTC 2026","Sun Sep 13 04:26:26 UTC 2026","8","tests.PlayWrightTests.UserFacingPortal.Login","test_login_page","TestNeedHelpPageSpanish","","","Terms of Use link is visible in Spanish on the Need Help page",""
"failed","Sun Sep 13 02:15:11 UTC 2026","Sun Sep 13 02:15:24 UTC 2026","12331","tests.PlayWrightTests.UserFacingPortal.Health","test_blood_pressure","TestBloodPressureSection","","","Verify that a 'No data for last 30 days' notification is displayed on the widget for older historical logs",""
"passed","Sun Sep 13 04:26:26 UTC 2026","Sun Sep 13 04:26:26 UTC 2026","6","tests.PlayWrightTests.UserFacingPortal.Login","test_login_page","TestNeedHelpPageSpanish","","","Submit button is visible in Spanish on the Need Help page",""
"passed","Sun Sep 13 04:34:49 UTC 2026","Sun Sep 13 04:34:49 UTC 2026","8","tests.PlayWrightTests.UserFacingPortal.Recipes","test_habirecipe_book","TestRecipeBook","","","As a user When I click on the Food Allergies button, progress bar should be updated and not seen fully filled",""
"passed","Sun Sep 13 02:31:41 UTC 2026","Sun Sep 13 02:31:41 UTC 2026","247","tests.PlayWrightTests.UserFacingPortal.Health","test_tobacco","TestTobaccoSection","","","Verify validation error ('Tobacco count cannot be blank') is displayed when saving a blank target value",""
"passed","Sun Sep 13 04:35:54 UTC 2026","Sun Sep 13 04:35:54 UTC 2026","57","tests.PlayWrightTests.UserFacingPortal.Recipes","test_habirecipe_book","TestRecipeBook","","","View generated Habi recipe",""
"passed","Sun Sep 13 03:04:49 UTC 2026","Sun Sep 13 03:05:01 UTC 2026","11842","tests.PlayWrightTests.UserFacingPortal.HomePage","test_food","TestFoodEditItem","","","Food edit: Breakfast edit page shows the item's name and quantity","Checks opening the edit page for a Breakfast item shows its food name and a populated quantity field."
"passed","Sun Sep 13 02:13:56 UTC 2026","Sun Sep 13 02:13:58 UTC 2026","1807","tests.PlayWrightTests.UserFacingPortal.Habits","test_habits","TestHabitsFeature","","","Previous button retains Fixed frequency and weekday selection",""
"passed","Sun Sep 13 04:33:14 UTC 2026","Sun Sep 13 04:33:22 UTC 2026","7418","tests.PlayWrightTests.UserFacingPortal.Recipes","test_Search_the_web","TestSearchTheWeb","","","Search the Web: search recipe and add/remove favorite via action menu","p5: Search for a recipe and add/remove favorite via action menu"
"passed","Sun Sep 13 02:46:01 UTC 2026","Sun Sep 13 02:46:18 UTC 2026","16302","tests.PlayWrightTests.UserFacingPortal.HomePage","test_breathe_and_unwind","TestPerTechniqueResetAcrossPhases","","","Reset: Box Breathing resets to READY during phase 3 (Exhale)",""
"passed","Sun Sep 13 02:30:31 UTC 2026","Sun Sep 13 02:30:49 UTC 2026","18249","tests.PlayWrightTests.UserFacingPortal.Health","test_hba1c","TestHbA1cSection","","","Verify Cancel (X) Does Not Update Edited HbA1c Entry",""
"passed","Sun Sep 13 02:08:23 UTC 2026","Sun Sep 13 02:08:56 UTC 2026","33400","tests.PlayWrightTests.UserFacingPortal.Discuss","test_talk_to_my_team","TestTalkToMyTeamThreeDotsAndBlocking","","","Verify that the three-dots menu is entirely absent on a Coach's post","Confirms that a post authored by a Coach has no three-dots menu at all, for either editing or blocking."
"passed","Sun Sep 13 04:26:34 UTC 2026","Sun Sep 13 04:26:36 UTC 2026","2086","tests.PlayWrightTests.UserFacingPortal.Profile","test_profile","TestProfile","","","Profile dropdown: clicking the profile picture in the top navigation expands the dropdown and exposes the 'View Profile Details' link",""
"passed","Sun Sep 13 04:36:41 UTC 2026","Sun Sep 13 04:36:41 UTC 2026","2","tests.PlayWrightTests.UserFacingPortal.Recipes","test_habirecipe_book","TestRecipeBook","","","View save button is disabled until meal type is selected",""
"passed","Sun Sep 13 02:22:40 UTC 2026","Sun Sep 13 02:22:49 UTC 2026","9283","tests.PlayWrightTests.UserFacingPortal.Health","test_exercise","TestExerciseSection","","","Exercise Logging: entering a decimal minutes value less than 1 (0.5) is rejected with a validation error",""
"passed","Sun Sep 13 04:26:17 UTC 2026","Sun Sep 13 04:26:19 UTC 2026","1350","tests.PlayWrightTests.UserFacingPortal.Login","test_login_page","TestLoginPageSpanish","","","Logging in with an inactive account shows the inactive account error in Spanish",""
"passed","Sun Sep 13 03:04:21 UTC 2026","Sun Sep 13 03:04:32 UTC 2026","10376","tests.PlayWrightTests.UserFacingPortal.HomePage","test_food","TestFoodViewLogsNavigation","","","Food logs: all four meal tabs are visible on the log page","Checks Breakfast, Lunch, Dinner, and Snacks tabs are all visible on the food log page."
"passed","Sun Sep 13 04:26:16 UTC 2026","Sun Sep 13 04:26:17 UTC 2026","1342","tests.PlayWrightTests.UserFacingPortal.Login","test_login_page","TestLoginPageSpanish","","","Logging in with a deactivated account shows the deactivated account error in Spanish",""
"passed","Sun Sep 13 04:27:58 UTC 2026","Sun Sep 13 04:27:58 UTC 2026","76","tests.PlayWrightTests.UserFacingPortal.Profile","test_profile","TestProfile","","","Upload dialog: clicking the 'Upload' button opens the upload modal with the 'Upload' header and the accepted-formats / max-size helper text 'Max size 10MB (gif, jpg, jpeg, png, pdf)'",""
"passed","Sun Sep 13 02:52:16 UTC 2026","Sun Sep 13 02:52:24 UTC 2026","7671","tests.PlayWrightTests.UserFacingPortal.HomePage","test_food","TestFoodPageDailyMacros","","","Food page: daily Protein macro label is visible","Checks the day-level Protein macro label is visible in the nutrient summary."
"passed","Sun Sep 13 03:24:03 UTC 2026","Sun Sep 13 03:24:05 UTC 2026","2153","tests.PlayWrightTests.UserFacingPortal.HomePage","test_home_general","TestHomeGeneralHeader","","","Header: logo, discussion menu, notification bell, and profile dropdown are all visible","Checks the top header shows the HabitNu logo, discussion menu button, notification bell, and profile dropdown all at once."
"passed","Sun Sep 13 04:27:21 UTC 2026","Sun Sep 13 04:27:21 UTC 2026","71","tests.PlayWrightTests.UserFacingPortal.Profile","test_profile","TestProfile","","","Contact Details edit: clicking the 'Edit' link on the Contact Details card switches the section into edit mode and renders the 'Save' button",""
"passed","Sun Sep 13 04:14:14 UTC 2026","Sun Sep 13 04:14:27 UTC 2026","13130","tests.PlayWrightTests.UserFacingPortal.HomePage","test_upcoming_events","TestUpcomingEventsWidget","","","Upcoming Events: a meeting whose time has passed does not appear",""
"passed","Sun Sep 13 02:41:18 UTC 2026","Sun Sep 13 02:41:25 UTC 2026","7682","tests.PlayWrightTests.UserFacingPortal.HomePage","test_breathe_and_unwind","TestPerTechniqueSelectionState","","","Technique state: selecting Coherent Breathing shows 2 dashes, '-' phase, and 05:00 default",""
"passed","Sun Sep 13 04:30:11 UTC 2026","Sun Sep 13 04:30:18 UTC 2026","7442","tests.PlayWrightTests.UserFacingPortal.Recipes","test_MyRecipes","TestMyRecipes","","","And user is able to add & remove the favorite recipes",""
"passed","Sun Sep 13 04:30:27 UTC 2026","Sun Sep 13 04:30:37 UTC 2026","10122","tests.PlayWrightTests.UserFacingPortal.Recipes","test_MyRecipes","TestMyRecipes","","","And user is navigating to food section",""
"passed","Sun Sep 13 02:14:09 UTC 2026","Sun Sep 13 02:14:11 UTC 2026","1904","tests.PlayWrightTests.UserFacingPortal.Habits","test_habits","TestHabitsFeature","","","Flexible days default is 1 per week",""
"passed","Sun Sep 13 04:26:20 UTC 2026","Sun Sep 13 04:26:20 UTC 2026","2","tests.PlayWrightTests.UserFacingPortal.Login","test_login_page","TestNeedHelpPage","","","Email input placeholder text is correct",""
"passed","Sun Sep 13 02:29:58 UTC 2026","Sun Sep 13 02:30:00 UTC 2026","1634","tests.PlayWrightTests.UserFacingPortal.Health","test_hba1c","TestHbA1cSection","","","Verify successfully editing target to a new valid value",""
"passed","Sun Sep 13 04:25:28 UTC 2026","Sun Sep 13 04:25:29 UTC 2026","942","tests.PlayWrightTests.UserFacingPortal.Login","test_login_page","TestLoginPage","","","Clicking Register link opens the signup page in a new tab",""
"passed","Sun Sep 13 02:05:22 UTC 2026","Sun Sep 13 02:05:22 UTC 2026","79","tests.PlayWrightTests.UserFacingPortal.Discuss","test_talk_to_my_team","TestTalkToMyTeamAttachments","","","Verify that hovering the info icon next to 'Add files' shows the max file size tooltip","Hovers the info icon and confirms the tooltip describing the 10MB size limit and supported formats appears."
"passed","Sun Sep 13 02:35:41 UTC 2026","Sun Sep 13 02:35:42 UTC 2026","109","tests.PlayWrightTests.UserFacingPortal.HomePage","test_Set_Targets","Test_Set_Targets","","","Validate Grams section colors and text","Verify UI colors, text labels, and styling of Grams of each Macronutrient section"
"broken","Sun Sep 13 01:46:46 UTC 2026","Sun Sep 13 01:47:35 UTC 2026","49110","tests.PlayWrightTests.UserFacingPortal.Chatbot","test_chatbot_forLoggingWater","TestChatbotLogWater","","","Verify user can use habi chatbot to log water in oz, given prompt==I drank 39oz today, and says 'YES' to confirmation message",""
"broken","Sun Sep 13 04:30:37 UTC 2026","Sun Sep 13 04:30:47 UTC 2026","10058","tests.PlayWrightTests.UserFacingPortal.Recipes","test_MyRecipes","TestMyRecipes","","","And user is able to add Meal which is logged from my recipe",""
"failed","Sun Sep 13 03:59:30 UTC 2026","Sun Sep 13 03:59:50 UTC 2026","19236","tests.PlayWrightTests.UserFacingPortal.HomePage","test_streak","TestStreakWidgetGeneral","","","Streak Widget General Rule: cross-segment actions on the same day still count as one Current Streak increment",""
"passed","Sun Sep 13 02:08:56 UTC 2026","Sun Sep 13 02:09:02 UTC 2026","5384","tests.PlayWrightTests.UserFacingPortal.Discuss","test_talk_to_my_team","TestTalkToMyTeamThreeDotsAndBlocking","","","Verify that the three-dots menu is absent on the current user's own comment","Confirms a comment authored by the current user does not show a three-dots menu."
"passed","Sun Sep 13 02:23:17 UTC 2026","Sun Sep 13 02:23:26 UTC 2026","8797","tests.PlayWrightTests.UserFacingPortal.Health","test_exercise","TestExerciseSection","","","Exercise History: exercise history log is sorted in reverse chronological order (latest entries first)",""
"passed","Sun Sep 13 03:13:42 UTC 2026","Sun Sep 13 03:13:51 UTC 2026","9396","tests.PlayWrightTests.UserFacingPortal.HomePage","test_food","TestFoodDateNavigation","","","Food date nav: Breakfast macro labels remain visible on a historical date","Checks the Breakfast Carbs/Protein/Fat labels are still visible after navigating to a past date."
"passed","Sun Sep 13 03:59:01 UTC 2026","Sun Sep 13 03:59:12 UTC 2026","11129","tests.PlayWrightTests.UserFacingPortal.HomePage","test_streak","TestStreakWidgetGeneral","","","Streak Widget General Rule: a gap day breaks continuity and Current Streak falls back to one",""
"passed","Sun Sep 13 01:50:26 UTC 2026","Sun Sep 13 01:50:29 UTC 2026","2667","tests.PlayWrightTests.UserFacingPortal.Discuss","test_discussionReactions","TestUserDiscussionReactions","","","Given there are discussion posts with reactions done by user, when I logged into coach portal and visit this user posts, then coach should be able to see posts with user reactions",""
"passed","Sun Sep 13 02:57:59 UTC 2026","Sun Sep 13 02:58:09 UTC 2026","10770","tests.PlayWrightTests.UserFacingPortal.HomePage","test_food","TestFoodQuantityAdjustment","","","Food quantity: Snacks increment button increases the quantity","Checks clicking the increment (+) button raises the Snacks item's quantity above the default of 1."
"passed","Sun Sep 13 04:29:38 UTC 2026","Sun Sep 13 04:29:38 UTC 2026","120","tests.PlayWrightTests.UserFacingPortal.Profile","test_profile","TestProfile","","","Manage Devices: selecting 'Manage Devices' from the profile dropdown opens the page and a connected device header (one of Withings/Garmin/Fitbit) is rendered",""
"passed","Sun Sep 13 04:26:47 UTC 2026","Sun Sep 13 04:26:47 UTC 2026","91","tests.PlayWrightTests.UserFacingPortal.Profile","test_profile","TestProfile","","","Basic Information edit: clicking the 'Edit' link on the Basic Information card switches the section into edit mode and renders the 'Save' button",""
"passed","Sun Sep 13 02:35:40 UTC 2026","Sun Sep 13 02:35:41 UTC 2026","939","tests.PlayWrightTests.UserFacingPortal.HomePage","test_Set_Targets","Test_Set_Targets","","","Test macro redistribution and error validation","Test reducing components, redistribution, disabled options, and error when total != 100%"
"passed","Sun Sep 13 04:26:14 UTC 2026","Sun Sep 13 04:26:14 UTC 2026","84","tests.PlayWrightTests.UserFacingPortal.Login","test_login_page","TestLoginPageSpanish","","","Submitting empty email and password shows required field errors in Spanish",""
"passed","Sun Sep 13 04:34:48 UTC 2026","Sun Sep 13 04:34:48 UTC 2026","58","tests.PlayWrightTests.UserFacingPortal.Recipes","test_habirecipe_book","TestRecipeBook","","","Verify user can navigate to recipe preferences page",""
"passed","Sun Sep 13 02:15:01 UTC 2026","Sun Sep 13 02:15:01 UTC 2026","148","tests.PlayWrightTests.UserFacingPortal.Health","test_blood_pressure","TestBloodPressureSection","","","Verify target edit error when clearing systolic input field",""
"passed","Sun Sep 13 02:30:51 UTC 2026","Sun Sep 13 02:30:54 UTC 2026","3113","tests.PlayWrightTests.UserFacingPortal.Health","test_hba1c","TestHbA1cSection","","","Verify Delete Confirmation Popup",""
"passed","Sun Sep 13 02:16:51 UTC 2026","Sun Sep 13 02:16:51 UTC 2026","566","tests.PlayWrightTests.UserFacingPortal.Health","test_blood_sugar","TestBloodSugarSection","","","Verify that adding today's After Meal blood sugar entry shows correctly in the widget",""
"passed","Sun Sep 13 02:30:54 UTC 2026","Sun Sep 13 02:30:56 UTC 2026","2082","tests.PlayWrightTests.UserFacingPortal.Health","test_hba1c","TestHbA1cSection","","","Verify Week Filter Displays Correct HbA1c Records",""
"passed","Sun Sep 13 04:29:09 UTC 2026","Sun Sep 13 04:29:15 UTC 2026","5845","tests.PlayWrightTests.UserFacingPortal.Profile","test_profile","TestProfile","","","Uploaded documents: clicking the 'Delete' icon and cancelling with 'No' on the confirmation dialog dismisses the dialog and the row remains intact in the documents table",""
"skipped","Sun Sep 13 04:06:08 UTC 2026","Sun Sep 13 04:07:06 UTC 2026","58262","tests.PlayWrightTests.UserFacingPortal.HomePage","test_streak","TestStreakWidgetCoach","","","Streak Widget Coach Segment: creating a coach interaction record through coach APIs increments Current Streak",""
"passed","Sun Sep 13 02:19:11 UTC 2026","Sun Sep 13 02:19:20 UTC 2026","9414","tests.PlayWrightTests.UserFacingPortal.Health","test_exercise","TestExerciseSection","","","Exercise Validation: verifying an error message ('Steps must be less than or equal to 100000') is displayed when entering steps greater than 100000",""
"passed","Sun Sep 13 03:19:23 UTC 2026","Sun Sep 13 03:20:08 UTC 2026","44579","tests.PlayWrightTests.UserFacingPortal.HomePage","test_food","TestFoodCrossCutting","","","Food cross-cutting: editing an item and reloading shows the updated total","Checks that after editing a logged item's quantity, a full page reload still reflects the recalculated total rather than reverting it."
"passed","Sun Sep 13 01:54:23 UTC 2026","Sun Sep 13 01:54:26 UTC 2026","2553","tests.PlayWrightTests.UserFacingPortal.Discuss","test_talk_to_my_team","TestTalkToMyTeamDiscussTab","","","Verify that a user can edit the subject and description of an existing post in the Discuss tab",""
"passed","Sun Sep 13 02:17:44 UTC 2026","Sun Sep 13 02:17:55 UTC 2026","11227","tests.PlayWrightTests.UserFacingPortal.Health","test_exercise","TestExerciseSection","","","Exercise Empty State: navigating to the health tab renders the empty state title 'No data recorded yet' and the 'Add New' button is visible",""
"passed","Sun Sep 13 03:25:54 UTC 2026","Sun Sep 13 03:26:06 UTC 2026","11906","tests.PlayWrightTests.UserFacingPortal.HomePage","test_home_general","TestHomeGeneralHabits","","","Habits page: Active Habits tab and the weekly day labels are visible","Checks the Active Habits tab and the Monday-through-Sunday weekly calendar labels are both visible on the Habits page."
"passed","Sun Sep 13 04:33:22 UTC 2026","Sun Sep 13 04:33:25 UTC 2026","3569","tests.PlayWrightTests.UserFacingPortal.Recipes","test_Search_the_web","TestSearchTheWeb","","","Search the Web: search recipe and add/remove favorite via favorite icon","p6: Search for a recipe and add/remove favorite via favorite icon"
"passed","Sun Sep 13 02:53:11 UTC 2026","Sun Sep 13 02:53:18 UTC 2026","7336","tests.PlayWrightTests.UserFacingPortal.HomePage","test_food","TestFoodPageMealSections","","","Food page: Dinner section shows its header, macro labels, and Add button","Checks the Dinner meal section header, Carbs/Protein/Fat labels, and Add Dinner button are all visible."
"passed","Sun Sep 13 04:25:28 UTC 2026","Sun Sep 13 04:25:28 UTC 2026","7","tests.PlayWrightTests.UserFacingPortal.Login","test_login_page","TestLoginPage","","","Password input field is visible on the login page",""
"passed","Sun Sep 13 04:25:32 UTC 2026","Sun Sep 13 04:25:33 UTC 2026","1354","tests.PlayWrightTests.UserFacingPortal.Login","test_login_page","TestLoginPage","","","Logging in with a deactivated account shows the account deactivated error message",""
"passed","Sun Sep 13 04:26:20 UTC 2026","Sun Sep 13 04:26:20 UTC 2026","88","tests.PlayWrightTests.UserFacingPortal.Login","test_login_page","TestNeedHelpPage","","","Submitting with category only shows email required error",""
"passed","Sun Sep 13 02:50:15 UTC 2026","Sun Sep 13 02:50:27 UTC 2026","12762","tests.PlayWrightTests.UserFacingPortal.HomePage","test_explore_section","TestExploreSection","","","Explore section: clicking Medication opens the medication log with an enabled Add Medication button",""
"passed","Sun Sep 13 04:07:38 UTC 2026","Sun Sep 13 04:07:50 UTC 2026","12195","tests.PlayWrightTests.UserFacingPortal.HomePage","test_talktomycoach","TestDashboardChat","","","TC16 – Verify that multiple consecutive messages sent one after another all appear correctly in the chat conversation in order",""
"passed","Sun Sep 13 01:50:29 UTC 2026","Sun Sep 13 01:50:48 UTC 2026","18769","tests.PlayWrightTests.UserFacingPortal.Discuss","test_discussionReactions","TestUserDiscussionReactions","","","Given there are discussion posts with reactions done by user and coach, when user logged into web portal and visits the post, then user should be able to see all reactions including coach's reactions and 'You reacted' text changing to 'You and 1 other' with respective emojis",""
"passed","Sun Sep 13 04:26:20 UTC 2026","Sun Sep 13 04:26:20 UTC 2026","83","tests.PlayWrightTests.UserFacingPortal.Login","test_login_page","TestNeedHelpPage","","","Submitting with message only shows email required error",""
"passed","Sun Sep 13 03:28:03 UTC 2026","Sun Sep 13 03:28:06 UTC 2026","3540","tests.PlayWrightTests.UserFacingPortal.HomePage","test_home_greetings","TestHomeGreetings","","","Home Greeting: greeting at 19:00 should be Good evening",""
"passed","Sun Sep 13 02:40:25 UTC 2026","Sun Sep 13 02:40:33 UTC 2026","7582","tests.PlayWrightTests.UserFacingPortal.HomePage","test_breathe_and_unwind","TestSettingsInteractionsIdle","","","Settings (idle): Auto-restart toggle switches ON and back OFF",""
"passed","Sun Sep 13 02:16:12 UTC 2026","Sun Sep 13 02:16:25 UTC 2026","13212","tests.PlayWrightTests.UserFacingPortal.Health","test_blood_sugar","TestBloodSugarSection","","","Verify that adding a historical Fasting blood sugar entry displays correctly in the current widget value",""
"passed","Sun Sep 13 04:27:49 UTC 2026","Sun Sep 13 04:27:50 UTC 2026","1479","tests.PlayWrightTests.UserFacingPortal.Profile","test_profile","TestProfile","","","Health Parameters edit: selecting Current Physical Activity = 'Medium' and saving persists the value and renders 'Medium' in the read-only view",""
"passed","Sun Sep 13 04:27:40 UTC 2026","Sun Sep 13 04:27:41 UTC 2026","1407","tests.PlayWrightTests.UserFacingPortal.Profile","test_profile","TestProfile","","","Health Parameters edit: leaving the Waist (inches) field blank and saving defaults the stored value to '0inches' in the read-only view",""
"broken","Sun Sep 13 02:34:52 UTC 2026","Sun Sep 13 02:34:52 UTC 2026","0","tests.PlayWrightTests.UserFacingPortal.Health","test_weights","TestUserPlaywright","","","Given I am logged into the user portal, when I am on health page, then I should see the Add New button against all health parameters and able to click on Add New button",""
"passed","Sun Sep 13 04:26:26 UTC 2026","Sun Sep 13 04:26:26 UTC 2026","2","tests.PlayWrightTests.UserFacingPortal.Login","test_login_page","TestNeedHelpPageSpanish","","","Message input placeholder text is correct in Spanish",""
"passed","Sun Sep 13 02:39:16 UTC 2026","Sun Sep 13 02:39:29 UTC 2026","12046","tests.PlayWrightTests.UserFacingPortal.HomePage","test_breathe_and_unwind","TestEditTimeControls","","","Edit Time: timer cannot go above 30 minutes",""
"passed","Sun Sep 13 03:10:08 UTC 2026","Sun Sep 13 03:10:13 UTC 2026","4702","tests.PlayWrightTests.UserFacingPortal.HomePage","test_food","TestFoodCalculationConsistency","","","Food calculation: kcal status text matches Consumed-vs-Goal relation","Checks the gauge shows 'kcal left' when Consumed is under Goal and 'kcal over' when Consumed exceeds Goal."
"passed","Sun Sep 13 04:26:27 UTC 2026","Sun Sep 13 04:26:27 UTC 2026","353","tests.PlayWrightTests.UserFacingPortal.Login","test_login_page","TestNeedHelpPageSpanish","","","Submitting with an invalid email format shows invalid email error in Spanish",""
"skipped","Sun Sep 13 02:14:40 UTC 2026","Sun Sep 13 02:14:40 UTC 2026","0","tests.PlayWrightTests.UserFacingPortal.Habits","test_habits","TestHabitsFeature","","","test_notifications_push_only[chromium]",""
"passed","Sun Sep 13 02:31:41 UTC 2026","Sun Sep 13 02:31:41 UTC 2026","181","tests.PlayWrightTests.UserFacingPortal.Health","test_tobacco","TestTobaccoSection","","","Verify validation error ('Must be greater than or equal to 0') is displayed when saving a negative target value",""
"passed","Sun Sep 13 04:30:48 UTC 2026","Sun Sep 13 04:30:57 UTC 2026","8465","tests.PlayWrightTests.UserFacingPortal.Recipes","test_MyRecipes","TestMyRecipes","","","And user is able to search the recipe",""
"passed","Sun Sep 13 04:11:46 UTC 2026","Sun Sep 13 04:12:05 UTC 2026","18697","tests.PlayWrightTests.UserFacingPortal.HomePage","test_upcoming_events","TestUpcomingEventsWidget","","","Upcoming Events: near-term event appears with Join affordance",""
"passed","Sun Sep 13 02:31:56 UTC 2026","Sun Sep 13 02:31:59 UTC 2026","2699","tests.PlayWrightTests.UserFacingPortal.Health","test_tobacco","TestTobaccoSection","","","Verify editing target with a value greater than 99 displays validation error and prevents saving",""
"passed","Sun Sep 13 04:34:49 UTC 2026","Sun Sep 13 04:35:01 UTC 2026","11197","tests.PlayWrightTests.UserFacingPortal.Recipes","test_habirecipe_book","TestRecipeBook","","","As a user When I click on the DIETARY_RESTRICTIONS_BUTTON, it should take to Dietary restrictions page",""
"passed","Sun Sep 13 04:30:05 UTC 2026","Sun Sep 13 04:30:05 UTC 2026","11","tests.PlayWrightTests.UserFacingPortal.Recipes","test_MyRecipes","TestMyRecipes","","","And user is able to validate added ingredient toast message",""
"passed","Sun Sep 13 04:27:47 UTC 2026","Sun Sep 13 04:27:47 UTC 2026","186","tests.PlayWrightTests.UserFacingPortal.Profile","test_profile","TestProfile","","","Health Parameters validation: entering alphabetic characters in the Hips field displays the inline error 'Hips is not a number'",""
"passed","Sun Sep 13 02:35:44 UTC 2026","Sun Sep 13 02:35:45 UTC 2026","1255","tests.PlayWrightTests.UserFacingPortal.HomePage","test_Set_Targets","Test_Set_Targets","","","Select yesterday from calendar and navigate forward","Test selecting yesterday's date (-1 day), then clicking forward button and verifying can enter data in calorie section"
"passed","Sun Sep 13 04:26:20 UTC 2026","Sun Sep 13 04:26:20 UTC 2026","2","tests.PlayWrightTests.UserFacingPortal.Login","test_login_page","TestNeedHelpPage","","","Message input placeholder text is correct",""
"passed","Sun Sep 13 02:30:18 UTC 2026","Sun Sep 13 02:30:21 UTC 2026","2410","tests.PlayWrightTests.UserFacingPortal.Health","test_hba1c","TestHbA1cSection","","","Verify Decimal Values are Accepted",""
"passed","Sun Sep 13 04:14:34 UTC 2026","Sun Sep 13 04:14:46 UTC 2026","12128","tests.PlayWrightTests.UserFacingPortal.HomePage","test_water_widget","TestWaterWidgetDashboard","","","Water widget: the widget is visible on the dashboard",""
"passed","Sun Sep 13 04:20:39 UTC 2026","Sun Sep 13 04:20:47 UTC 2026","8216","tests.PlayWrightTests.UserFacingPortal.HomePage","test_water_widget","TestWaterLogHistory","","","Water log page: shows 'No logs yet' when nothing has been logged for the day",""
"passed","Sun Sep 13 03:30:34 UTC 2026","Sun Sep 13 03:30:47 UTC 2026","13800","tests.PlayWrightTests.UserFacingPortal.HomePage","test_mindful_minutes","TestMindfulMinutesPresetDurations","","","Preset duration: logging the 15 min preset increases today's total by 15","Picks the 15 min quick-select button, saves it, and checks today's total goes up by exactly 15 minutes."
"passed","Sun Sep 13 03:08:22 UTC 2026","Sun Sep 13 03:08:43 UTC 2026","20500","tests.PlayWrightTests.UserFacingPortal.HomePage","test_food","TestFoodDeleteItem","","","Food delete: choosing Yes on Snacks removes the item","Checks clicking Yes on the Snacks delete confirmation decreases the logged item count."
"passed","Sun Sep 13 04:46:01 UTC 2026","Sun Sep 13 04:46:16 UTC 2026","14381","tests.PlayWrightTests.UserFacingPortal","test_eula_banner","TestEulaBanner","","","EULA modal displays a language switcher and Accept/Decline buttons","Verifies the language switcher, Accept button, and Decline button are all visible."
"passed","Sun Sep 13 01:54:26 UTC 2026","Sun Sep 13 01:54:48 UTC 2026","22382","tests.PlayWrightTests.UserFacingPortal.Discuss","test_talk_to_my_team","TestTalkToMyTeamDiscussTab","","","Verify that a user can edit a post and remove all previously uploaded files in the Discuss tab",""
"passed","Sun Sep 13 02:14:13 UTC 2026","Sun Sep 13 02:14:14 UTC 2026","1581","tests.PlayWrightTests.UserFacingPortal.Habits","test_habits","TestHabitsFeature","","","Test 14: Plus button increases frequency to 2",""
"passed","Sun Sep 13 04:26:23 UTC 2026","Sun Sep 13 04:26:23 UTC 2026","640","tests.PlayWrightTests.UserFacingPortal.Login","test_login_page","TestNeedHelpPage","","","Submitting with email, subject and message shows success toaster",""
"passed","Sun Sep 13 04:27:03 UTC 2026","Sun Sep 13 04:27:05 UTC 2026","2552","tests.PlayWrightTests.UserFacingPortal.Profile","test_profile","TestProfile","","","Basic Information edit: clearing the Date of Birth field and attempting to save is handled gracefully without crashing the form",""
"passed","Sun Sep 13 03:28:52 UTC 2026","Sun Sep 13 03:29:02 UTC 2026","10390","tests.PlayWrightTests.UserFacingPortal.HomePage","test_home_greetings","TestHomeGreetingsCohortWeekEdgeCases","","","Home Greeting: cohort dpp date 10 days ago shows Week 2",""
"passed","Sun Sep 13 03:12:51 UTC 2026","Sun Sep 13 03:13:01 UTC 2026","10904","tests.PlayWrightTests.UserFacingPortal.HomePage","test_food","TestFoodDateNavigation","","","Food date nav: navigating back then forward returns to Today's original date title","Checks clicking Previous then Next returns the date navigator to Today's original title."
"passed","Sun Sep 13 04:21:12 UTC 2026","Sun Sep 13 04:21:23 UTC 2026","11439","tests.PlayWrightTests.UserFacingPortal.HomePage","test_water_widget","TestWaterLogEdit","","","Water log page: editing a logged entry updates the day's total correctly",""
"passed","Sun Sep 13 04:03:25 UTC 2026","Sun Sep 13 04:03:57 UTC 2026","31617","tests.PlayWrightTests.UserFacingPortal.HomePage","test_streak","TestStreakWidgetHealth","","","Streak Widget Health Segment: logging weight through chatbot increments Current Streak by one",""
"passed","Sun Sep 13 04:19:20 UTC 2026","Sun Sep 13 04:19:30 UTC 2026","10147","tests.PlayWrightTests.UserFacingPortal.HomePage","test_water_widget","TestWaterLogPresets","","","Water log page: tapping the 946 ml preset button logs exactly 946 ml",""
"passed","Sun Sep 13 03:20:08 UTC 2026","Sun Sep 13 03:20:25 UTC 2026","17503","tests.PlayWrightTests.UserFacingPortal.HomePage","test_food","TestFoodCrossCutting","","","Food cross-cutting: navigating to Home and back preserves the meal total","Checks navigating away to the Home tab and back to Food shows the same Breakfast calorie total as before leaving."
"passed","Sun Sep 13 02:26:25 UTC 2026","Sun Sep 13 02:26:34 UTC 2026","8787","tests.PlayWrightTests.UserFacingPortal.Health","test_exercise","TestExerciseSection","","","Exercise Logging: a success message is displayed after saving an Exercise entry",""
"passed","Sun Sep 13 02:44:14 UTC 2026","Sun Sep 13 02:44:29 UTC 2026","14832","tests.PlayWrightTests.UserFacingPortal.HomePage","test_breathe_and_unwind","TestPerTechniquePauseResume","","","Pause/resume: Coherent Breathing timer halts on pause and resumes from the exact paused point",""
"broken","Sun Sep 13 04:40:16 UTC 2026","Sun Sep 13 04:40:46 UTC 2026","30003","tests.PlayWrightTests.UserFacingPortal","test_India_users","TestUserPlaywright","","","test_verify_timezone_profile[chromium]",""
"passed","Sun Sep 13 02:50:43 UTC 2026","Sun Sep 13 02:51:01 UTC 2026","17246","tests.PlayWrightTests.UserFacingPortal.HomePage","test_explore_section","TestExploreSection","","","Explore section: clicking Recipes opens the Recipe Book with its tabs and real recipe suggestions",""
"passed","Sun Sep 13 03:13:34 UTC 2026","Sun Sep 13 03:13:42 UTC 2026","7834","tests.PlayWrightTests.UserFacingPortal.HomePage","test_food","TestFoodDateNavigation","","","Food date nav: Add Breakfast button remains visible on a historical date","Checks the Add Breakfast button is still visible and usable after navigating to a past date."
"passed","Sun Sep 13 03:01:56 UTC 2026","Sun Sep 13 03:02:25 UTC 2026","28531","tests.PlayWrightTests.UserFacingPortal.HomePage","test_food","TestFoodLogging","","","Food logging: multiple Dinner items accumulate in the Dinner total","Checks logging two Dinner items in succession strictly increases the Dinner total each time."
"passed","Sun Sep 13 04:31:35 UTC 2026","Sun Sep 13 04:31:37 UTC 2026","1434","tests.PlayWrightTests.UserFacingPortal.Recipes","test_MyRecipes","TestMyRecipes","","","verify Create Your Recipe button is disabled when Recipe Name * field is empty",""
"passed","Sun Sep 13 03:32:42 UTC 2026","Sun Sep 13 03:32:57 UTC 2026","14103","tests.PlayWrightTests.UserFacingPortal.HomePage","test_mindful_minutes","TestMindfulMinutesActivityTypes","","","Activity type: logging with Yoga selected increases today's total","Logs minutes with Yoga chosen as the activity type and checks today's total updates correctly."
"passed","Sun Sep 13 02:51:30 UTC 2026","Sun Sep 13 02:51:35 UTC 2026","4714","tests.PlayWrightTests.UserFacingPortal.HomePage","test_food","TestFoodPageOverview","","","Food page: Consumed value is a real, non-negative number","Checks the Consumed calorie value in the header nutrient summary is a valid non-negative number."
"passed","Sun Sep 13 02:34:21 UTC 2026","Sun Sep 13 02:34:23 UTC 2026","2598","tests.PlayWrightTests.UserFacingPortal.Health","test_tobacco","TestTobaccoSection","","","Verify Week Filter Functionality: Selecting 'Last week' filter updates history list to display current week's records",""
"passed","Sun Sep 13 04:26:30 UTC 2026","Sun Sep 13 04:26:31 UTC 2026","1182","tests.PlayWrightTests.UserFacingPortal.Login","test_login_page","TestNeedHelpPageSpanish","","","Submitting with all fields including file attachment shows success toaster in Spanish",""
"passed","Sun Sep 13 02:28:51 UTC 2026","Sun Sep 13 02:28:59 UTC 2026","8980","tests.PlayWrightTests.UserFacingPortal.Health","test_exercise","TestExerciseSection","","","Exercise Input: holding spinner continuously increments/decrements the value",""
"passed","Sun Sep 13 02:35:37 UTC 2026","Sun Sep 13 02:35:39 UTC 2026","1901","tests.PlayWrightTests.UserFacingPortal.HomePage","test_Set_Targets","Test_Set_Targets","","","Verify calorie counter component","Validate text, icons and dynamic calorie counter value"
"passed","Sun Sep 13 02:52:45 UTC 2026","Sun Sep 13 02:52:51 UTC 2026","5696","tests.PlayWrightTests.UserFacingPortal.HomePage","test_food","TestFoodPageSubNutrients","","","Food page: Sugar sub-nutrient label is visible","Checks the Sugar sub-nutrient card label is visible on the Food page."
"passed","Sun Sep 13 04:27:52 UTC 2026","Sun Sep 13 04:27:58 UTC 2026","5638","tests.PlayWrightTests.UserFacingPortal.Profile","test_profile","TestProfile","","","Upload/View Files: navigating to 'Upload/View Files' from the profile dropdown renders the section header and exposes the 'Upload' control",""
"passed","Sun Sep 13 03:37:38 UTC 2026","Sun Sep 13 03:37:50 UTC 2026","11959","tests.PlayWrightTests.UserFacingPortal.HomePage","test_mood_logging","TestMoodHistoryTabs","","","Mood History: Week tab shows the Mood Distribution and Mood Calendar cards",""
"passed","Sun Sep 13 03:27:59 UTC 2026","Sun Sep 13 03:28:03 UTC 2026","4032","tests.PlayWrightTests.UserFacingPortal.HomePage","test_home_greetings","TestHomeGreetings","","","Home Greeting: greeting at 14:00 should be Good afternoon",""
"passed","Sun Sep 13 04:07:18 UTC 2026","Sun Sep 13 04:07:19 UTC 2026","144","tests.PlayWrightTests.UserFacingPortal.HomePage","test_talktomycoach","TestDashboardChat","","","TC06 – Verify the send arrow button is visible and in an enabled clickable state inside the coach modal",""
"passed","Sun Sep 13 02:21:25 UTC 2026","Sun Sep 13 02:21:35 UTC 2026","9874","tests.PlayWrightTests.UserFacingPortal.Health","test_exercise","TestExerciseSection","","","Exercise Target: verifying a user can successfully configure a valid target value (500 min) and it is displayed on the widget",""
"passed","Sun Sep 13 04:25:35 UTC 2026","Sun Sep 13 04:25:35 UTC 2026","11","tests.PlayWrightTests.UserFacingPortal.Login","test_login_page","TestLoginPage","","","Send Code Via Email button is visible and has the correct label on the code delivery page",""
"passed","Sun Sep 13 03:20:25 UTC 2026","Sun Sep 13 03:21:12 UTC 2026","46940","tests.PlayWrightTests.UserFacingPortal.HomePage","test_food","TestFoodCrossCutting","","","Food cross-cutting: a logged item is still visible on View Logs after leaving and returning","Checks a freshly logged item still appears on the View Logs page after navigating away to the Food dashboard and back."
"passed","Sun Sep 13 02:14:05 UTC 2026","Sun Sep 13 02:14:09 UTC 2026","3253","tests.PlayWrightTests.UserFacingPortal.Habits","test_habits","TestHabitsFeature","","","Create Fixed habit with Monday and Noon/Night",""
"passed","Sun Sep 13 04:27:36 UTC 2026","Sun Sep 13 04:27:37 UTC 2026","1404","tests.PlayWrightTests.UserFacingPortal.Profile","test_profile","TestProfile","","","Contact Details structural validation: the edit form exposes exactly the expected fields (phone, addressLine1, addressLine2, city, state, zipCode, addressConfirmedCheckbox) with an 'I confirm' label and an enabled Save button — no unexpected inputs are present",""
"passed","Sun Sep 13 02:56:12 UTC 2026","Sun Sep 13 02:56:20 UTC 2026","8638","tests.PlayWrightTests.UserFacingPortal.HomePage","test_food","TestFoodSelectResult","","","Food select: Snacks shows selected food name, calories, default quantity","Checks selecting a Snacks search result shows the food name, a calorie value, and a default quantity of 1."
"passed","Sun Sep 13 02:15:00 UTC 2026","Sun Sep 13 02:15:01 UTC 2026","97","tests.PlayWrightTests.UserFacingPortal.Health","test_blood_pressure","TestBloodPressureSection","","","Verify that target modifications are reverted to previous configurations when editing is cancelled",""
"passed","Sun Sep 13 03:41:17 UTC 2026","Sun Sep 13 03:41:36 UTC 2026","18315","tests.PlayWrightTests.UserFacingPortal.HomePage","test_ripples","TestRipplesDefaultState","","","Ripples: background music plays by default and sound icon shows unmuted",""
"passed","Sun Sep 13 04:27:52 UTC 2026","Sun Sep 13 04:27:52 UTC 2026","121","tests.PlayWrightTests.UserFacingPortal.Profile","test_profile","TestProfile","","","Health Parameters edit: opening the Health Parameters edit modal and clicking the close (X) icon without changing any fields discards the modal and preserves prior values",""
"passed","Sun Sep 13 04:35:17 UTC 2026","Sun Sep 13 04:35:17 UTC 2026","36","tests.PlayWrightTests.UserFacingPortal.Recipes","test_habirecipe_book","TestRecipeBook","","","As a user When I fill the search input with a valid ingredient, Verify ingredient is added",""
"passed","Sun Sep 13 02:54:05 UTC 2026","Sun Sep 13 02:54:13 UTC 2026","7934","tests.PlayWrightTests.UserFacingPortal.HomePage","test_food","TestFoodSearchResults","","","Food search: Breakfast search for a partial food name returns results","Checks searching Breakfast foods for the partial term 'appl' returns at least one matching result."
"passed","Sun Sep 13 02:15:35 UTC 2026","Sun Sep 13 02:15:49 UTC 2026","13995","tests.PlayWrightTests.UserFacingPortal.Health","test_blood_sugar","TestBloodSugarSection","","","Verify that the Set Target button is displayed in the empty state when no target is set",""
"passed","Sun Sep 13 04:09:06 UTC 2026","Sun Sep 13 04:09:06 UTC 2026","248","tests.PlayWrightTests.UserFacingPortal.HomePage","test_talktomycoach","TestDashboardChat","","","TC30 – Verify that pressing Shift+Enter inserts a new line in the input and does not send the message",""
"passed","Sun Sep 13 02:04:41 UTC 2026","Sun Sep 13 02:04:41 UTC 2026","5","tests.PlayWrightTests.UserFacingPortal.Discuss","test_talk_to_my_team","TestTalkToMyTeamPageNavigationAndState","","","Verify that the share-post section (subject, description, and Post button) is visible on the Discuss tab","Confirms the subject input, description textarea, and Post button are all visible as soon as the Discuss tab loads."
"passed","Sun Sep 13 04:09:03 UTC 2026","Sun Sep 13 04:09:04 UTC 2026","1300","tests.PlayWrightTests.UserFacingPortal.HomePage","test_talktomycoach","TestDashboardChat","","","TC25 – Verify reopening chat retains previous messages",""
"passed","Sun Sep 13 04:09:06 UTC 2026","Sun Sep 13 04:09:06 UTC 2026","149","tests.PlayWrightTests.UserFacingPortal.HomePage","test_talktomycoach","TestDashboardChat","","","TC29 – Verify that the message input enforces an 800-character maximum length",""
"passed","Sun Sep 13 04:26:26 UTC 2026","Sun Sep 13 04:26:26 UTC 2026","8","tests.PlayWrightTests.UserFacingPortal.Login","test_login_page","TestNeedHelpPageSpanish","","","Subject label is visible in Spanish on the Need Help page",""
"passed","Sun Sep 13 01:56:27 UTC 2026","Sun Sep 13 01:56:27 UTC 2026","489","tests.PlayWrightTests.UserFacingPortal.Discuss","test_talk_to_my_team","TestTalkToMyTeamDiscussTab","","","Verify that cancelling the block content action leaves the post unblocked and the post count unchanged in the Discuss tab",""
"passed","Sun Sep 13 01:58:19 UTC 2026","Sun Sep 13 01:58:32 UTC 2026","13140","tests.PlayWrightTests.UserFacingPortal.Discuss","test_talk_to_my_team","TestTalkToMyTeamMyPostsTab","","","Verify that a user can create a post with a PDF document attachment in the My Posts tab",""
"passed","Sun Sep 13 04:26:14 UTC 2026","Sun Sep 13 04:26:16 UTC 2026","2354","tests.PlayWrightTests.UserFacingPortal.Login","test_login_page","TestLoginPageSpanish","","","Entering a valid email with an incorrect password shows wrong credentials error in Spanish",""
"passed","Sun Sep 13 04:09:04 UTC 2026","Sun Sep 13 04:09:05 UTC 2026","183","tests.PlayWrightTests.UserFacingPortal.HomePage","test_talktomycoach","TestDashboardChat","","","TC27 – Verify that after sending a message today, the chat conversation displays a date label for the current day (e.g. 'Today')",""
"passed","Sun Sep 13 03:37:50 UTC 2026","Sun Sep 13 03:38:02 UTC 2026","12062","tests.PlayWrightTests.UserFacingPortal.HomePage","test_mood_logging","TestMoodHistoryTabs","","","Mood History: Month tab shows the Mood Distribution and Mood Calendar cards",""
"passed","Sun Sep 13 02:16:52 UTC 2026","Sun Sep 13 02:16:55 UTC 2026","2594","tests.PlayWrightTests.UserFacingPortal.Health","test_blood_sugar","TestBloodSugarSection","","","Verify that yesterday's Fasting blood sugar entry is saved successfully",""
"passed","Sun Sep 13 02:21:09 UTC 2026","Sun Sep 13 02:21:17 UTC 2026","8447","tests.PlayWrightTests.UserFacingPortal.Health","test_exercise","TestExerciseSection","","","Exercise Target Validation: verifying an error message ('Minutes must be greater than or equal to 1') is displayed when entering a negative target value",""
"failed","Sun Sep 13 02:25:08 UTC 2026","Sun Sep 13 02:25:22 UTC 2026","14533","tests.PlayWrightTests.UserFacingPortal.Health","test_exercise","TestExerciseSection","","","Exercise Graph: opening the graph view, checking empty/filled states, and closing the modal",""
"passed","Sun Sep 13 03:29:42 UTC 2026","Sun Sep 13 03:29:49 UTC 2026","6740","tests.PlayWrightTests.UserFacingPortal.HomePage","test_mindful_minutes","TestMindfulMinutesModal","","","Add Mindful Minutes modal: opens when Add Minutes is clicked","Clicks the Add Minutes button and checks the Add Mindful Minutes popup opens."
"passed","Sun Sep 13 02:49:36 UTC 2026","Sun Sep 13 02:49:56 UTC 2026","19555","tests.PlayWrightTests.UserFacingPortal.HomePage","test_explore_section","TestExploreSection","","","Explore section: clicking Fitness Videos opens the fitness library with real workout entries",""
"passed","Sun Sep 13 02:14:09 UTC 2026","Sun Sep 13 02:14:09 UTC 2026","8","tests.PlayWrightTests.UserFacingPortal.Habits","test_habits","TestHabitsFeature","","","Habit detail page has all required buttons",""
"passed","Sun Sep 13 04:05:49 UTC 2026","Sun Sep 13 04:06:01 UTC 2026","11633","tests.PlayWrightTests.UserFacingPortal.HomePage","test_streak","TestStreakWidgetDiscussion","","","Streak Widget Discussion Segment: creating a post and adding a comment in the same flow increments Current Streak",""
"passed","Sun Sep 13 04:29:04 UTC 2026","Sun Sep 13 04:29:09 UTC 2026","4770","tests.PlayWrightTests.UserFacingPortal.Profile","test_profile","TestProfile","","","Uploaded documents: clicking the 'Delete' icon and confirming with 'Yes' on the confirmation dialog triggers the delete flow (current backend behavior leaves the row in the table)",""
"broken","Sun Sep 13 02:32:43 UTC 2026","Sun Sep 13 02:33:14 UTC 2026","30567","tests.PlayWrightTests.UserFacingPortal.Health","test_tobacco","TestTobaccoSection","","","Verify graph view displays filtered data points and tooltip year when 'Last month' filter is selected",""
"passed","Sun Sep 13 02:29:56 UTC 2026","Sun Sep 13 02:29:56 UTC 2026","163","tests.PlayWrightTests.UserFacingPortal.Health","test_hba1c","TestHbA1cSection","","","Verify validation error blocks saving negative target values",""
"passed","Sun Sep 13 02:05:32 UTC 2026","Sun Sep 13 02:05:59 UTC 2026","26640","tests.PlayWrightTests.UserFacingPortal.Discuss","test_talk_to_my_team","TestTalkToMyTeamAttachments","","","Verify that the 10MB attachment size boundary is enforced","Confirms a file over 10MB is rejected with an inline 'Max size 10Mb' error, and a file under 10MB uploads without any error."
"passed","Sun Sep 13 04:00:17 UTC 2026","Sun Sep 13 04:00:41 UTC 2026","23457","tests.PlayWrightTests.UserFacingPortal.HomePage","test_streak","TestStreakWidgetGeneral","","","Streak Widget General Rule: same-day health, food, discussion, and coach actions together still count as one Current Streak increment",""
"passed","Sun Sep 13 04:35:52 UTC 2026","Sun Sep 13 04:35:53 UTC 2026","822","tests.PlayWrightTests.UserFacingPortal.Recipes","test_habirecipe_book","TestRecipeBook","","","add to fav from 3 dot menu and verify in fav tab","Verify generated recipe can be added to favorites from 3-dot menu"
"passed","Sun Sep 13 02:13:04 UTC 2026","Sun Sep 13 02:13:05 UTC 2026","1078","tests.PlayWrightTests.UserFacingPortal.Discuss","test_talk_to_my_team","TestTalkToMyTeamDisplayNames","","","Verify that expanding the Members sidebar lists members with their display name and avatar","Clicks the '+' on the Members sidebar section and confirms the expanded list shows member entries with names and avatars."
"passed","Sun Sep 13 04:02:53 UTC 2026","Sun Sep 13 04:03:02 UTC 2026","8967","tests.PlayWrightTests.UserFacingPortal.HomePage","test_streak","TestStreakWidgetHealth","","","Streak Widget Health Segment: logging blood sugar with After Meal reading time increments Current Streak by one",""
"passed","Sun Sep 13 01:50:29 UTC 2026","Sun Sep 13 01:50:29 UTC 2026","574","tests.PlayWrightTests.UserFacingPortal.Discuss","test_discussionReactions","TestUserDiscussionReactions","","","Given there are discussion posts with reactions done by user, when I logged into coach portal and visit this user posts, then coach should be able to add reactions to this post successfully",""
"passed","Sun Sep 13 03:01:42 UTC 2026","Sun Sep 13 03:01:56 UTC 2026","14711","tests.PlayWrightTests.UserFacingPortal.HomePage","test_food","TestFoodLogging","","","Food logging: confirming a Dinner item updates the Dinner total","Checks confirming a selected Dinner food increases the Dinner meal's calorie total."
"passed","Sun Sep 13 04:02:10 UTC 2026","Sun Sep 13 04:02:25 UTC 2026","14609","tests.PlayWrightTests.UserFacingPortal.HomePage","test_streak","TestStreakWidgetHealth","","","Streak Widget Health Segment: logging exercise increments Current Streak by one",""
"passed","Sun Sep 13 03:31:02 UTC 2026","Sun Sep 13 03:31:17 UTC 2026","15339","tests.PlayWrightTests.UserFacingPortal.HomePage","test_mindful_minutes","TestMindfulMinutesPresetDurations","","","Preset duration: logging the 30 min preset increases today's total by 30","Picks the 30 min quick-select button, saves it, and checks today's total goes up by exactly 30 minutes."
"passed","Sun Sep 13 04:27:52 UTC 2026","Sun Sep 13 04:27:52 UTC 2026","137","tests.PlayWrightTests.UserFacingPortal.Profile","test_profile","TestProfile","","","Health Parameters structural validation: the edit modal exposes exactly the expected controls (Height Feet & Inches dropdowns, Waist input, Hips input, Physical Activity dropdown, Diabetes Status dropdown, Hypertension dropdown, Save button) with no unexpected input fields",""
"passed","Sun Sep 13 02:13:58 UTC 2026","Sun Sep 13 02:14:01 UTC 2026","2497","tests.PlayWrightTests.UserFacingPortal.Habits","test_habits","TestHabitsFeature","","","Noon and Night hover changes color to blue with underline",""
"passed","Sun Sep 13 02:25:58 UTC 2026","Sun Sep 13 02:26:08 UTC 2026","10031","tests.PlayWrightTests.UserFacingPortal.Health","test_exercise","TestExerciseSection","","","Exercise Other Activity: multiple 'Other Activity' entries (Walking, Yoga) can be successfully added on the same day",""
"passed","Sun Sep 13 03:32:57 UTC 2026","Sun Sep 13 03:33:10 UTC 2026","13786","tests.PlayWrightTests.UserFacingPortal.HomePage","test_mindful_minutes","TestMindfulMinutesActivityTypes","","","Activity type: logging with Journaling selected increases today's total","Logs minutes with Journaling chosen as the activity type and checks today's total updates correctly."
"skipped","Sun Sep 13 02:14:29 UTC 2026","Sun Sep 13 02:14:29 UTC 2026","1","tests.PlayWrightTests.UserFacingPortal.Habits","test_habits","TestHabitsFeature","","","Test 24: Click again marks habit as not done (red)",""
"passed","Sun Sep 13 04:25:28 UTC 2026","Sun Sep 13 04:25:28 UTC 2026","6","tests.PlayWrightTests.UserFacingPortal.Login","test_login_page","TestLoginPage","","","OR separator is visible between the two sign in options",""
"broken","Sun Sep 13 03:35:04 UTC 2026","Sun Sep 13 03:35:41 UTC 2026","37194","tests.PlayWrightTests.UserFacingPortal.HomePage","test_mood_logging","TestMoodLogging","","","Mood logging: logging Drained shows on today's calendar cell",""
"passed","Sun Sep 13 02:38:55 UTC 2026","Sun Sep 13 02:39:02 UTC 2026","7287","tests.PlayWrightTests.UserFacingPortal.HomePage","test_breathe_and_unwind","TestEditTimeControls","","","Edit Time: clicking + increases the timer by 1 minute",""
"passed","Sun Sep 13 02:22:22 UTC 2026","Sun Sep 13 02:22:31 UTC 2026","8763","tests.PlayWrightTests.UserFacingPortal.Health","test_exercise","TestExerciseSection","","","Exercise Logging: logging an exercise entry with 0 minutes displays a validation error",""
"passed","Sun Sep 13 02:56:03 UTC 2026","Sun Sep 13 02:56:12 UTC 2026","8207","tests.PlayWrightTests.UserFacingPortal.HomePage","test_food","TestFoodSelectResult","","","Food select: Dinner shows selected food name, calories, default quantity","Checks selecting a Dinner search result shows the food name, a calorie value, and a default quantity of 1."
"passed","Sun Sep 13 03:40:26 UTC 2026","Sun Sep 13 03:40:32 UTC 2026","6362","tests.PlayWrightTests.UserFacingPortal.HomePage","test_ripples","TestRipplesDashboardCard","","","Ripples card: tag, title, and description text are correct",""
"passed","Sun Sep 13 04:25:35 UTC 2026","Sun Sep 13 04:25:36 UTC 2026","828","tests.PlayWrightTests.UserFacingPortal.Login","test_login_page","TestLoginPage","","","Clicking Send Code Via Email shows the code sent successfully confirmation message",""
"passed","Sun Sep 13 02:51:54 UTC 2026","Sun Sep 13 02:52:01 UTC 2026","6216","tests.PlayWrightTests.UserFacingPortal.HomePage","test_food","TestFoodPageOverview","","","Food page: View Details link is visible","Checks the View Details link next to the nutrient summary is visible."
"passed","Sun Sep 13 04:41:28 UTC 2026","Sun Sep 13 04:42:45 UTC 2026","76951","tests.PlayWrightTests.UserFacingPortal","test_ProgressInsights","TestUserProgressInsights","","","verify Smart Insight Banner for unread insight updates.",""
"passed","Sun Sep 13 04:28:24 UTC 2026","Sun Sep 13 04:28:29 UTC 2026","4860","tests.PlayWrightTests.UserFacingPortal.Profile","test_profile","TestProfile","","","Upload validation (regression): providing only a document Name and submitting again after a page reload still displays the inline 'is required' error",""
"passed","Sun Sep 13 04:26:13 UTC 2026","Sun Sep 13 04:26:13 UTC 2026","10","tests.PlayWrightTests.UserFacingPortal.Login","test_login_page","TestLoginPageSpanish","","","Forgot password link is visible and enabled with Spanish label",""
"passed","Sun Sep 13 03:28:17 UTC 2026","Sun Sep 13 03:28:21 UTC 2026","3660","tests.PlayWrightTests.UserFacingPortal.HomePage","test_home_greetings","TestHomeGreetings","","","Home Greeting: browser time at evening should show Good evening",""
"passed","Sun Sep 13 02:30:16 UTC 2026","Sun Sep 13 02:30:17 UTC 2026","498","tests.PlayWrightTests.UserFacingPortal.Health","test_hba1c","TestHbA1cSection","","","Verify Numeric/Decimal Keyboard is Displayed",""
"passed","Sun Sep 13 02:15:09 UTC 2026","Sun Sep 13 02:15:11 UTC 2026","1959","tests.PlayWrightTests.UserFacingPortal.Health","test_blood_pressure","TestBloodPressureSection","","","Verify that logging historical blood pressure logs translates empty states to active health card widgets",""
"passed","Sun Sep 13 04:14:57 UTC 2026","Sun Sep 13 04:15:07 UTC 2026","10447","tests.PlayWrightTests.UserFacingPortal.HomePage","test_water_widget","TestWaterWidgetDashboard","","","Water widget: the daily target shown on the card matches the account's real configured target",""
"passed","Sun Sep 13 04:41:27 UTC 2026","Sun Sep 13 04:41:27 UTC 2026","8","tests.PlayWrightTests.UserFacingPortal","test_ProgressInsights","TestUserProgressInsights","","","Verify that a sparkling icon is added beside the chat bubble icon.",""
"broken","Sun Sep 13 04:39:46 UTC 2026","Sun Sep 13 04:40:16 UTC 2026","30001","tests.PlayWrightTests.UserFacingPortal","test_India_users","TestUserPlaywright","","","test_fill_the_banner[chromium]",""
"failed","Sun Sep 13 04:35:54 UTC 2026","Sun Sep 13 04:35:55 UTC 2026","798","tests.PlayWrightTests.UserFacingPortal.Recipes","test_habirecipe_book","TestRecipeBook","","","View generated Habi recipe adhering to selected preferences",""
"passed","Sun Sep 13 02:27:56 UTC 2026","Sun Sep 13 02:28:05 UTC 2026","9429","tests.PlayWrightTests.UserFacingPortal.Health","test_exercise","TestExerciseSection","","","Exercise Graph: graph line correctly connects all data points",""
"passed","Sun Sep 13 04:30:02 UTC 2026","Sun Sep 13 04:30:05 UTC 2026","2822","tests.PlayWrightTests.UserFacingPortal.Recipes","test_MyRecipes","TestMyRecipes","","","And user is able to create my recipe",""
"passed","Sun Sep 13 03:24:30 UTC 2026","Sun Sep 13 03:24:37 UTC 2026","7059","tests.PlayWrightTests.UserFacingPortal.HomePage","test_home_general","TestHomeGeneralFood","","","Food page: navigating from Home routes to /app/food and shows the Logs header","Clicks the Food nav link and checks the URL changes to /app/food and the Logs section header is visible."
"passed","Sun Sep 13 04:18:06 UTC 2026","Sun Sep 13 04:18:33 UTC 2026","26599","tests.PlayWrightTests.UserFacingPortal.HomePage","test_water_widget","TestWaterWidgetOzLogging","","","Water widget: quick-log sends the correctly converted ml amount when the unit is set to oz",""
"passed","Sun Sep 13 02:34:20 UTC 2026","Sun Sep 13 02:34:20 UTC 2026","653","tests.PlayWrightTests.UserFacingPortal.Health","test_tobacco","TestTobaccoSection","","","Verify Decimal Value Validation for Target: Entering decimal target 10.5 is accepted and saved as-is",""
"passed","Sun Sep 13 02:29:09 UTC 2026","Sun Sep 13 02:29:18 UTC 2026","9513","tests.PlayWrightTests.UserFacingPortal.Health","test_exercise","TestExerciseSection","","","Exercise Input: keyboard Up/Down arrow keys adjust the numeric field value",""
"passed","Sun Sep 13 02:27:39 UTC 2026","Sun Sep 13 02:27:48 UTC 2026","8298","tests.PlayWrightTests.UserFacingPortal.Health","test_exercise","TestExerciseSection","","","Exercise Graph: clicking a data point shows a tooltip with date and minutes",""
"passed","Sun Sep 13 03:30:10 UTC 2026","Sun Sep 13 03:30:17 UTC 2026","6813","tests.PlayWrightTests.UserFacingPortal.HomePage","test_mindful_minutes","TestMindfulMinutesModal","","","Add Mindful Minutes modal: Close (X) closes the modal without logging","Picks a duration, then clicks the X close button, and checks the popup closes and today's total stays the same (nothing gets logged)."
"passed","Sun Sep 13 04:27:36 UTC 2026","Sun Sep 13 04:27:36 UTC 2026","250","tests.PlayWrightTests.UserFacingPortal.Profile","test_profile","TestProfile","","","Address Confirmation: the 'I confirm' checkbox is checked by default with required-marker and bullet points visible; unchecking it and saving displays 'Please confirm address', and re-checking + saving clears the error",""
"passed","Sun Sep 13 02:28:15 UTC 2026","Sun Sep 13 02:28:24 UTC 2026","8945","tests.PlayWrightTests.UserFacingPortal.Health","test_exercise","TestExerciseSection","","","Exercise Input: clicking spinner up arrow increments the value by 1",""
"passed","Sun Sep 13 04:16:25 UTC 2026","Sun Sep 13 04:16:35 UTC 2026","10890","tests.PlayWrightTests.UserFacingPortal.HomePage","test_water_widget","TestWaterWidgetSetTargets","","","Water widget: Set Targets popup shows the correct oz value when you switch the unit to ounces",""
"passed","Sun Sep 13 04:47:15 UTC 2026","Sun Sep 13 04:47:33 UTC 2026","17813","tests.PlayWrightTests.UserFacingPortal","test_eula_banner","TestEulaBanner","","","Declining the EULA does not set the Confirmed On date, and the banner reappears on reload","Reloads after Decline and verifies the EULA banner reappears (never persisted)."
"passed","Sun Sep 13 02:34:36 UTC 2026","Sun Sep 13 02:34:37 UTC 2026","650","tests.PlayWrightTests.UserFacingPortal.Health","test_tobacco","TestTobaccoSection","","","Verify Future Date Restriction: Selecting future date blocks save action and keeps entry modal open",""
"passed","Sun Sep 13 02:17:01 UTC 2026","Sun Sep 13 02:17:01 UTC 2026","563","tests.PlayWrightTests.UserFacingPortal.Health","test_blood_sugar","TestBloodSugarSection","","","Verify that a validation error is displayed when trying to save a blank Before Meal blood sugar entry",""
"passed","Sun Sep 13 04:08:05 UTC 2026","Sun Sep 13 04:08:06 UTC 2026","184","tests.PlayWrightTests.UserFacingPortal.HomePage","test_talktomycoach","TestDashboardChat","","","TC19 – Verify that a very long message of approximately 1000 characters is accepted, sent, and displayed in the chat without breaking the modal UI layout",""
"passed","Sun Sep 13 03:28:21 UTC 2026","Sun Sep 13 03:28:25 UTC 2026","3570","tests.PlayWrightTests.UserFacingPortal.HomePage","test_home_greetings","TestHomeGreetings","","","Home Greeting: dashboard date should render as day, month, and date",""
"passed","Sun Sep 13 03:11:44 UTC 2026","Sun Sep 13 03:12:15 UTC 2026","31071","tests.PlayWrightTests.UserFacingPortal.HomePage","test_food","TestFoodLoggingAffectsHeaderTotals","","","Food totals: deleting a logged item decreases the header Consumed value","Checks deleting a logged Breakfast item decreases the header Consumed calorie value."
"passed","Sun Sep 13 04:26:20 UTC 2026","Sun Sep 13 04:26:20 UTC 2026","7","tests.PlayWrightTests.UserFacingPortal.Login","test_login_page","TestNeedHelpPage","","","Message input field is visible on the Need Help page",""
"passed","Sun Sep 13 03:34:33 UTC 2026","Sun Sep 13 03:34:40 UTC 2026","6767","tests.PlayWrightTests.UserFacingPortal.HomePage","test_mood_logging","TestMoodCheckinDashboardWidget","","","Daily Check-In: subtitle text is correct",""
"passed","Sun Sep 13 02:14:27 UTC 2026","Sun Sep 13 02:14:29 UTC 2026","1504","tests.PlayWrightTests.UserFacingPortal.Habits","test_habits","TestHabitsFeature","","","Test 22: Calendar date click opens rating popup",""
"passed","Sun Sep 13 03:09:41 UTC 2026","Sun Sep 13 03:09:47 UTC 2026","6175","tests.PlayWrightTests.UserFacingPortal.HomePage","test_food","TestFoodCalculationConsistency","","","Food calculation: daily Fat total equals the sum of per-meal Fat values","Checks the day-level Fat consumed value equals the sum of the four meals' Fat grams."
"passed","Sun Sep 13 01:50:06 UTC 2026","Sun Sep 13 01:50:07 UTC 2026","935","tests.PlayWrightTests.UserFacingPortal.Discuss","test_discussionReactions","TestUserDiscussionReactions","","","Given there are discussion posts with reactions==Like by logged in user, when I click on 'You reacted' section, then I should see a modal with all reactions details such as 'All' count, count by 'emojis', users who reacted with what emojis",""
"passed","Sun Sep 13 04:07:18 UTC 2026","Sun Sep 13 04:07:18 UTC 2026","68","tests.PlayWrightTests.UserFacingPortal.HomePage","test_talktomycoach","TestDashboardChat","","","TC02 – Verify the chat bubble dropdown displays all three options: Talk To My Coach, Talk To My Team, and View My Meetings",""
"passed","Sun Sep 13 01:54:23 UTC 2026","Sun Sep 13 01:54:23 UTC 2026","70","tests.PlayWrightTests.UserFacingPortal.Discuss","test_talk_to_my_team","TestTalkToMyTeamDiscussTab","","","Verify that submitting an empty comment on a post shows a required field validation error in the Discuss tab",""
"broken","Sun Sep 13 02:00:40 UTC 2026","Sun Sep 13 02:02:06 UTC 2026","85445","tests.PlayWrightTests.UserFacingPortal.Discuss","test_talk_to_my_team","TestTalkToMyTeamMyPostsTab","","","Verify that the 'See all comments' button becomes visible after 4 or more comments are added to a post in the My Posts tab",""
"passed","Sun Sep 13 03:18:15 UTC 2026","Sun Sep 13 03:18:26 UTC 2026","11195","tests.PlayWrightTests.UserFacingPortal.HomePage","test_food","TestFoodCrossCutting","","","Food cross-cutting: opening Add Breakfast then Add Lunch in sequence both work","Checks navigating into the Breakfast search page, leaving, then the Lunch search page both land correctly without state leaking between them."
"passed","Sun Sep 13 04:26:20 UTC 2026","Sun Sep 13 04:26:20 UTC 2026","13","tests.PlayWrightTests.UserFacingPortal.Login","test_login_page","TestNeedHelpPage","","","Email label is visible on the Need Help page",""
"passed","Sun Sep 13 04:34:25 UTC 2026","Sun Sep 13 04:34:26 UTC 2026","416","tests.PlayWrightTests.UserFacingPortal.Recipes","test_chef_curated","TestChefCurated","","","Chef Curated: Search for a recipe and validate the result","p7: Search for a recipe and validate the result"
"passed","Sun Sep 13 03:47:41 UTC 2026","Sun Sep 13 03:48:44 UTC 2026","62898","tests.PlayWrightTests.UserFacingPortal.HomePage","test_ripples","TestRipplesSceneSwitching","","","Scene switching: selecting forest-canopy updates the selected scene",""
"passed","Sun Sep 13 03:11:04 UTC 2026","Sun Sep 13 03:11:18 UTC 2026","14581","tests.PlayWrightTests.UserFacingPortal.HomePage","test_food","TestFoodLoggingAffectsHeaderTotals","","","Food totals: logging an item increases the daily Fat total","Checks logging an item into Snacks increases the day-level Fat consumed value."
"passed","Sun Sep 13 04:09:00 UTC 2026","Sun Sep 13 04:09:01 UTC 2026","164","tests.PlayWrightTests.UserFacingPortal.HomePage","test_talktomycoach","TestDashboardChat","","","TC22 – Verify that the user avatar or initials icon is displayed correctly next to messages in the coach chat conversation",""
"passed","Sun Sep 13 03:03:37 UTC 2026","Sun Sep 13 03:03:44 UTC 2026","7484","tests.PlayWrightTests.UserFacingPortal.HomePage","test_food","TestFoodSearchTabs","","","Food search tabs: 'My Meals' tab remains functional when selected","Checks selecting the 'My Meals' food search tab keeps the search input visible and usable."
"passed","Sun Sep 13 04:05:05 UTC 2026","Sun Sep 13 04:05:36 UTC 2026","31783","tests.PlayWrightTests.UserFacingPortal.HomePage","test_streak","TestStreakWidgetFood","","","Streak Widget Food Segment: logging food through chatbot flow increments Current Streak by one",""
"passed","Sun Sep 13 02:22:49 UTC 2026","Sun Sep 13 02:22:58 UTC 2026","8864","tests.PlayWrightTests.UserFacingPortal.Health","test_exercise","TestExerciseSection","","","Exercise Logging: entering alphabetical characters in the Minutes field is rejected with a validation error",""
"passed","Sun Sep 13 02:44:00 UTC 2026","Sun Sep 13 02:44:14 UTC 2026","13795","tests.PlayWrightTests.UserFacingPortal.HomePage","test_breathe_and_unwind","TestPerTechniquePauseResume","","","Pause/resume: 4-7-8 Technique timer halts on pause and resumes from the exact paused point",""
"passed","Sun Sep 13 02:59:04 UTC 2026","Sun Sep 13 02:59:14 UTC 2026","9668","tests.PlayWrightTests.UserFacingPortal.HomePage","test_food","TestFoodServingUnitChange","","","Food serving unit: changing Snacks serving unit updates the calorie preview","Checks switching the Snacks item's serving unit recalculates the displayed calorie value."
"passed","Sun Sep 13 04:07:18 UTC 2026","Sun Sep 13 04:07:18 UTC 2026","167","tests.PlayWrightTests.UserFacingPortal.HomePage","test_talktomycoach","TestDashboardChat","","","TC05 – Verify the message input box is visible inside the coach modal and accepts text input",""
"passed","Sun Sep 13 03:34:47 UTC 2026","Sun Sep 13 03:34:54 UTC 2026","6681","tests.PlayWrightTests.UserFacingPortal.HomePage","test_mood_logging","TestMoodCheckinDashboardWidget","","","Daily Check-In: Mood History button is visible",""
"passed","Sun Sep 13 02:38:19 UTC 2026","Sun Sep 13 02:38:26 UTC 2026","7031","tests.PlayWrightTests.UserFacingPortal.HomePage","test_breathe_and_unwind","TestSoundToggle","","","Sound toggle: clicking the sound icon mutes background music immediately",""
"passed","Sun Sep 13 04:30:06 UTC 2026","Sun Sep 13 04:30:11 UTC 2026","5073","tests.PlayWrightTests.UserFacingPortal.Recipes","test_MyRecipes","TestMyRecipes","","","And user is able to remove ingredient",""
"passed","Sun Sep 13 02:45:07 UTC 2026","Sun Sep 13 02:45:17 UTC 2026","9997","tests.PlayWrightTests.UserFacingPortal.HomePage","test_breathe_and_unwind","TestPerTechniqueAudioFeedbackSettings","","","Session settings: Ambient Sound, Transition Bell, and Guide Voice work live during Coherent Breathing",""
"passed","Sun Sep 13 03:30:20 UTC 2026","Sun Sep 13 03:30:34 UTC 2026","13541","tests.PlayWrightTests.UserFacingPortal.HomePage","test_mindful_minutes","TestMindfulMinutesPresetDurations","","","Preset duration: logging the 10 min preset increases today's total by 10","Picks the 10 min quick-select button, saves it, and checks today's total goes up by exactly 10 minutes."
"passed","Sun Sep 13 02:14:03 UTC 2026","Sun Sep 13 02:14:05 UTC 2026","2276","tests.PlayWrightTests.UserFacingPortal.Habits","test_habits","TestHabitsFeature","","","Night tab unselects with white background and black text",""
"passed","Sun Sep 13 02:28:42 UTC 2026","Sun Sep 13 02:28:51 UTC 2026","8963","tests.PlayWrightTests.UserFacingPortal.Health","test_exercise","TestExerciseSection","","","Exercise Input: spinner up arrow does not exceed 1440 for Minutes maximum value",""
"passed","Sun Sep 13 04:36:55 UTC 2026","Sun Sep 13 04:37:00 UTC 2026","4855","tests.PlayWrightTests.UserFacingPortal.Recipes","test_habirecipe_book","TestRecipeBook","","","View user can search recipes in Habi recipe List and search results are displayed as per search term entered",""
"passed","Sun Sep 13 04:27:15 UTC 2026","Sun Sep 13 04:27:18 UTC 2026","2494","tests.PlayWrightTests.UserFacingPortal.Profile","test_profile","TestProfile","","","Basic Information edit: selecting Timezone 'Eastern' from the dropdown and saving persists the timezone and renders 'Eastern' in the read-only view",""
"passed","Sun Sep 13 02:16:50 UTC 2026","Sun Sep 13 02:16:51 UTC 2026","562","tests.PlayWrightTests.UserFacingPortal.Health","test_blood_sugar","TestBloodSugarSection","","","Verify that adding today's Fasting blood sugar entry shows correctly in the widget",""
"passed","Sun Sep 13 04:35:17 UTC 2026","Sun Sep 13 04:35:17 UTC 2026","99","tests.PlayWrightTests.UserFacingPortal.Recipes","test_habirecipe_book","TestRecipeBook","","","Verify added ingredient can be removed",""
"failed","Sun Sep 13 02:34:41 UTC 2026","Sun Sep 13 02:34:52 UTC 2026","10521","tests.PlayWrightTests.UserFacingPortal.Health","test_tobacco","TestTobaccoSection","","","Verify Graph Display: Toggling graph view displays SVG chart data circles without UI or loading issues",""
"passed","Sun Sep 13 01:50:12 UTC 2026","Sun Sep 13 01:50:26 UTC 2026","14238","tests.PlayWrightTests.UserFacingPortal.Discuss","test_discussionReactions","TestUserDiscussionReactions","","","Given there are discussion posts with reactions==Like by logged in user, when I try to update the reaction with other emojis such as 'Clap' by hovering over the Like button, then I should see the Like text changing to 'Clap' and You reacted section",""
"passed","Sun Sep 13 03:28:14 UTC 2026","Sun Sep 13 03:28:17 UTC 2026","3513","tests.PlayWrightTests.UserFacingPortal.HomePage","test_home_greetings","TestHomeGreetings","","","Home Greeting: browser time at afternoon should show Good afternoon",""
"passed","Sun Sep 13 03:25:52 UTC 2026","Sun Sep 13 03:25:54 UTC 2026","2220","tests.PlayWrightTests.UserFacingPortal.HomePage","test_home_general","TestHomeGeneralHabits","","","Habits page: renders when navigating from the Habits nav link","Clicks the Habits nav link and checks the URL changes to /app/habits."
"passed","Sun Sep 13 02:25:31 UTC 2026","Sun Sep 13 02:25:42 UTC 2026","10835","tests.PlayWrightTests.UserFacingPortal.Health","test_exercise","TestExerciseSection","","","Exercise Target: entering 0 as target value displays validation error and is not saved",""
"passed","Sun Sep 13 02:51:01 UTC 2026","Sun Sep 13 02:51:27 UTC 2026","25886","tests.PlayWrightTests.UserFacingPortal.HomePage","test_explore_section","TestExploreSection","","","Explore section: opening a recipe from the Recipes card and logging it adds it to today's meal log",""
"passed","Sun Sep 13 02:15:50 UTC 2026","Sun Sep 13 02:15:50 UTC 2026","128","tests.PlayWrightTests.UserFacingPortal.Health","test_blood_sugar","TestBloodSugarSection","","","Verify that the placeholders for High and Low inputs in the Set Target modal display correctly",""
"passed","Sun Sep 13 04:27:05 UTC 2026","Sun Sep 13 04:27:15 UTC 2026","10360","tests.PlayWrightTests.UserFacingPortal.Profile","test_profile","TestProfile","","","Basic Information edit: selecting a valid Date of Birth (15th of the previous month) and saving persists the new DOB successfully",""
"passed","Sun Sep 13 03:40:32 UTC 2026","Sun Sep 13 03:40:39 UTC 2026","6277","tests.PlayWrightTests.UserFacingPortal.HomePage","test_ripples","TestRipplesDashboardCard","","","Ripples card: Start now button is visible",""
"passed","Sun Sep 13 02:41:10 UTC 2026","Sun Sep 13 02:41:18 UTC 2026","7111","tests.PlayWrightTests.UserFacingPortal.HomePage","test_breathe_and_unwind","TestPerTechniqueSelectionState","","","Technique state: selecting 4-7-8 Technique shows 3 dashes, '-' phase, and 02:00 default",""
"passed","Sun Sep 13 03:28:10 UTC 2026","Sun Sep 13 03:28:14 UTC 2026","3516","tests.PlayWrightTests.UserFacingPortal.HomePage","test_home_greetings","TestHomeGreetings","","","Home Greeting: browser time at morning should show Good morning",""
"passed","Sun Sep 13 04:26:20 UTC 2026","Sun Sep 13 04:26:20 UTC 2026","6","tests.PlayWrightTests.UserFacingPortal.Login","test_login_page","TestNeedHelpPage","","","Terms of Use link is visible on the Need Help page",""
"passed","Sun Sep 13 04:35:12 UTC 2026","Sun Sep 13 04:35:17 UTC 2026","5026","tests.PlayWrightTests.UserFacingPortal.Recipes","test_habirecipe_book","TestRecipeBook","","","As a user When I fill the search input with a valid ingredient, Verify every result has checkbox + image + label",""
"passed","Sun Sep 13 04:26:51 UTC 2026","Sun Sep 13 04:26:53 UTC 2026","2243","tests.PlayWrightTests.UserFacingPortal.Profile","test_profile","TestProfile","","","Basic Information validation: submitting a blank (whitespace-only) Last Name is silently accepted and the profile reverts to the first-name-only display",""
"passed","Sun Sep 13 04:20:53 UTC 2026","Sun Sep 13 04:21:12 UTC 2026","19420","tests.PlayWrightTests.UserFacingPortal.HomePage","test_water_widget","TestWaterLogEdit","","","Water log page: editing a logged entry updates its amount correctly",""
"passed","Sun Sep 13 04:17:20 UTC 2026","Sun Sep 13 04:17:37 UTC 2026","16237","tests.PlayWrightTests.UserFacingPortal.HomePage","test_water_widget","TestWaterWidgetSetTargets","","","Water widget: switching the unit preference updates the unit shown on the dashboard card",""
"passed","Sun Sep 13 04:26:13 UTC 2026","Sun Sep 13 04:26:13 UTC 2026","10","tests.PlayWrightTests.UserFacingPortal.Login","test_login_page","TestLoginPageSpanish","","","Sign in button is visible and enabled with Spanish label",""
"passed","Sun Sep 13 02:49:56 UTC 2026","Sun Sep 13 02:50:15 UTC 2026","18888","tests.PlayWrightTests.UserFacingPortal.HomePage","test_explore_section","TestExploreSection","","","Explore section: opening a fitness video from the Fitness Videos card actually plays it",""
"passed","Sun Sep 13 04:26:13 UTC 2026","Sun Sep 13 04:26:13 UTC 2026","9","tests.PlayWrightTests.UserFacingPortal.Login","test_login_page","TestLoginPageSpanish","","","HabitNu logo is displayed on the login page in Spanish",""
"passed","Sun Sep 13 02:21:00 UTC 2026","Sun Sep 13 02:21:09 UTC 2026","9295","tests.PlayWrightTests.UserFacingPortal.Health","test_exercise","TestExerciseSection","","","Exercise Target Validation: verifying an error message ('Minutes cannot be blank') is displayed when saving a blank target value",""
"passed","Sun Sep 13 02:14:26 UTC 2026","Sun Sep 13 02:14:26 UTC 2026","99","tests.PlayWrightTests.UserFacingPortal.Habits","test_habits","TestHabitsFeature","","","Test 20: Calendar forward arrow goes to next month",""
"passed","Sun Sep 13 02:31:59 UTC 2026","Sun Sep 13 02:32:07 UTC 2026","8229","tests.PlayWrightTests.UserFacingPortal.Health","test_tobacco","TestTobaccoSection","","","Verify Tobacco Count card displays 'No data recorded yet' empty state after data cleanup",""
"passed","Sun Sep 13 02:14:16 UTC 2026","Sun Sep 13 02:14:17 UTC 2026","1421","tests.PlayWrightTests.UserFacingPortal.Habits","test_habits","TestHabitsFeature","","","Test 16: Select Monday and Morning in flexible frequency",""
"passed","Sun Sep 13 02:53:06 UTC 2026","Sun Sep 13 02:53:11 UTC 2026","5145","tests.PlayWrightTests.UserFacingPortal.HomePage","test_food","TestFoodPageMealSections","","","Food page: Lunch section shows its header, macro labels, and Add button","Checks the Lunch meal section header, Carbs/Protein/Fat labels, and Add Lunch button are all visible."
"passed","Sun Sep 13 04:27:58 UTC 2026","Sun Sep 13 04:28:04 UTC 2026","5858","tests.PlayWrightTests.UserFacingPortal.Profile","test_profile","TestProfile","","","Upload validation: providing only a document Name (without a file and Type) and submitting displays the inline 'is required' error for the missing mandatory fields",""
"passed","Sun Sep 13 02:49:01 UTC 2026","Sun Sep 13 02:49:14 UTC 2026","13241","tests.PlayWrightTests.UserFacingPortal.HomePage","test_explore_section","TestExploreSection","","","Explore section: clicking Discussion opens the discussion board with the Discuss and My Posts tabs",""
"passed","Sun Sep 13 04:25:28 UTC 2026","Sun Sep 13 04:25:28 UTC 2026","9","tests.PlayWrightTests.UserFacingPortal.Login","test_login_page","TestLoginPage","","","Email input field is visible on the login page",""
"passed","Sun Sep 13 03:17:16 UTC 2026","Sun Sep 13 03:17:49 UTC 2026","32812","tests.PlayWrightTests.UserFacingPortal.HomePage","test_food","TestFoodCrossCutting","","","Food cross-cutting: three successive additions to the same meal all accumulate","Checks logging three items in a row to Snacks produces three strictly increasing calorie totals."
"passed","Sun Sep 13 01:47:35 UTC 2026","Sun Sep 13 01:48:05 UTC 2026","29437","tests.PlayWrightTests.UserFacingPortal.Chatbot","test_chatbot_forLoggingWater","TestChatbotLogWater","","","Verify user can use habi chatbot to log Water in liters, given prompt==I drank 1 liter today, and says 'YES' to confirmation message",""
"passed","Sun Sep 13 04:17:37 UTC 2026","Sun Sep 13 04:17:56 UTC 2026","19580","tests.PlayWrightTests.UserFacingPortal.HomePage","test_water_widget","TestWaterWidgetSetTargets","","","Water widget: switching the unit preference updates the unit label on the quick-log box",""
"passed","Sun Sep 13 02:42:06 UTC 2026","Sun Sep 13 02:42:31 UTC 2026","25664","tests.PlayWrightTests.UserFacingPortal.HomePage","test_breathe_and_unwind","TestPerTechniquePlaybackCycle","","","Playback: 4-7-8 Technique cycles through Inhale, Hold, Exhale with correct audio",""
"passed","Sun Sep 13 03:33:10 UTC 2026","Sun Sep 13 03:33:24 UTC 2026","14101","tests.PlayWrightTests.UserFacingPortal.HomePage","test_mindful_minutes","TestMindfulMinutesActivityTypes","","","Activity type: logging with Reading selected increases today's total","Logs minutes with Reading chosen as the activity type and checks today's total updates correctly."
"passed","Sun Sep 13 04:31:40 UTC 2026","Sun Sep 13 04:31:40 UTC 2026","18","tests.PlayWrightTests.UserFacingPortal.Recipes","test_MyRecipes","TestMyRecipes","","","verify create recipe form elements are visible and text is correct",""
"passed","Sun Sep 13 04:26:20 UTC 2026","Sun Sep 13 04:26:20 UTC 2026","8","tests.PlayWrightTests.UserFacingPortal.Login","test_login_page","TestNeedHelpPage","","","Add Files label is visible on the Need Help page",""
"passed","Sun Sep 13 02:54:38 UTC 2026","Sun Sep 13 02:54:50 UTC 2026","11581","tests.PlayWrightTests.UserFacingPortal.HomePage","test_food","TestFoodSearchResults","","","Food search: Lunch search with no matches returns zero results","Checks searching Lunch foods for a nonsense term returns no results."
"passed","Sun Sep 13 04:07:18 UTC 2026","Sun Sep 13 04:07:18 UTC 2026","175","tests.PlayWrightTests.UserFacingPortal.HomePage","test_talktomycoach","TestDashboardChat","","","TC03 – Verify clicking Talk To My Coach from the dropdown opens the coach chat modal",""
"passed","Sun Sep 13 04:29:38 UTC 2026","Sun Sep 13 04:29:38 UTC 2026","96","tests.PlayWrightTests.UserFacingPortal.Profile","test_profile","TestProfile","","","Notification Preferences toggles: toggling the 'Habit Tracker' Push and SMS notification switches flips the displayed state from On→Off (or Off→On) and reverts cleanly when toggled again",""
"passed","Sun Sep 13 02:23:26 UTC 2026","Sun Sep 13 02:23:45 UTC 2026","18785","tests.PlayWrightTests.UserFacingPortal.Health","test_exercise","TestExerciseSection","","","Exercise Dashboard: daily exercise total updates correctly after adding multiple entries",""
"passed","Sun Sep 13 02:14:01 UTC 2026","Sun Sep 13 02:14:03 UTC 2026","2325","tests.PlayWrightTests.UserFacingPortal.Habits","test_habits","TestHabitsFeature","","","Noon and Night tabs become selected with dark blue color",""
"passed","Sun Sep 13 02:35:42 UTC 2026","Sun Sep 13 02:35:42 UTC 2026","131","tests.PlayWrightTests.UserFacingPortal.HomePage","test_Set_Targets","Test_Set_Targets","","","Validate gram calculations with 2500 calories","Test that gram values are calculated correctly based on 2500 calorie input and macro percentages"
"passed","Sun Sep 13 04:07:37 UTC 2026","Sun Sep 13 04:07:38 UTC 2026","1198","tests.PlayWrightTests.UserFacingPortal.HomePage","test_talktomycoach","TestDashboardChat","","","TC13 – Verify that a message containing special characters is accepted, sent successfully, and appears correctly in the chat conversation",""
"passed","Sun Sep 13 02:16:55 UTC 2026","Sun Sep 13 02:16:57 UTC 2026","2547","tests.PlayWrightTests.UserFacingPortal.Health","test_blood_sugar","TestBloodSugarSection","","","Verify that yesterday's After Meal blood sugar entry is saved successfully",""
"passed","Sun Sep 13 02:15:52 UTC 2026","Sun Sep 13 02:16:03 UTC 2026","10865","tests.PlayWrightTests.UserFacingPortal.Health","test_blood_sugar","TestBloodSugarSection","","","Verify that canceling a target edit reverts changes to the previously saved target value",""
"passed","Sun Sep 13 04:26:29 UTC 2026","Sun Sep 13 04:26:30 UTC 2026","496","tests.PlayWrightTests.UserFacingPortal.Login","test_login_page","TestNeedHelpPageSpanish","","","Submitting with email, subject and message shows success toaster in Spanish",""
"passed","Sun Sep 13 02:20:51 UTC 2026","Sun Sep 13 02:21:00 UTC 2026","8349","tests.PlayWrightTests.UserFacingPortal.Health","test_exercise","TestExerciseSection","","","Exercise Target: verifying that clicking cancel while setting target closes the input field and returns to the initial state",""
"passed","Sun Sep 13 04:35:17 UTC 2026","Sun Sep 13 04:35:17 UTC 2026","2","tests.PlayWrightTests.UserFacingPortal.Recipes","test_habirecipe_book","TestRecipeBook","","","As a user When I fill the search input with a valid ingredient, Verify search term entered",""
"passed","Sun Sep 13 02:19:48 UTC 2026","Sun Sep 13 02:20:02 UTC 2026","14566","tests.PlayWrightTests.UserFacingPortal.Health","test_exercise","TestExerciseSection","","","Exercise History: verifying that a user can successfully edit an existing exercise log inline in the history table list",""
"passed","Sun Sep 13 04:29:50 UTC 2026","Sun Sep 13 04:30:02 UTC 2026","11425","tests.PlayWrightTests.UserFacingPortal.Recipes","test_MyRecipes","TestMyRecipes","","","When user Click on My Recipe",""
"passed","Sun Sep 13 04:26:26 UTC 2026","Sun Sep 13 04:26:26 UTC 2026","7","tests.PlayWrightTests.UserFacingPortal.Login","test_login_page","TestNeedHelpPageSpanish","","","Supported file format message is displayed in Spanish",""
"passed","Sun Sep 13 02:36:25 UTC 2026","Sun Sep 13 02:36:25 UTC 2026","15","tests.PlayWrightTests.UserFacingPortal.HomePage","test_Set_Targets","Test_Set_Targets","","","Verify Daily Fiber Target section with SVG icon and text","Test that Daily Fiber Target section displays wheat icon and helper text correctly"
"passed","Sun Sep 13 02:15:50 UTC 2026","Sun Sep 13 02:15:50 UTC 2026","180","tests.PlayWrightTests.UserFacingPortal.Health","test_blood_sugar","TestBloodSugarSection","","","Verify that a validation error is displayed when trying to save a Low target value greater than 999",""
"passed","Sun Sep 13 02:15:51 UTC 2026","Sun Sep 13 02:15:51 UTC 2026","194","tests.PlayWrightTests.UserFacingPortal.Health","test_blood_sugar","TestBloodSugarSection","","","Verify that a validation error is displayed when trying to save targets with a blank Low target value",""
"passed","Sun Sep 13 04:08:33 UTC 2026","Sun Sep 13 04:08:59 UTC 2026","26497","tests.PlayWrightTests.UserFacingPortal.HomePage","test_talktomycoach","TestDashboardChat","","","TC21 – Verify that a vertical scrollbar appears in the chat messages area when the number of messages exceeds the visible screen height of the modal",""
"passed","Sun Sep 13 04:14:00 UTC 2026","Sun Sep 13 04:14:14 UTC 2026","14041","tests.PlayWrightTests.UserFacingPortal.HomePage","test_upcoming_events","TestUpcomingEventsWidget","","","Upcoming Events: meeting time is rendered in the account's local timezone",""
"passed","Sun Sep 13 02:17:26 UTC 2026","Sun Sep 13 02:17:35 UTC 2026","8735","tests.PlayWrightTests.UserFacingPortal.Health","test_blood_sugar_notes","TestBloodSugarNotes","","","test_add_fasting_blood_sugar_with_notes[chromium]","Add blood sugar entries for Fasting, Before Meal, and After Meal with notes and validate each is saved."
"passed","Sun Sep 13 04:25:29 UTC 2026","Sun Sep 13 04:25:29 UTC 2026","80","tests.PlayWrightTests.UserFacingPortal.Login","test_login_page","TestLoginPage","","","Submitting the form with only the password filled shows email required error",""
"passed","Sun Sep 13 04:36:31 UTC 2026","Sun Sep 13 04:36:41 UTC 2026","10068","tests.PlayWrightTests.UserFacingPortal.Recipes","test_habirecipe_book","TestRecipeBook","","","View recipe image icon is loaded on log page",""
"passed","Sun Sep 13 04:27:40 UTC 2026","Sun Sep 13 04:27:40 UTC 2026","176","tests.PlayWrightTests.UserFacingPortal.Profile","test_profile","TestProfile","","","Health Parameters validation: entering alphabetic characters ('abcd') in the Waist field displays the inline error 'Waist is not a number'",""
"passed","Sun Sep 13 04:35:18 UTC 2026","Sun Sep 13 04:35:51 UTC 2026","33305","tests.PlayWrightTests.UserFacingPortal.Recipes","test_habirecipe_book","TestRecipeBook","","","Verify generated recipe page elements are visible",""
"passed","Sun Sep 13 02:50:27 UTC 2026","Sun Sep 13 02:50:43 UTC 2026","16189","tests.PlayWrightTests.UserFacingPortal.HomePage","test_explore_section","TestExploreSection","","","Explore section: adding a medication from the Medication card saves it and logging it as Taken succeeds",""
"passed","Sun Sep 13 04:46:30 UTC 2026","Sun Sep 13 04:46:48 UTC 2026","18081","tests.PlayWrightTests.UserFacingPortal","test_eula_banner","TestEulaBanner","","","Clicking Accept dismisses the EULA modal","Clicks Accept and verifies the EULA modal is removed from the page."
"passed","Sun Sep 13 03:06:57 UTC 2026","Sun Sep 13 03:07:16 UTC 2026","19467","tests.PlayWrightTests.UserFacingPortal.HomePage","test_food","TestFoodDeleteItem","","","Food delete: choosing Yes on Breakfast removes the item","Checks clicking Yes on the Breakfast delete confirmation decreases the logged item count."
"passed","Sun Sep 13 04:34:48 UTC 2026","Sun Sep 13 04:34:48 UTC 2026","6","tests.PlayWrightTests.UserFacingPortal.Recipes","test_habirecipe_book","TestRecipeBook","","","Verify empty state is displayed when no recipes exist",""
"broken","Sun Sep 13 04:38:15 UTC 2026","Sun Sep 13 04:38:45 UTC 2026","30002","tests.PlayWrightTests.UserFacingPortal","test_India_users","TestUserPlaywright","","","test_indianuser_State_dropdown[chromium]",""
"passed","Sun Sep 13 02:29:56 UTC 2026","Sun Sep 13 02:29:56 UTC 2026","164","tests.PlayWrightTests.UserFacingPortal.Health","test_hba1c","TestHbA1cSection","","","Verify target validation error when entering target greater than 14",""
"passed","Sun Sep 13 04:26:20 UTC 2026","Sun Sep 13 04:26:20 UTC 2026","7","tests.PlayWrightTests.UserFacingPortal.Login","test_login_page","TestNeedHelpPage","","","Message label is visible on the Need Help page",""
"passed","Sun Sep 13 04:00:41 UTC 2026","Sun Sep 13 04:00:54 UTC 2026","13775","tests.PlayWrightTests.UserFacingPortal.HomePage","test_streak","TestStreakWidgetGeneral","","","Streak Widget Weekly Window Rule: backfilling available open-week days recalculates and increases streak",""
"failed","Sun Sep 13 02:26:34 UTC 2026","Sun Sep 13 02:26:50 UTC 2026","15969","tests.PlayWrightTests.UserFacingPortal.Health","test_exercise","TestExerciseSection","","","Exercise Graph: graph displays 'No data available' message when no Exercise data exists",""
"passed","Sun Sep 13 04:31:52 UTC 2026","Sun Sep 13 04:32:01 UTC 2026","8676","tests.PlayWrightTests.UserFacingPortal.Recipes","test_MyRecipes","TestMyRecipes","","","verify multiple ingredients can be added successfully",""
"passed","Sun Sep 13 02:39:09 UTC 2026","Sun Sep 13 02:39:16 UTC 2026","7115","tests.PlayWrightTests.UserFacingPortal.HomePage","test_breathe_and_unwind","TestEditTimeControls","","","Edit Time: timer cannot go below 1 minute",""
"passed","Sun Sep 13 04:35:55 UTC 2026","Sun Sep 13 04:35:55 UTC 2026","2","tests.PlayWrightTests.UserFacingPortal.Recipes","test_habirecipe_book","TestRecipeBook","","","View Recipe Name displayed in view page == Recipe Name displayed in list page",""
"passed","Sun Sep 13 02:14:59 UTC 2026","Sun Sep 13 02:14:59 UTC 2026","112","tests.PlayWrightTests.UserFacingPortal.Health","test_blood_pressure","TestBloodPressureSection","","","Verify that target input fields display correct placeholder values for 'Systolic' and 'Diastolic'",""
"passed","Sun Sep 13 04:26:44 UTC 2026","Sun Sep 13 04:26:44 UTC 2026","98","tests.PlayWrightTests.UserFacingPortal.Profile","test_profile","TestProfile","","","Profile picture validation: uploading a PDF file as the profile avatar is rejected by the client-side validator and an error toast is shown",""
"passed","Sun Sep 13 04:16:05 UTC 2026","Sun Sep 13 04:16:19 UTC 2026","13801","tests.PlayWrightTests.UserFacingPortal.HomePage","test_water_widget","TestWaterWidgetQuickLog","","","Water widget: quick-log sends the exact amount typed when the unit is set to ml",""
"passed","Sun Sep 13 03:16:16 UTC 2026","Sun Sep 13 03:16:30 UTC 2026","13878","tests.PlayWrightTests.UserFacingPortal.HomePage","test_food","TestFoodCrossCutting","","","Food cross-cutting: reloading the page preserves the Consumed value","Checks a full page reload shows the same header Consumed value as before reloading."
"passed","Sun Sep 13 03:42:23 UTC 2026","Sun Sep 13 03:43:32 UTC 2026","69741","tests.PlayWrightTests.UserFacingPortal.HomePage","test_ripples","TestRipplesDefaultState","","","Ripples: scene picker can be closed and reopened",""
"passed","Sun Sep 13 03:24:05 UTC 2026","Sun Sep 13 03:24:09 UTC 2026","3573","tests.PlayWrightTests.UserFacingPortal.HomePage","test_home_general","TestHomeGeneralHeader","","","Header: notification badge count is a valid non-negative number when visible","If the notification badge next to the bell icon is shown, checks its number is a real non-negative digit and not broken text."
"passed","Sun Sep 13 02:06:39 UTC 2026","Sun Sep 13 02:06:46 UTC 2026","6573","tests.PlayWrightTests.UserFacingPortal.Discuss","test_talk_to_my_team","TestTalkToMyTeamAttachments","","","Verify that a long post renders its full description without breaking the layout","Posts a description far longer than a typical post and confirms the full text is present on the page afterwards."
"passed","Sun Sep 13 02:35:39 UTC 2026","Sun Sep 13 02:35:39 UTC 2026","374","tests.PlayWrightTests.UserFacingPortal.HomePage","test_Set_Targets","Test_Set_Targets","","","Verify default macro distribution","Validate that the default macro distribution sums to 100%"
"passed","Sun Sep 13 02:40:11 UTC 2026","Sun Sep 13 02:40:18 UTC 2026","7199","tests.PlayWrightTests.UserFacingPortal.HomePage","test_breathe_and_unwind","TestSettingsInteractionsIdle","","","Settings (idle): Guide Voice toggle switches OFF and back ON",""
"passed","Sun Sep 13 01:43:36 UTC 2026","Sun Sep 13 01:43:59 UTC 2026","22507","tests.PlayWrightTests.UserFacingPortal.Chatbot","test_chatbot_forLoggingExercise","TestChatbotLogsData","","","Verify user can use habi chatbot to log Exercise, given prompt==Log my exercise for today, where I ran 5 kilometers and took 2 hours, and says 'NO' to confirmation message",""
"passed","Sun Sep 13 01:58:16 UTC 2026","Sun Sep 13 01:58:19 UTC 2026","3397","tests.PlayWrightTests.UserFacingPortal.Discuss","test_talk_to_my_team","TestTalkToMyTeamMyPostsTab","","","Verify that a user can create a post with both subject and description in the My Posts tab",""
"passed","Sun Sep 13 04:25:35 UTC 2026","Sun Sep 13 04:25:35 UTC 2026","62","tests.PlayWrightTests.UserFacingPortal.Login","test_login_page","TestLoginPage","","","Clicking Sign in with Code with an invalid email format shows invalid email error",""
"passed","Sun Sep 13 04:30:48 UTC 2026","Sun Sep 13 04:30:48 UTC 2026","416","tests.PlayWrightTests.UserFacingPortal.Recipes","test_MyRecipes","TestMyRecipes","","","And User is able to delete the recipe - navigate back to My Recipes",""
"passed","Sun Sep 13 04:45:08 UTC 2026","Sun Sep 13 04:45:12 UTC 2026","3837","tests.PlayWrightTests.UserFacingPortal","test_body_composition","TestBodyComposition","","","test_body_composition_menu_icon_exists[chromium]","Assert the three horizontal lines (menu icon) is visible in the Body Composition section."
"passed","Sun Sep 13 02:13:55 UTC 2026","Sun Sep 13 02:13:56 UTC 2026","1717","tests.PlayWrightTests.UserFacingPortal.Habits","test_habits","TestHabitsFeature","","","Monday button selects when clicked again",""
"passed","Sun Sep 13 03:39:10 UTC 2026","Sun Sep 13 03:39:21 UTC 2026","11701","tests.PlayWrightTests.UserFacingPortal.HomePage","test_mood_logging","TestMoodHistoryYearView","","","Mood History Year view: total check-ins is a positive number",""
"passed","Sun Sep 13 04:27:28 UTC 2026","Sun Sep 13 04:27:29 UTC 2026","1398","tests.PlayWrightTests.UserFacingPortal.Profile","test_profile","TestProfile","","","Contact Details edit: entering a valid Address Line 2 ('Apt. 464') and saving persists the value and renders it within the read-only address block",""
"passed","Sun Sep 13 01:52:31 UTC 2026","Sun Sep 13 01:52:32 UTC 2026","55","tests.PlayWrightTests.UserFacingPortal.Discuss","test_discussion_pinned_posts","TestDiscussionPinnedPosts","","","Verify that a pinned entry shows the pin name, author, timestamp, and avatar","Confirms each pinned entry displays a pin title, the author's name, a timestamp, and an avatar."
"passed","Sun Sep 13 02:54:13 UTC 2026","Sun Sep 13 02:54:24 UTC 2026","10556","tests.PlayWrightTests.UserFacingPortal.HomePage","test_food","TestFoodSearchResults","","","Food search: Breakfast search with no matches returns zero results","Checks searching Breakfast foods for a nonsense term returns no results."
"passed","Sun Sep 13 02:43:20 UTC 2026","Sun Sep 13 02:43:29 UTC 2026","9463","tests.PlayWrightTests.UserFacingPortal.HomePage","test_breathe_and_unwind","TestPerTechniqueSoundToggleDuringSession","","","Session sound: muting/unmuting during a Coherent Breathing session stops/restores audio together",""
"passed","Sun Sep 13 02:24:44 UTC 2026","Sun Sep 13 02:24:53 UTC 2026","8698","tests.PlayWrightTests.UserFacingPortal.Health","test_exercise","TestExerciseSection","","","Exercise History: exercise history date/time is correctly displayed in localized timezone format",""
"passed","Sun Sep 13 04:30:18 UTC 2026","Sun Sep 13 04:30:27 UTC 2026","9065","tests.PlayWrightTests.UserFacingPortal.Recipes","test_MyRecipes","TestMyRecipes","","","And user is able to log the recipes",""
"passed","Sun Sep 13 02:19:20 UTC 2026","Sun Sep 13 02:19:30 UTC 2026","9995","tests.PlayWrightTests.UserFacingPortal.Health","test_exercise","TestExerciseSection","","","Other Activity: logging an other activity entry by minutes (1 min) successfully displays the logged duration in the history list",""
"passed","Sun Sep 13 03:03:44 UTC 2026","Sun Sep 13 03:03:53 UTC 2026","9370","tests.PlayWrightTests.UserFacingPortal.HomePage","test_food","TestFoodSearchTabs","","","Food search tabs: 'Favorites' tab remains functional when selected","Checks selecting the 'Favorites' food search tab keeps the search input visible and usable."
"passed","Sun Sep 13 02:16:25 UTC 2026","Sun Sep 13 02:16:29 UTC 2026","3162","tests.PlayWrightTests.UserFacingPortal.Health","test_blood_sugar","TestBloodSugarSection","","","Verify that adding a historical Before Meal blood sugar entry displays correctly in the current widget value",""
"passed","Sun Sep 13 03:08:05 UTC 2026","Sun Sep 13 03:08:22 UTC 2026","16966","tests.PlayWrightTests.UserFacingPortal.HomePage","test_food","TestFoodDeleteItem","","","Food delete: choosing No on Snacks keeps the item","Checks clicking No on the Snacks delete confirmation leaves the item count unchanged."
"passed","Sun Sep 13 03:29:13 UTC 2026","Sun Sep 13 03:29:21 UTC 2026","8284","tests.PlayWrightTests.UserFacingPortal.HomePage","test_home_greetings","TestHomeGreetingsCohortWeekEdgeCases","","","Home Greeting: cohort dpp date in the future hides week info",""
"passed","Sun Sep 13 01:55:34 UTC 2026","Sun Sep 13 01:55:52 UTC 2026","17976","tests.PlayWrightTests.UserFacingPortal.Discuss","test_talk_to_my_team","TestTalkToMyTeamDiscussTab","","","Verify that a user can report and block a post as offensive and that the blocked content indicator is displayed in the Discuss tab",""
"passed","Sun Sep 13 02:36:20 UTC 2026","Sun Sep 13 02:36:23 UTC 2026","2977","tests.PlayWrightTests.UserFacingPortal.HomePage","test_Set_Targets","Test_Set_Targets","","","Macronutrient distribution validation errors","Validate error messages and save blocking for out-of-range and sum≠100% macronutrient scenarios."
"passed","Sun Sep 13 03:28:32 UTC 2026","Sun Sep 13 03:28:40 UTC 2026","8798","tests.PlayWrightTests.UserFacingPortal.HomePage","test_home_greetings","TestHomeGreetingsNoCohort","","","Home Greeting: dashboard should display preferred name from profile",""
"passed","Sun Sep 13 04:26:13 UTC 2026","Sun Sep 13 04:26:13 UTC 2026","46","tests.PlayWrightTests.UserFacingPortal.Login","test_login_page","TestLoginPageSpanish","","","Clicking the Need Help button navigates to the feedback page",""
"failed","Sun Sep 13 04:45:43 UTC 2026","Sun Sep 13 04:45:43 UTC 2026","3","tests.PlayWrightTests.UserFacingPortal","test_body_composition","TestBodyComposition","","","test_hover_dialog_info_icons_and_validate_definitions[chromium]","Hover each info icon in dialog headers, validate tooltip definition matches HoverJson."
"passed","Sun Sep 13 02:52:39 UTC 2026","Sun Sep 13 02:52:45 UTC 2026","5986","tests.PlayWrightTests.UserFacingPortal.HomePage","test_food","TestFoodPageSubNutrients","","","Food page: Fiber sub-nutrient label is visible","Checks the Fiber sub-nutrient card label is visible on the Food page."
"passed","Sun Sep 13 02:29:56 UTC 2026","Sun Sep 13 02:29:56 UTC 2026","147","tests.PlayWrightTests.UserFacingPortal.Health","test_hba1c","TestHbA1cSection","","","Verify canceling target setting reverts input changes",""
"passed","Sun Sep 13 04:34:48 UTC 2026","Sun Sep 13 04:34:48 UTC 2026","4","tests.PlayWrightTests.UserFacingPortal.Recipes","test_habirecipe_book","TestRecipeBook","","","Verify Generate New Recipe button is displayed",""
"passed","Sun Sep 13 04:25:28 UTC 2026","Sun Sep 13 04:25:28 UTC 2026","2","tests.PlayWrightTests.UserFacingPortal.Login","test_login_page","TestLoginPage","","","Password input has placeholder text Enter your password",""
"passed","Sun Sep 13 04:46:48 UTC 2026","Sun Sep 13 04:47:01 UTC 2026","12990","tests.PlayWrightTests.UserFacingPortal","test_eula_banner","TestEulaBanner","","","Clicking Decline on the EULA shows the mandatory-acceptance warning with Do Not Enroll and Go Back","Clicks Decline and verifies the mandatory-acceptance warning shows its exact expected text."
"passed","Sun Sep 13 01:55:52 UTC 2026","Sun Sep 13 01:56:08 UTC 2026","15632","tests.PlayWrightTests.UserFacingPortal.Discuss","test_talk_to_my_team","TestTalkToMyTeamDiscussTab","","","Verify that a user can block a post with category 'Other' by providing a custom reason in the Discuss tab",""
"passed","Sun Sep 13 02:39:32 UTC 2026","Sun Sep 13 02:39:38 UTC 2026","6618","tests.PlayWrightTests.UserFacingPortal.HomePage","test_breathe_and_unwind","TestSettingsDefaultState","","","Settings: header title and subtitle are correct",""
"passed","Sun Sep 13 02:16:29 UTC 2026","Sun Sep 13 02:16:32 UTC 2026","3144","tests.PlayWrightTests.UserFacingPortal.Health","test_blood_sugar","TestBloodSugarSection","","","Verify that adding a historical After Meal blood sugar entry displays correctly in the current widget value",""
"passed","Sun Sep 13 04:25:29 UTC 2026","Sun Sep 13 04:25:29 UTC 2026","29","tests.PlayWrightTests.UserFacingPortal.Login","test_login_page","TestLoginPage","","","Need Help button is visible and has the correct label",""
"passed","Sun Sep 13 01:51:21 UTC 2026","Sun Sep 13 01:51:31 UTC 2026","10190","tests.PlayWrightTests.UserFacingPortal.Discuss","test_discussionReactions","TestUserDiscussionReactions","","","Given a user has liked a post, when the page is refreshed, then the like should still be visible",""
"passed","Sun Sep 13 04:25:35 UTC 2026","Sun Sep 13 04:25:35 UTC 2026","69","tests.PlayWrightTests.UserFacingPortal.Login","test_login_page","TestLoginPage","","","Sign in with Code page displays the verification code delivery options prompt",""
"passed","Sun Sep 13 02:47:28 UTC 2026","Sun Sep 13 02:47:41 UTC 2026","12985","tests.PlayWrightTests.UserFacingPortal.HomePage","test_breathe_and_unwind","TestPerTechniqueResetAcrossPhases","","","Reset: Coherent Breathing resets to READY during phase 2 (Exhale)",""
"passed","Sun Sep 13 04:30:05 UTC 2026","Sun Sep 13 04:30:05 UTC 2026","6","tests.PlayWrightTests.UserFacingPortal.Recipes","test_MyRecipes","TestMyRecipes","","","Then user is able to validate added ingredient",""
"passed","Sun Sep 13 03:04:32 UTC 2026","Sun Sep 13 03:04:46 UTC 2026","13856","tests.PlayWrightTests.UserFacingPortal.HomePage","test_food","TestFoodViewLogsNavigation","","","Food logs: switching to the Lunch tab does not error","Checks clicking the Lunch tab on the food log page switches tabs without breaking the page."
"passed","Sun Sep 13 01:53:20 UTC 2026","Sun Sep 13 01:53:21 UTC 2026","1572","tests.PlayWrightTests.UserFacingPortal.Discuss","test_discussion_pinned_posts","TestDiscussionPinnedPosts","","","Verify that the Pinned Posts section stays visible on the My Posts tab","Switches to the My Posts tab and confirms the Pinned Posts section remains visible."
"skipped","Sun Sep 13 02:14:29 UTC 2026","Sun Sep 13 02:14:29 UTC 2026","1","tests.PlayWrightTests.UserFacingPortal.Habits","test_habits","TestHabitsFeature","","","Test 26: Single click on orange circle (flexible) marks done",""
"passed","Sun Sep 13 04:33:47 UTC 2026","Sun Sep 13 04:33:50 UTC 2026","2916","tests.PlayWrightTests.UserFacingPortal.Recipes","test_Search_the_web","TestSearchTheWeb","","","Search the Web: Load more results and validate more recipes are displayed","p12: Search for a recipe and load more results"
"passed","Sun Sep 13 02:07:40 UTC 2026","Sun Sep 13 02:07:44 UTC 2026","4233","tests.PlayWrightTests.UserFacingPortal.Discuss","test_talk_to_my_team","TestTalkToMyTeamThreeDotsAndBlocking","","","Verify that the three-dots menu on a user's own post shows only the Edit option","Confirms the three-dots menu on a post the current user authored shows Edit and does not show Block Content or Block User."
"passed","Sun Sep 13 03:13:24 UTC 2026","Sun Sep 13 03:13:34 UTC 2026","9881","tests.PlayWrightTests.UserFacingPortal.HomePage","test_food","TestFoodDateNavigation","","","Food date nav: Lunch section header remains visible on a historical date","Checks the Lunch meal section header is still visible after navigating to a past date."
"passed","Sun Sep 13 04:27:25 UTC 2026","Sun Sep 13 04:27:25 UTC 2026","117","tests.PlayWrightTests.UserFacingPortal.Profile","test_profile","TestProfile","","","Contact Details validation: submitting a blank Address Line 1 displays the inline error 'Address line is required'",""
"passed","Sun Sep 13 02:35:37 UTC 2026","Sun Sep 13 02:35:37 UTC 2026","127","tests.PlayWrightTests.UserFacingPortal.HomePage","test_Set_Targets","Test_Set_Targets","","","Verify Set Targets header is visible","Test that the Set Your Targets header is visible on the page"
"passed","Sun Sep 13 04:27:34 UTC 2026","Sun Sep 13 04:27:34 UTC 2026","67","tests.PlayWrightTests.UserFacingPortal.Profile","test_profile","TestProfile","","","Contact Details validation: entering a 4-digit Zip Code displays the inline error 'Zip code must have a leading zero if it's 4 digits long'",""
"passed","Sun Sep 13 04:25:28 UTC 2026","Sun Sep 13 04:25:28 UTC 2026","10","tests.PlayWrightTests.UserFacingPortal.Login","test_login_page","TestLoginPage","","","Password field label displays the text Password",""
"passed","Sun Sep 13 03:55:59 UTC 2026","Sun Sep 13 03:56:28 UTC 2026","29137","tests.PlayWrightTests.UserFacingPortal.HomePage","test_ripples","TestRipplesQuitSessionConfirmation","","","Quit session: clicking Back while active shows a stop confirmation dialog",""
"passed","Sun Sep 13 02:30:21 UTC 2026","Sun Sep 13 02:30:23 UTC 2026","2082","tests.PlayWrightTests.UserFacingPortal.Health","test_hba1c","TestHbA1cSection","","","Verify Decimal Precision is Saved Correctly",""
"passed","Sun Sep 13 04:35:17 UTC 2026","Sun Sep 13 04:35:18 UTC 2026","808","tests.PlayWrightTests.UserFacingPortal.Recipes","test_habirecipe_book","TestRecipeBook","","","Verify 'Back to button' and animation images are displayed when recipe gen starts",""
"passed","Sun Sep 13 04:20:16 UTC 2026","Sun Sep 13 04:20:27 UTC 2026","10777","tests.PlayWrightTests.UserFacingPortal.HomePage","test_water_widget","TestWaterLogHistory","","","Water log page: logging several different amounts shows every one of them in the history list",""
"passed","Sun Sep 13 02:07:15 UTC 2026","Sun Sep 13 02:07:27 UTC 2026","12063","tests.PlayWrightTests.UserFacingPortal.Discuss","test_talk_to_my_team","TestTalkToMyTeamCommentsAndReactions","","","Verify that a comment persists after refreshing the page","Adds a comment to a post, refreshes the page, and confirms the comment is still visible."
"passed","Sun Sep 13 02:55:55 UTC 2026","Sun Sep 13 02:56:03 UTC 2026","8599","tests.PlayWrightTests.UserFacingPortal.HomePage","test_food","TestFoodSelectResult","","","Food select: Lunch shows selected food name, calories, default quantity","Checks selecting a Lunch search result shows the food name, a calorie value, and a default quantity of 1."
"passed","Sun Sep 13 02:34:26 UTC 2026","Sun Sep 13 02:34:29 UTC 2026","2599","tests.PlayWrightTests.UserFacingPortal.Health","test_tobacco","TestTobaccoSection","","","Verify Year Filter Functionality: Selecting 'Last year' filter updates history list to display current year's records",""
"passed","Sun Sep 13 02:37:32 UTC 2026","Sun Sep 13 02:37:38 UTC 2026","6324","tests.PlayWrightTests.UserFacingPortal.HomePage","test_breathe_and_unwind","TestBreatheUnwindDefaultState","","","Breathe & Unwind: settings gear icon is visible",""
"passed","Sun Sep 13 04:25:35 UTC 2026","Sun Sep 13 04:25:35 UTC 2026","7","tests.PlayWrightTests.UserFacingPortal.Login","test_login_page","TestLoginPage","","","Send Code Via Text button is visible on the code delivery page",""
"passed","Sun Sep 13 02:16:03 UTC 2026","Sun Sep 13 02:16:03 UTC 2026","228","tests.PlayWrightTests.UserFacingPortal.Health","test_blood_sugar","TestBloodSugarSection","","","Verify that editing a target fails with a validation error when entering a negative target value",""
"passed","Sun Sep 13 03:29:02 UTC 2026","Sun Sep 13 03:29:09 UTC 2026","7213","tests.PlayWrightTests.UserFacingPortal.HomePage","test_home_greetings","TestHomeGreetingsCohortWeekEdgeCases","","","Home Greeting: cohort dpp date 361 days ago shows the final Week 52",""
"skipped","Sun Sep 13 02:16:50 UTC 2026","Sun Sep 13 02:16:50 UTC 2026","0","tests.PlayWrightTests.UserFacingPortal.Health","test_blood_sugar","TestBloodSugarSection","","","Verify that 'No data for last 30 days' is visible when no data is logged for the last 30 days",""
"passed","Sun Sep 13 03:38:53 UTC 2026","Sun Sep 13 03:39:06 UTC 2026","13356","tests.PlayWrightTests.UserFacingPortal.HomePage","test_mood_logging","TestMoodHistoryMonthView","","","Mood History Month view: Previous period navigation changes the range label",""
"passed","Sun Sep 13 02:31:25 UTC 2026","Sun Sep 13 02:31:40 UTC 2026","15477","tests.PlayWrightTests.UserFacingPortal.Health","test_tobacco","TestTobaccoSection","","","Verify empty state message ('No data recorded yet') and that Set Target button is displayed after logging a vital entry",""
"passed","Sun Sep 13 04:28:09 UTC 2026","Sun Sep 13 04:28:18 UTC 2026","8156","tests.PlayWrightTests.UserFacingPortal.Profile","test_profile","TestProfile","","","Upload happy path: providing a valid file, Name='Test Document' and Type='Blood Report' and submitting uploads the document and the documents table row count increases by exactly one",""
"passed","Sun Sep 13 03:58:18 UTC 2026","Sun Sep 13 03:58:21 UTC 2026","3548","tests.PlayWrightTests.UserFacingPortal.HomePage","test_streak","TestStreakWidgetGeneral","","","Streak Widget General Rule: reset state starts from Current Streak zero",""
"passed","Sun Sep 13 04:25:28 UTC 2026","Sun Sep 13 04:25:28 UTC 2026","7","tests.PlayWrightTests.UserFacingPortal.Login","test_login_page","TestLoginPage","","","Forgot password link is visible and has correct label",""
"passed","Sun Sep 13 02:03:34 UTC 2026","Sun Sep 13 02:03:47 UTC 2026","12325","tests.PlayWrightTests.UserFacingPortal.Discuss","test_talk_to_my_team","TestTalkToMyTeamMyPostsTab","","","Verify that a user can edit an existing post and add a new file attachment which is visible after saving in the My Posts tab",""
"passed","Sun Sep 13 02:15:51 UTC 2026","Sun Sep 13 02:15:52 UTC 2026","1171","tests.PlayWrightTests.UserFacingPortal.Health","test_blood_sugar","TestBloodSugarSection","","","Verify that a user is able to successfully edit an existing target to a new valid value",""
"passed","Sun Sep 13 04:26:20 UTC 2026","Sun Sep 13 04:26:20 UTC 2026","9","tests.PlayWrightTests.UserFacingPortal.Login","test_login_page","TestNeedHelpPage","","","Subject label is visible on the Need Help page",""
"passed","Sun Sep 13 04:27:34 UTC 2026","Sun Sep 13 04:27:34 UTC 2026","58","tests.PlayWrightTests.UserFacingPortal.Profile","test_profile","TestProfile","","","Contact Details validation: entering 9 consecutive digits without the required dash separator displays the inline format error for 9-digit Zip Codes",""
"passed","Sun Sep 13 04:07:18 UTC 2026","Sun Sep 13 04:07:18 UTC 2026","136","tests.PlayWrightTests.UserFacingPortal.HomePage","test_talktomycoach","TestDashboardChat","","","TC04 – Verify the coach chat modal header displays the correct title: Talk To Your Coach",""
"passed","Sun Sep 13 04:07:19 UTC 2026","Sun Sep 13 04:07:19 UTC 2026","149","tests.PlayWrightTests.UserFacingPortal.HomePage","test_talktomycoach","TestDashboardChat","","","TC07 – Verify the X close button is visible and in an enabled clickable state inside the coach modal",""
"passed","Sun Sep 13 04:27:20 UTC 2026","Sun Sep 13 04:27:21 UTC 2026","164","tests.PlayWrightTests.UserFacingPortal.Profile","test_profile","TestProfile","","","Basic Information structural validation: the edit form exposes exactly the expected fields (firstName, lastName, email, dateOfBirth, gender, current_gender, timezone, preferredName) and a functional Save button with no unexpected inputs",""
"passed","Sun Sep 13 02:22:58 UTC 2026","Sun Sep 13 02:23:08 UTC 2026","9600","tests.PlayWrightTests.UserFacingPortal.Health","test_exercise","TestExerciseSection","","","Exercise Logging: entering special characters in the Minutes field is rejected with a validation error",""
"passed","Sun Sep 13 04:34:25 UTC 2026","Sun Sep 13 04:34:25 UTC 2026","171","tests.PlayWrightTests.UserFacingPortal.Recipes","test_chef_curated","TestChefCurated","","","Chef Curated: Search for a recipe by using tags",""
"passed","Sun Sep 13 02:24:33 UTC 2026","Sun Sep 13 02:24:44 UTC 2026","10564","tests.PlayWrightTests.UserFacingPortal.Health","test_exercise","TestExerciseSection","","","Exercise Logging: an error message is displayed when the save API request fails",""
"passed","Sun Sep 13 04:13:26 UTC 2026","Sun Sep 13 04:13:40 UTC 2026","14055","tests.PlayWrightTests.UserFacingPortal.HomePage","test_upcoming_events","TestUpcomingEventsWidget","","","Upcoming Events: clicking a far-future event opens Appointment Details",""
"passed","Sun Sep 13 02:37:50 UTC 2026","Sun Sep 13 02:37:57 UTC 2026","6509","tests.PlayWrightTests.UserFacingPortal.HomePage","test_breathe_and_unwind","TestBreatheUnwindDefaultState","","","Breathe & Unwind: default timer shows 03:00 for Equal Breathing",""
"passed","Sun Sep 13 04:12:16 UTC 2026","Sun Sep 13 04:12:36 UTC 2026","19357","tests.PlayWrightTests.UserFacingPortal.HomePage","test_upcoming_events","TestUpcomingEventsWidget","","","Upcoming Events: more than 3 meetings shows '+more' and it navigates to the calendar",""
"passed","Sun Sep 13 04:27:37 UTC 2026","Sun Sep 13 04:27:38 UTC 2026","52","tests.PlayWrightTests.UserFacingPortal.Profile","test_profile","TestProfile","","","Health Parameters edit: clicking the 'Edit' link on the Health Parameters card switches the section into edit mode and renders the 'Save' button, then closing the modal restores the read-only view",""
"passed","Sun Sep 13 04:35:55 UTC 2026","Sun Sep 13 04:35:55 UTC 2026","2","tests.PlayWrightTests.UserFacingPortal.Recipes","test_habirecipe_book","TestRecipeBook","","","View Servings displayed in view page == servings displayed in list page",""
"failed","Sun Sep 13 04:36:14 UTC 2026","Sun Sep 13 04:36:30 UTC 2026","15768","tests.PlayWrightTests.UserFacingPortal.Recipes","test_habirecipe_book","TestRecipeBook","","","View Recipe Image Icon is loaded properly on list page",""
"passed","Sun Sep 13 03:18:35 UTC 2026","Sun Sep 13 03:18:47 UTC 2026","12002","tests.PlayWrightTests.UserFacingPortal.HomePage","test_food","TestFoodCrossCutting","","","Food cross-cutting: a no-results search followed by a valid search recovers correctly","Checks searching a nonsense term (zero results) and then a valid term afterward successfully returns results."
"passed","Sun Sep 13 04:25:28 UTC 2026","Sun Sep 13 04:25:28 UTC 2026","312","tests.PlayWrightTests.UserFacingPortal.Login","test_login_page","TestLoginPage","","","HabitNu logo is displayed on the login page",""
"passed","Sun Sep 13 02:14:11 UTC 2026","Sun Sep 13 02:14:13 UTC 2026","1802","tests.PlayWrightTests.UserFacingPortal.Habits","test_habits","TestHabitsFeature","","","Minus button doesn't go below 1",""
"passed","Sun Sep 13 03:03:18 UTC 2026","Sun Sep 13 03:03:24 UTC 2026","5959","tests.PlayWrightTests.UserFacingPortal.HomePage","test_food","TestFoodSearchTabs","","","Food search tabs: 'All' tab remains functional when selected","Checks selecting the 'All' food search tab keeps the search input visible and usable."
"passed","Sun Sep 13 04:34:48 UTC 2026","Sun Sep 13 04:34:49 UTC 2026","788","tests.PlayWrightTests.UserFacingPortal.Recipes","test_habirecipe_book","TestRecipeBook","","","As a user When I click on the Generate New Recipe button, it should take me to Let's Set Your Preferences page and Verify all preference categories are displayed",""
"passed","Sun Sep 13 03:29:56 UTC 2026","Sun Sep 13 03:30:03 UTC 2026","7199","tests.PlayWrightTests.UserFacingPortal.HomePage","test_mindful_minutes","TestMindfulMinutesModal","","","Add Mindful Minutes modal: default date is today","Opens the Add Mindful Minutes popup and checks the Date field is already filled in with a date by default."
"passed","Sun Sep 13 02:44:33 UTC 2026","Sun Sep 13 02:44:46 UTC 2026","13629","tests.PlayWrightTests.UserFacingPortal.HomePage","test_breathe_and_unwind","TestPerTechniqueAudioFeedbackSettings","","","Session settings: Ambient Sound, Transition Bell, and Guide Voice work live during Equal Breathing",""
"passed","Sun Sep 13 02:53:39 UTC 2026","Sun Sep 13 02:53:46 UTC 2026","7161","tests.PlayWrightTests.UserFacingPortal.HomePage","test_food","TestFoodAddNavigation","","","Food search: Add Dinner opens the Dinner search page","Checks clicking Add Dinner navigates to the Dinner food search page with a visible search input."
"passed","Sun Sep 13 02:47:45 UTC 2026","Sun Sep 13 02:48:57 UTC 2026","72623","tests.PlayWrightTests.UserFacingPortal.HomePage","test_breathe_and_unwind","TestSessionCompletion","","","Session completion: a 1-minute session finishes and returns to READY when the timer reaches 00:00",""
"passed","Sun Sep 13 04:29:17 UTC 2026","Sun Sep 13 04:29:24 UTC 2026","7062","tests.PlayWrightTests.UserFacingPortal.Profile","test_profile","TestProfile","","","Change Password validation: submitting an incorrect Current Password with matching New and Confirm Passwords displays the server-side error 'is incorrect' on Current Password",""
"failed","Sun Sep 13 01:48:29 UTC 2026","Sun Sep 13 01:48:53 UTC 2026","24127","tests.PlayWrightTests.UserFacingPortal.Chatbot","test_chatbot_forLoggingWeights","TestChatbotLogWeight","","","Verify user can use habi chatbot to log Weight in kg, given prompt==log my weight==68kg measured today, and says 'YES' to confirmation message",""
"passed","Sun Sep 13 02:42:31 UTC 2026","Sun Sep 13 02:42:48 UTC 2026","16578","tests.PlayWrightTests.UserFacingPortal.HomePage","test_breathe_and_unwind","TestPerTechniquePlaybackCycle","","","Playback: Coherent Breathing cycles through Inhale and Exhale with correct audio",""
"passed","Sun Sep 13 04:26:55 UTC 2026","Sun Sep 13 04:27:03 UTC 2026","7447","tests.PlayWrightTests.UserFacingPortal.Profile","test_profile","TestProfile","","","Basic Information edit: selecting Sex as 'Female' and saving persists the value and renders 'Female' in the read-only Basic Information view",""
"passed","Sun Sep 13 02:29:56 UTC 2026","Sun Sep 13 02:29:58 UTC 2026","1653","tests.PlayWrightTests.UserFacingPortal.Health","test_hba1c","TestHbA1cSection","","","Verify successfully setting a valid target",""
"passed","Sun Sep 13 04:26:37 UTC 2026","Sun Sep 13 04:26:44 UTC 2026","7816","tests.PlayWrightTests.UserFacingPortal.Profile","test_profile","TestProfile","","","Profile picture upload: uploading a valid PNG image as the profile avatar succeeds and a confirmation toast is shown",""
"passed","Sun Sep 13 01:53:02 UTC 2026","Sun Sep 13 01:53:02 UTC 2026","76","tests.PlayWrightTests.UserFacingPortal.Discuss","test_discussion_pinned_posts","TestDiscussionPinnedPosts","","","Verify that no three-dots menu appears on the post within the pinned-detail modal","Opens the pinned-detail modal and confirms the post inside it has no three-dots menu button."
"passed","Sun Sep 13 04:27:26 UTC 2026","Sun Sep 13 04:27:28 UTC 2026","1422","tests.PlayWrightTests.UserFacingPortal.Profile","test_profile","TestProfile","","","Contact Details edit: leaving Address Line 2 blank (optional field) and saving does not raise validation errors; the previously saved Address Line 1 remains intact and no Apt./line-2 text appears",""
"passed","Sun Sep 13 04:03:57 UTC 2026","Sun Sep 13 04:04:26 UTC 2026","28842","tests.PlayWrightTests.UserFacingPortal.HomePage","test_streak","TestStreakWidgetHealth","","","Streak Widget Health Segment: logging exercise through chatbot increments Current Streak by one",""
"passed","Sun Sep 13 02:56:34 UTC 2026","Sun Sep 13 02:56:44 UTC 2026","9997","tests.PlayWrightTests.UserFacingPortal.HomePage","test_food","TestFoodQuantityAdjustment","","","Food quantity: Breakfast decrement button decreases the quantity","Checks clicking the decrement (-) button lowers the Breakfast item's quantity below the default of 1."
"passed","Sun Sep 13 02:53:18 UTC 2026","Sun Sep 13 02:53:22 UTC 2026","4160","tests.PlayWrightTests.UserFacingPortal.HomePage","test_food","TestFoodPageMealSections","","","Food page: Snacks section shows its header, macro labels, and Add button","Checks the Snacks meal section header, Carbs/Protein/Fat labels, and Add Snacks button are all visible."
"passed","Sun Sep 13 02:38:10 UTC 2026","Sun Sep 13 02:38:16 UTC 2026","6233","tests.PlayWrightTests.UserFacingPortal.HomePage","test_breathe_and_unwind","TestBreatheUnwindDefaultState","","","Breathe & Unwind: background music plays by default and sound icon shows unmuted",""
"passed","Sun Sep 13 03:54:48 UTC 2026","Sun Sep 13 03:55:23 UTC 2026","34477","tests.PlayWrightTests.UserFacingPortal.HomePage","test_ripples","TestRipplesTabVisibilityPause","","","Tab visibility: Resume dismisses the paused overlay and resumes audio without leaving the screen",""
"passed","Sun Sep 13 02:06:39 UTC 2026","Sun Sep 13 02:06:39 UTC 2026","509","tests.PlayWrightTests.UserFacingPortal.Discuss","test_talk_to_my_team","TestTalkToMyTeamAttachments","","","Verify that dragging the description textarea's resize handle increases its height","Drags the native resize handle at the bottom-right corner of the description textarea and confirms its rendered height increases."
"passed","Sun Sep 13 03:24:22 UTC 2026","Sun Sep 13 03:24:26 UTC 2026","4087","tests.PlayWrightTests.UserFacingPortal.HomePage","test_home_general","TestHomeGeneralHeader","","","Header: profile dropdown lists all expected account options","Opens the profile dropdown and checks every expected menu item (View Profile Details, Upload/View Files, Change Password, Notification Preferences, Manage Devices, Language Preferences, Need Help?, Sign Out) is visible."
"passed","Sun Sep 13 02:44:56 UTC 2026","Sun Sep 13 02:45:07 UTC 2026","10247","tests.PlayWrightTests.UserFacingPortal.HomePage","test_breathe_and_unwind","TestPerTechniqueAudioFeedbackSettings","","","Session settings: Ambient Sound, Transition Bell, and Guide Voice work live during 4-7-8 Technique",""
"passed","Sun Sep 13 04:35:10 UTC 2026","Sun Sep 13 04:35:10 UTC 2026","46","tests.PlayWrightTests.UserFacingPortal.Recipes","test_habirecipe_book","TestRecipeBook","","","As a user When I click on the ADD_INGREDIENTS_BUTTON, Verify Search Ingredient dropdown opens",""
"passed","Sun Sep 13 03:31:41 UTC 2026","Sun Sep 13 03:31:48 UTC 2026","7615","tests.PlayWrightTests.UserFacingPortal.HomePage","test_mindful_minutes","TestMindfulMinutesCustomDuration","","","Custom duration: Save is disabled when the custom minutes field is 0","Selects Custom duration and types 0 in the minutes box, and checks the Save button stays disabled since 0 minutes is not a valid entry."
"passed","Sun Sep 13 03:35:41 UTC 2026","Sun Sep 13 03:35:59 UTC 2026","18463","tests.PlayWrightTests.UserFacingPortal.HomePage","test_mood_logging","TestMoodLogging","","","Mood logging: logging Angry shows on today's calendar cell",""
"passed","Sun Sep 13 04:07:38 UTC 2026","Sun Sep 13 04:07:38 UTC 2026","183","tests.PlayWrightTests.UserFacingPortal.HomePage","test_talktomycoach","TestDashboardChat","","","TC15 – Verify that pressing Enter on a completely empty input field does not send a message and the chat conversation remains unchanged",""
"passed","Sun Sep 13 04:32:13 UTC 2026","Sun Sep 13 04:32:15 UTC 2026","1781","tests.PlayWrightTests.UserFacingPortal.Recipes","test_MyRecipes","TestMyRecipes","","","verify recipe can be created with custom ingredients",""
"passed","Sun Sep 13 04:26:26 UTC 2026","Sun Sep 13 04:26:26 UTC 2026","7","tests.PlayWrightTests.UserFacingPortal.Login","test_login_page","TestNeedHelpPageSpanish","","","Subject input field is visible in Spanish",""
"passed","Sun Sep 13 02:58:45 UTC 2026","Sun Sep 13 02:58:55 UTC 2026","9756","tests.PlayWrightTests.UserFacingPortal.HomePage","test_food","TestFoodServingUnitChange","","","Food serving unit: changing Lunch serving unit updates the calorie preview","Checks switching the Lunch item's serving unit recalculates the displayed calorie value."
"passed","Sun Sep 13 04:29:15 UTC 2026","Sun Sep 13 04:29:17 UTC 2026","2281","tests.PlayWrightTests.UserFacingPortal.Profile","test_profile","TestProfile","","","Change Password validation: entering only the New Password (without Current and Confirm) and submitting displays the inline 'is required' error on Confirm Password",""
"skipped","Sun Sep 13 04:33:02 UTC 2026","Sun Sep 13 04:33:07 UTC 2026","5068","tests.PlayWrightTests.UserFacingPortal.Recipes","test_Search_the_web","TestSearchTheWeb","","","Search the Web: search recipe and log the recipe","p3: Search for a recipe and log the recipe"
"passed","Sun Sep 13 04:26:14 UTC 2026","Sun Sep 13 04:26:14 UTC 2026","7","tests.PlayWrightTests.UserFacingPortal.Login","test_login_page","TestLoginPageSpanish","","","Privacy policy and terms of use links are enabled in Spanish",""
"passed","Sun Sep 13 02:14:26 UTC 2026","Sun Sep 13 02:14:27 UTC 2026","865","tests.PlayWrightTests.UserFacingPortal.Habits","test_habits","TestHabitsFeature","","","Test 21: Calendar backward arrow goes to previous month",""
"passed","Sun Sep 13 04:25:29 UTC 2026","Sun Sep 13 04:25:30 UTC 2026","55","tests.PlayWrightTests.UserFacingPortal.Login","test_login_page","TestLoginPage","","","Clicking the password eye icon makes the password text visible",""
"passed","Sun Sep 13 04:26:13 UTC 2026","Sun Sep 13 04:26:13 UTC 2026","6","tests.PlayWrightTests.UserFacingPortal.Login","test_login_page","TestLoginPageSpanish","","","Don't have an account prompt text is displayed in Spanish",""
"passed","Sun Sep 13 03:36:38 UTC 2026","Sun Sep 13 03:36:57 UTC 2026","18481","tests.PlayWrightTests.UserFacingPortal.HomePage","test_mood_logging","TestMoodLogging","","","Mood logging: logging Happy shows on today's calendar cell",""
"passed","Sun Sep 13 03:07:16 UTC 2026","Sun Sep 13 03:07:54 UTC 2026","37566","tests.PlayWrightTests.UserFacingPortal.HomePage","test_food","TestFoodDeleteItem","","","Food delete: deleting a Breakfast item decreases the Breakfast total","Checks confirming a Breakfast item deletion decreases the Breakfast calorie total."
"passed","Sun Sep 13 02:14:54 UTC 2026","Sun Sep 13 02:14:58 UTC 2026","3919","tests.PlayWrightTests.UserFacingPortal.Health","test_blood_pressure","TestBloodPressureSection","","","Verify that user is able to successfully log initial blood pressure vitals (systolic 80, diastolic 120) with a historical date",""
"passed","Sun Sep 13 04:34:26 UTC 2026","Sun Sep 13 04:34:26 UTC 2026","318","tests.PlayWrightTests.UserFacingPortal.Recipes","test_chef_curated","TestChefCurated","","","Chef Curated: Search for an invalid recipe and validate the result","p8: Search for an invalid recipe and validate the result"
"passed","Sun Sep 13 02:15:51 UTC 2026","Sun Sep 13 02:15:51 UTC 2026","160","tests.PlayWrightTests.UserFacingPortal.Health","test_blood_sugar","TestBloodSugarSection","","","Verify that a user is able to successfully set valid blood sugar target values (High 15, Low 5)",""
"passed","Sun Sep 13 03:50:48 UTC 2026","Sun Sep 13 03:51:51 UTC 2026","62989","tests.PlayWrightTests.UserFacingPortal.HomePage","test_ripples","TestRipplesSceneSwitching","","","Scene switching: selecting seashells updates the selected scene",""
"passed","Sun Sep 13 03:05:54 UTC 2026","Sun Sep 13 03:06:27 UTC 2026","33806","tests.PlayWrightTests.UserFacingPortal.HomePage","test_food","TestFoodEditItem","","","Food edit: updating a Dinner item's quantity recalculates the Dinner total","Checks changing a Dinner item's quantity on the edit page and confirming updates the Dinner calorie total."
"passed","Sun Sep 13 04:26:26 UTC 2026","Sun Sep 13 04:26:26 UTC 2026","7","tests.PlayWrightTests.UserFacingPortal.Login","test_login_page","TestNeedHelpPageSpanish","","","Account settings text is correct in Spanish on the Need Help page",""
"passed","Sun Sep 13 04:25:28 UTC 2026","Sun Sep 13 04:25:28 UTC 2026","8","tests.PlayWrightTests.UserFacingPortal.Login","test_login_page","TestLoginPage","","","Email field label displays the text Email",""
"passed","Sun Sep 13 03:59:50 UTC 2026","Sun Sep 13 04:00:17 UTC 2026","27433","tests.PlayWrightTests.UserFacingPortal.HomePage","test_streak","TestStreakWidgetGeneral","","","Streak Widget General Rule: multiple food logs on the same day count as one Current Streak increment",""
"passed","Sun Sep 13 04:01:23 UTC 2026","Sun Sep 13 04:01:42 UTC 2026","18992","tests.PlayWrightTests.UserFacingPortal.HomePage","test_streak","TestStreakWidgetGeneral","","","Streak Widget General Rule: deleting qualifying history recalculates and can reduce Current and Best streak",""
"passed","Sun Sep 13 04:25:29 UTC 2026","Sun Sep 13 04:25:29 UTC 2026","65","tests.PlayWrightTests.UserFacingPortal.Login","test_login_page","TestLoginPage","","","Submitting the form with an invalid email format shows email and password validation errors",""
"passed","Sun Sep 13 04:26:13 UTC 2026","Sun Sep 13 04:26:13 UTC 2026","8","tests.PlayWrightTests.UserFacingPortal.Login","test_login_page","TestLoginPageSpanish","","","Need Help button is visible and enabled with Spanish label",""
