"Status","Start Time","Stop Time","Duration in ms","Parent Suite","Suite","Sub Suite","Test Class","Test Method","Name","Description"
"passed","Sun Sep 13 03:49:20 UTC 2026","Sun Sep 13 03:49:22 UTC 2026","2056","tests.PlayWrightTests.CoachFacingPortal.DiscussionForum","test_discussion_CA_role","TestDiscussionForumPage","","","Given I am logged in, I am validating Add subject and describe - success post",""
"passed","Sun Sep 13 03:52:02 UTC 2026","Sun Sep 13 03:52:07 UTC 2026","5299","tests.PlayWrightTests.CoachFacingPortal.DiscussionForum","test_discussion_CA_role","TestDiscussionForumPage","","","Given I am logged in, I am validating Comment on pinned post",""
"broken","Sun Sep 13 05:04:54 UTC 2026","Sun Sep 13 05:04:54 UTC 2026","0","tests.PlayWrightTests.CoachFacingPortal.Hub.Dashboard","test_sponsored_registration_and_count","TestSponsoredRegistrationChain","","","Given the Recently Joined table, when a sortable column header is clicked through its full cycle, then rows should sort, reverse, then reset",""
"passed","Sun Sep 13 04:05:15 UTC 2026","Sun Sep 13 04:05:22 UTC 2026","6346","tests.PlayWrightTests.CoachFacingPortal.Hub.Users.Activity","test_food_log_widget","TestFoodLogCrossPortal","","","tc_zzz (cleanup): Remove every food entry created by this suite",""
"passed","Sun Sep 13 05:16:14 UTC 2026","Sun Sep 13 05:16:14 UTC 2026","1","tests.PlayWrightTests.CoachFacingPortal.Hub.Users.OverView","test_overview","TestWeightLossBaseline","","","test_portal_a_onboarding_captures_starting_and_target_weight",""
"broken","Sun Sep 13 04:30:40 UTC 2026","Sun Sep 13 04:31:10 UTC 2026","30001","tests.PlayWrightTests.CoachFacingPortal.Milestones","test_ibc_milestone","TestIBC_Milestone","","","validate Week1 partially achieved should have Approved: false",""
"broken","Sun Sep 13 04:35:21 UTC 2026","Sun Sep 13 04:35:51 UTC 2026","30001","tests.PlayWrightTests.CoachFacingPortal.UserData","test_PatientProfilePayerType","TestPatientProfilePayerType","","","Verify editing details and clicking cancel does not apply modifications",""
"passed","Sun Sep 13 04:49:18 UTC 2026","Sun Sep 13 04:49:38 UTC 2026","20074","tests.PlayWrightTests.CoachFacingPortal.UserData","test_water","TestUserPlaywright","","","p2: Access water section for a specific user in a cohort",""
"failed","Sun Sep 13 04:31:10 UTC 2026","Sun Sep 13 04:31:10 UTC 2026","129","tests.PlayWrightTests.CoachFacingPortal.Milestones","test_ibc_milestone","TestIBC_Milestone","","","validate when user add meal let's say 5meals now to partially achieved week1, then week1 still should be partially achieved state and meal count in modal should update to 5",""
"failed","Sun Sep 13 04:22:09 UTC 2026","Sun Sep 13 04:22:09 UTC 2026","7","tests.PlayWrightTests.CoachFacingPortal.LogClassSession","test_logClass","TestLogClassSession","","","Verify Log Class Session page fields",""
"passed","Sun Sep 13 04:07:37 UTC 2026","Sun Sep 13 04:07:50 UTC 2026","12879","tests.PlayWrightTests.CoachFacingPortal.Hub.Users.Health","test_blood_sugar_history_widget","TestBloodSugarHistoryCrossPortal","","","tc2: Editing a blood sugar reading in the user portal is reflected in the Hub widget",""
"failed","Sun Sep 13 04:45:00 UTC 2026","Sun Sep 13 04:45:27 UTC 2026","26479","tests.PlayWrightTests.CoachFacingPortal.UserData","test_patient_profile_demographic","TestPatientProfileDemographic","","","[customer admin] Personal Details - Update Middle Name scenario and verify persisted value or coach edit restriction",""
"passed","Sun Sep 13 03:49:22 UTC 2026","Sun Sep 13 03:49:23 UTC 2026","847","tests.PlayWrightTests.CoachFacingPortal.DiscussionForum","test_discussion_CA_role","TestDiscussionForumPage","","","Given I am logged in, I am validating Add description only - success post",""
"passed","Sun Sep 13 04:49:02 UTC 2026","Sun Sep 13 04:49:02 UTC 2026","3","tests.PlayWrightTests.CoachFacingPortal.UserData","test_patient_profile_demographic","TestPatientProfileDemographic","","","[coach] Personal Details - Remove Ethnicity and Race value and verify reset state or coach restriction",""
"passed","Sun Sep 13 03:54:13 UTC 2026","Sun Sep 13 03:54:21 UTC 2026","8066","tests.PlayWrightTests.CoachFacingPortal.DiscussionForum","test_discussion_coachRole","TestDiscussionForumPage","","","Given I am logged in, I am validating - Discussions module",""
"passed","Sun Sep 13 04:54:40 UTC 2026","Sun Sep 13 04:54:43 UTC 2026","2661","tests.PlayWrightTests.CoachFacingPortal","test_coach_direct_message","TestUserPlaywright","","","p8: Navigate to a cohort with no users (Abd_17) and validate Direct Message empty state",""
"passed","Sun Sep 13 04:38:59 UTC 2026","Sun Sep 13 04:39:00 UTC 2026","1184","tests.PlayWrightTests.CoachFacingPortal.UserData","test_allActivities","TestUserPlaywright","","","p27: Blood pressure — Open list view from activity card — Expected: Blood pressure history table is displayed in list view",""
"passed","Sun Sep 13 04:45:53 UTC 2026","Sun Sep 13 04:45:53 UTC 2026","2","tests.PlayWrightTests.CoachFacingPortal.UserData","test_patient_profile_demographic","TestPatientProfileDemographic","","","[coach] Personal Details - Update Last Name and verify persisted value or coach edit restriction",""
"passed","Sun Sep 13 04:38:26 UTC 2026","Sun Sep 13 04:38:27 UTC 2026","930","tests.PlayWrightTests.CoachFacingPortal.UserData","test_allActivities","TestUserPlaywright","","","p17: Exercise API — Verify Other category entry nonsteps_mins=12 saved in p16 exists in GET /exercises — Expected: Entry found with nonsteps_mins=12 and steps=null",""
"passed","Sun Sep 13 04:41:16 UTC 2026","Sun Sep 13 04:41:16 UTC 2026","8","tests.PlayWrightTests.CoachFacingPortal.UserData","test_disenrollment","TestDisenrollment_demographicPage","","","Verify Disenrollment Details labels",""
"passed","Sun Sep 13 04:57:27 UTC 2026","Sun Sep 13 04:57:32 UTC 2026","5798","tests.PlayWrightTests.CoachFacingPortal","test_coaches_curated","TestUserPlaywright","","","test_add_curated[chromium]",""
"passed","Sun Sep 13 04:45:00 UTC 2026","Sun Sep 13 04:45:00 UTC 2026","4","tests.PlayWrightTests.CoachFacingPortal.UserData","test_patient_profile_demographic","TestPatientProfileDemographic","","","[coach] Personal Details - Update First Name and verify persisted value or coach edit restriction",""
"broken","Sun Sep 13 05:05:14 UTC 2026","Sun Sep 13 05:05:14 UTC 2026","0","tests.PlayWrightTests.CoachFacingPortal.Hub.Dashboard","test_trial_registration_and_count","TestTrialRegistrationChain","","","Given a baseline registered count from portal B, when a new trial user completes onboarding, then registered count should increment",""
"passed","Sun Sep 13 03:58:31 UTC 2026","Sun Sep 13 03:58:33 UTC 2026","2695","tests.PlayWrightTests.CoachFacingPortal.DiscussionForum","test_discussion_coachRole","TestDiscussionForumPage","","","Given I am logged in, I am validating Delete all posts",""
"broken","Sun Sep 13 05:10:57 UTC 2026","Sun Sep 13 05:11:23 UTC 2026","26312","tests.PlayWrightTests.CoachFacingPortal.Hub.Users.OverView","test_last_engaged","TestLastEngaged","","","test_last_engaged_reflects_activity[ai_meal_delete]","Validates that performing 'ai_meal_delete' on User portal updates Hub's last_engaged_at (Hub > Users > Overview) to reflect the action's own timestamp, within 15s tolerance."
"passed","Sun Sep 13 04:49:38 UTC 2026","Sun Sep 13 04:49:39 UTC 2026","403","tests.PlayWrightTests.CoachFacingPortal.UserData","test_water","TestUserPlaywright","","","p5: Set Start Date to 14 days ago, check if data exists, and validate first row date falls within the start-end date range",""
"broken","Sun Sep 13 05:01:57 UTC 2026","Sun Sep 13 05:01:57 UTC 2026","0","tests.PlayWrightTests.CoachFacingPortal","test_direct_message","TestHeadCoachDMBadge","","","TC15 – Head Coach: unread DM count is restored correctly after re-login","Badge count must be the same after logout + login."
"passed","Sun Sep 13 04:22:25 UTC 2026","Sun Sep 13 04:22:33 UTC 2026","8249","tests.PlayWrightTests.CoachFacingPortal.LogClassSession","test_logClass","TestLogClassSession","","","Verify error message == 'Date is required' is displayed, when coach tries to save logclass session with only weight",""
"passed","Sun Sep 13 03:56:51 UTC 2026","Sun Sep 13 03:56:53 UTC 2026","1209","tests.PlayWrightTests.CoachFacingPortal.DiscussionForum","test_discussion_coachRole","TestDiscussionForumPage","","","Given I am logged in, I am validating Edit Post - Description only - Success",""
"passed","Sun Sep 13 04:22:05 UTC 2026","Sun Sep 13 04:22:09 UTC 2026","4122","tests.PlayWrightTests.CoachFacingPortal.LogClassSession","test_logClass","TestLogClassSession","","","Verify coach can search for participant in log class session search box",""
"skipped","Sun Sep 13 04:58:22 UTC 2026","Sun Sep 13 04:58:22 UTC 2026","0","tests.PlayWrightTests.CoachFacingPortal","test_coaches_discussion","TestCoachesDiscussionEmoji","","","test_coachdiscuss_emoji_buttons_visible[chromium]",""
"failed","Sun Sep 13 04:48:38 UTC 2026","Sun Sep 13 04:49:02 UTC 2026","24508","tests.PlayWrightTests.CoachFacingPortal.UserData","test_patient_profile_demographic","TestPatientProfileDemographic","","","[customer admin] Personal Details - Remove Ethnicity and Race value and verify reset state or coach restriction",""
"passed","Sun Sep 13 04:22:40 UTC 2026","Sun Sep 13 04:22:42 UTC 2026","2264","tests.PlayWrightTests.CoachFacingPortal.LogClassSession","test_logClass","TestLogClassSession","","","Verify error message == 'Weight is required' & 'Date is required' are displayed, when coach tries to save logclass session with only MUP",""
"passed","Sun Sep 13 05:05:44 UTC 2026","Sun Sep 13 05:06:00 UTC 2026","15850","tests.PlayWrightTests.CoachFacingPortal.Hub.Users.OverView","test_last_engaged","TestLastEngaged","","","test_last_engaged_reflects_activity[weight_delete]","Validates that performing 'weight_delete' on User portal updates Hub's last_engaged_at (Hub > Users > Overview) to reflect the action's own timestamp, within 15s tolerance."
"passed","Sun Sep 13 04:54:10 UTC 2026","Sun Sep 13 04:54:18 UTC 2026","7806","tests.PlayWrightTests.CoachFacingPortal","test_Group_Interaction_Community","TestGroupInteractionCommunity","","","AC7: Validate Community Interaction After Deleting Emoji Reaction","Delete an emoji reaction via API and verify Group Interaction table is updated accordingly"
"passed","Sun Sep 13 03:54:08 UTC 2026","Sun Sep 13 03:54:08 UTC 2026","81","tests.PlayWrightTests.CoachFacingPortal.DiscussionForum","test_discussion_CA_role","TestDiscussionForumPage","","","Given I am logged in, I am validating the file upload with max size>10mb",""
"passed","Sun Sep 13 04:55:31 UTC 2026","Sun Sep 13 04:55:38 UTC 2026","7086","tests.PlayWrightTests.CoachFacingPortal","test_coach_payer_type","TestPayerType","","","test_demographictab_and_payertypetab_payertype_options_matches[chromium]",""
"passed","Sun Sep 13 03:44:39 UTC 2026","Sun Sep 13 03:44:39 UTC 2026","5","tests.PlayWrightTests.CoachFacingPortal.AllCohortDashboardGraphs","test_additionalSummaryGraph","TestGraphAdditionalSummary","","","To ensure the zero average weight loss is displayed correctly",""
"passed","Sun Sep 13 03:49:20 UTC 2026","Sun Sep 13 03:49:20 UTC 2026","10","tests.PlayWrightTests.CoachFacingPortal.DiscussionForum","test_discussion_CA_role","TestDiscussionForumPage","","","Given I am logged in, I am validating Discussions - All elements check2",""
"passed","Sun Sep 13 04:44:12 UTC 2026","Sun Sep 13 04:44:12 UTC 2026","7","tests.PlayWrightTests.CoachFacingPortal.UserData","test_patient_profile_demographic","TestPatientProfileDemographic","","","[coach] Demographic Profile - Validate Scale Order Details section shows shipping status field",""
"failed","Sun Sep 13 04:43:24 UTC 2026","Sun Sep 13 04:43:26 UTC 2026","1657","tests.PlayWrightTests.CoachFacingPortal.UserData","test_patient_profile_demographic","TestPatientProfileDemographic","","","[coach] Program Details - Toggle Confirmed By Coach to False and verify timestamp is generated/recent",""
"passed","Sun Sep 13 03:49:20 UTC 2026","Sun Sep 13 03:49:20 UTC 2026","27","tests.PlayWrightTests.CoachFacingPortal.DiscussionForum","test_discussion_CA_role","TestDiscussionForumPage","","","Given I am logged in, I am validating Mandatory fields input test case",""
"passed","Sun Sep 13 03:49:23 UTC 2026","Sun Sep 13 03:49:24 UTC 2026","1062","tests.PlayWrightTests.CoachFacingPortal.DiscussionForum","test_discussion_CA_role","TestDiscussionForumPage","","","Given I am logged in, I am validating Post empty comment - error message",""
"passed","Sun Sep 13 03:44:09 UTC 2026","Sun Sep 13 03:44:12 UTC 2026","2954","tests.PlayWrightTests.CoachFacingPortal.AllCohortDashboardGraphs","test_additionalSummaryGraph","TestGraphAdditionalSummary","","","To ensure the summary table is visible only on All Cohort Dashboard",""
"passed","Sun Sep 13 05:15:23 UTC 2026","Sun Sep 13 05:15:30 UTC 2026","7298","tests.PlayWrightTests.CoachFacingPortal.Hub.Users.OverView","test_last_engaged","TestLastEngaged","","","test_last_engaged_unchanged_for_activity[hba1c_target_edit]","Validates that performing 'hba1c_target_edit' on User portal does NOT change Hub's last_engaged_at (Hub > Users > Overview) — the card must retain its previous value."
"broken","Sun Sep 13 03:59:57 UTC 2026","Sun Sep 13 04:00:28 UTC 2026","30337","tests.PlayWrightTests.CoachFacingPortal.Hub.Scheduler","test_scheduler","TestScheduler","","","validate the newly created event is listed on the Scheduler List view",""
"passed","Sun Sep 13 04:23:03 UTC 2026","Sun Sep 13 04:23:16 UTC 2026","12374","tests.PlayWrightTests.CoachFacingPortal.LogClassSession","test_logClass","TestLogClassSession","","","Verify coach can save log class session by adding weight, attendance date and PA",""
"passed","Sun Sep 13 05:16:25 UTC 2026","Sun Sep 13 05:16:25 UTC 2026","0","tests.PlayWrightTests.CoachFacingPortal.Hub.Users.communication","test_communication_notification_chain","TestCommunicationNotificationChain","","","Given a communication request payload, when sent, then the response should reflect the expected channel/subject/message",""
"passed","Sun Sep 13 04:56:07 UTC 2026","Sun Sep 13 04:56:09 UTC 2026","1338","tests.PlayWrightTests.CoachFacingPortal","test_coach_payer_type","TestPayerType","","","test_payertype_reflected_in_user_menu[chromium]",""
"passed","Sun Sep 13 05:16:14 UTC 2026","Sun Sep 13 05:16:14 UTC 2026","0","tests.PlayWrightTests.CoachFacingPortal.Hub.Users.OverView","test_overview","TestWeightLossBaseline","","","test_weight_loss_percentage_and_value_computed_for_test_case1",""
"broken","Sun Sep 13 05:04:54 UTC 2026","Sun Sep 13 05:04:54 UTC 2026","0","tests.PlayWrightTests.CoachFacingPortal.Hub.Dashboard","test_sponsored_registration_and_count","TestSponsoredRegistrationChain","","","Given the final cohorts-aggregate response, when checked, then it should contain valid registered count data",""
"passed","Sun Sep 13 04:50:29 UTC 2026","Sun Sep 13 04:50:42 UTC 2026","13033","tests.PlayWrightTests.CoachFacingPortal","test_Appointment_on_board","","","","test_TC004_filter_tabs_and_badge[chromium]","Badge==cards for all 3 filters; Week and Month mark active; Week>=Today."
"broken","Sun Sep 13 03:57:10 UTC 2026","Sun Sep 13 03:58:31 UTC 2026","80188","tests.PlayWrightTests.CoachFacingPortal.DiscussionForum","test_discussion_coachRole","TestDiscussionForumPage","","","Given I am logged in, I am validating add max number of pinned posts (20)",""
"broken","Sun Sep 13 04:39:00 UTC 2026","Sun Sep 13 04:39:13 UTC 2026","13003","tests.PlayWrightTests.CoachFacingPortal.UserData","test_allActivities","TestUserPlaywright","","","p28: Blood pressure list view — Edit today's entry and update systolic=130 diastolic=85 — Expected: Entry updated and saved successfully in list view",""
"passed","Sun Sep 13 04:54:26 UTC 2026","Sun Sep 13 04:54:30 UTC 2026","4476","tests.PlayWrightTests.CoachFacingPortal","test_coach_direct_message","TestUserPlaywright","","","p4: Send a new direct message to a user",""
"passed","Sun Sep 13 04:43:27 UTC 2026","Sun Sep 13 04:43:27 UTC 2026","158","tests.PlayWrightTests.CoachFacingPortal.UserData","test_patient_profile_demographic","TestPatientProfileDemographic","","","[customer admin] Program Details - Update Partner User Id and assert Payer Type remains non-editable/disabled",""
"passed","Sun Sep 13 04:38:19 UTC 2026","Sun Sep 13 04:38:20 UTC 2026","626","tests.PlayWrightTests.CoachFacingPortal.UserData","test_allActivities","TestUserPlaywright","","","p15: Exercise API — Verify steps=123 or nonsteps_mins=123 saved in p14 exists in GET /exercises — Expected: API returns at least one exercise entry with value=123",""
"passed","Sun Sep 13 04:55:04 UTC 2026","Sun Sep 13 04:55:05 UTC 2026","914","tests.PlayWrightTests.CoachFacingPortal","test_coach_direct_message","TestUserPlaywright","","","p12: Open the user conversation, send a chat message, and validate the unread badge near the user is no longer visible",""
"passed","Sun Sep 13 04:23:28 UTC 2026","Sun Sep 13 04:23:29 UTC 2026","396","tests.PlayWrightTests.CoachFacingPortal.LogClassSession","test_logClass","TestLogClassSession","","","Verify coach can save log class session by adding weight, attendance date, PA, LF and MUP - In Person Mode",""
"passed","Sun Sep 13 03:54:21 UTC 2026","Sun Sep 13 03:54:23 UTC 2026","1506","tests.PlayWrightTests.CoachFacingPortal.DiscussionForum","test_discussion_coachRole","TestDiscussionForumPage","","","Given I am logged in, I am validating Discussions - All elements check",""
"passed","Sun Sep 13 04:37:24 UTC 2026","Sun Sep 13 04:37:46 UTC 2026","22885","tests.PlayWrightTests.CoachFacingPortal.UserData","test_allActivities","TestUserPlaywright","","","p2: Weight entry — cancel, close and save weight=77 for user in DailyStandUp_Cohort — Expected: Entry saved successfully; graph and table visible on Activities page",""
"passed","Sun Sep 13 05:11:32 UTC 2026","Sun Sep 13 05:11:40 UTC 2026","8485","tests.PlayWrightTests.CoachFacingPortal.Hub.Users.OverView","test_last_engaged","TestLastEngaged","","","test_last_engaged_reflects_activity[coach_communication_send]","Validates that performing 'coach_communication_send' on User portal updates Hub's last_engaged_at (Hub > Users > Overview) to reflect the action's own timestamp, within 15s tolerance."
"broken","Sun Sep 13 05:05:14 UTC 2026","Sun Sep 13 05:05:14 UTC 2026","0","tests.PlayWrightTests.CoachFacingPortal.Hub.Dashboard","test_trial_registration_and_count","TestTrialRegistrationChain","","","Given the new user's fixed onboarding answers, when the coach views Demographics, then each matching segment should increment by one",""
"passed","Sun Sep 13 03:44:48 UTC 2026","Sun Sep 13 03:44:48 UTC 2026","5","tests.PlayWrightTests.CoachFacingPortal.AllCohortDashboardGraphs","test_additionalSummaryGraph","TestGraphAdditionalSummary","","","To ensure attendance date format is correct",""
"passed","Sun Sep 13 03:54:23 UTC 2026","Sun Sep 13 03:54:23 UTC 2026","9","tests.PlayWrightTests.CoachFacingPortal.DiscussionForum","test_discussion_coachRole","TestDiscussionForumPage","","","Given I am logged in, I am validating Discussions - All elements check2",""
"passed","Sun Sep 13 03:54:08 UTC 2026","Sun Sep 13 03:54:13 UTC 2026","5075","tests.PlayWrightTests.CoachFacingPortal.DiscussionForum","test_discussion_CA_role","TestDiscussionForumPage","","","Given I am logged in, I am validating the file upload with .txt file",""
"broken","Sun Sep 13 05:05:14 UTC 2026","Sun Sep 13 05:05:14 UTC 2026","0","tests.PlayWrightTests.CoachFacingPortal.Hub.Dashboard","test_trial_registration_and_count","TestTrialRegistrationChain","","","Given the API's subscription breakdown, when the coach views Outcomes > Subscription Mix, then the Trial segment should match",""
"passed","Sun Sep 13 03:52:01 UTC 2026","Sun Sep 13 03:52:02 UTC 2026","867","tests.PlayWrightTests.CoachFacingPortal.DiscussionForum","test_discussion_CA_role","TestDiscussionForumPage","","","Given I am logged in, I am validating Pin The post",""
"passed","Sun Sep 13 04:55:25 UTC 2026","Sun Sep 13 04:55:31 UTC 2026","5238","tests.PlayWrightTests.CoachFacingPortal","test_coach_payer_type","TestPayerType","","","test_limited_payer_participant_edit_in_claim_menu[chromium]",""
"passed","Sun Sep 13 04:38:42 UTC 2026","Sun Sep 13 04:38:42 UTC 2026","56","tests.PlayWrightTests.CoachFacingPortal.UserData","test_allActivities","TestUserPlaywright","","","p21: Weight — Open list view from activity card — Expected: Weight history table is displayed in list view",""
"passed","Sun Sep 13 04:55:05 UTC 2026","Sun Sep 13 04:55:08 UTC 2026","2880","tests.PlayWrightTests.CoachFacingPortal","test_coach_direct_message","TestUserPlaywright","","","p13: Validate the last two date separators in the open chat carry different dates",""
"passed","Sun Sep 13 03:56:58 UTC 2026","Sun Sep 13 03:57:00 UTC 2026","1248","tests.PlayWrightTests.CoachFacingPortal.DiscussionForum","test_discussion_coachRole","TestDiscussionForumPage","","","Given I am logged in, I am validating Edit Post - Remove File",""
"passed","Sun Sep 13 04:55:43 UTC 2026","Sun Sep 13 04:56:07 UTC 2026","24498","tests.PlayWrightTests.CoachFacingPortal","test_coach_payer_type","TestPayerType","","","test_payertype_reflected_in_profile[chromium]",""
"passed","Sun Sep 13 04:57:51 UTC 2026","Sun Sep 13 04:58:01 UTC 2026","9548","tests.PlayWrightTests.CoachFacingPortal","test_coaches_curated","TestUserPlaywright","","","test_archive_curated[chromium]",""
"passed","Sun Sep 13 04:44:36 UTC 2026","Sun Sep 13 04:44:36 UTC 2026","72","tests.PlayWrightTests.CoachFacingPortal.UserData","test_patient_profile_demographic","TestPatientProfileDemographic","","","[coach] Disability Details - Validate each disability dropdown exposes exactly four options",""
"passed","Sun Sep 13 03:48:51 UTC 2026","Sun Sep 13 03:48:56 UTC 2026","4178","tests.PlayWrightTests.CoachFacingPortal.DSMEPARTICIPANT","test_dsme_participant_users","TestUserPlaywright","","","test_verify_program_start_date_in_billing_tracker[chromium]",""
"passed","Sun Sep 13 04:45:27 UTC 2026","Sun Sep 13 04:45:27 UTC 2026","3","tests.PlayWrightTests.CoachFacingPortal.UserData","test_patient_profile_demographic","TestPatientProfileDemographic","","","[coach] Personal Details - Update Middle Name scenario and verify persisted value or coach edit restriction",""
"failed","Sun Sep 13 04:44:36 UTC 2026","Sun Sep 13 04:45:00 UTC 2026","24514","tests.PlayWrightTests.CoachFacingPortal.UserData","test_patient_profile_demographic","TestPatientProfileDemographic","","","[customer admin] Personal Details - Update First Name and verify persisted value or coach edit restriction",""
"broken","Sun Sep 13 05:05:14 UTC 2026","Sun Sep 13 05:05:14 UTC 2026","0","tests.PlayWrightTests.CoachFacingPortal.Hub.Dashboard","test_trial_registration_and_count","TestTrialRegistrationChain","","","Given the Hub dashboard tiles, when each info icon is hovered, then it should display the expected tooltip text",""
"passed","Sun Sep 13 04:39:39 UTC 2026","Sun Sep 13 04:39:43 UTC 2026","3481","tests.PlayWrightTests.CoachFacingPortal.UserData","test_allActivities","TestUserPlaywright","","","p36: HbA1c list view — Apply date filter from 1st of current month to today — Expected: start_date <= end_date and filtered entries are shown",""
"passed","Sun Sep 13 05:08:52 UTC 2026","Sun Sep 13 05:09:07 UTC 2026","15857","tests.PlayWrightTests.CoachFacingPortal.Hub.Users.OverView","test_last_engaged","TestLastEngaged","","","test_last_engaged_reflects_activity[tobacco_edit]","Validates that performing 'tobacco_edit' on User portal updates Hub's last_engaged_at (Hub > Users > Overview) to reflect the action's own timestamp, within 15s tolerance."
"passed","Sun Sep 13 04:22:42 UTC 2026","Sun Sep 13 04:22:49 UTC 2026","6247","tests.PlayWrightTests.CoachFacingPortal.LogClassSession","test_logClass","TestLogClassSession","","","Verify error message == 'Weight is required' is displayed, when coach tries to save logclass session with a negative value",""
"passed","Sun Sep 13 04:51:08 UTC 2026","Sun Sep 13 04:51:12 UTC 2026","3592","tests.PlayWrightTests.CoachFacingPortal","test_Appointment_on_board","","","","test_TC013_copy_link_functionality[chromium]","Clipboard must contain a URL after clicking Copy Link in the modal."
"passed","Sun Sep 13 04:43:28 UTC 2026","Sun Sep 13 04:43:28 UTC 2026","22","tests.PlayWrightTests.CoachFacingPortal.UserData","test_patient_profile_demographic","TestPatientProfileDemographic","","","[customer admin] Demographic Profile - Validate Contact Details section label set",""
"broken","Sun Sep 13 05:04:54 UTC 2026","Sun Sep 13 05:04:54 UTC 2026","0","tests.PlayWrightTests.CoachFacingPortal.Hub.Dashboard","test_sponsored_registration_and_count","TestSponsoredRegistrationChain","","","Given the Recently Joined table, when a sortable column header is clicked through its full cycle, then rows should sort, reverse, then reset",""
"passed","Sun Sep 13 04:22:36 UTC 2026","Sun Sep 13 04:22:38 UTC 2026","2330","tests.PlayWrightTests.CoachFacingPortal.LogClassSession","test_logClass","TestLogClassSession","","","Verify error message == 'Weight is required' & 'Date is required' are displayed, when coach tries to save logclass session with only 'mins of activity'",""
"passed","Sun Sep 13 04:22:51 UTC 2026","Sun Sep 13 04:23:03 UTC 2026","12291","tests.PlayWrightTests.CoachFacingPortal.LogClassSession","test_logClass","TestLogClassSession","","","Verify coach can save log class session by adding only weight and attendance date",""
"broken","Sun Sep 13 05:04:23 UTC 2026","Sun Sep 13 05:04:53 UTC 2026","30002","tests.PlayWrightTests.CoachFacingPortal","test_plan_names","TestUserPlaywright","","","test_enable_globally[chromium]",""
"passed","Sun Sep 13 05:17:25 UTC 2026","Sun Sep 13 05:17:25 UTC 2026","0","tests.PlayWrightTests.CoachFacingPortal.Hub.Users.communication","test_communication_notification_chain","TestCommunicationNotificationChain","","","Given a notification was marked read, when notifications are re-fetched, then it should show as read",""
"broken","Sun Sep 13 04:33:38 UTC 2026","Sun Sep 13 04:33:58 UTC 2026","20001","tests.PlayWrightTests.CoachFacingPortal.UserData","test_PatientProfileImmunizations","TestPatientProfileImmunizations","","","Verify adding two new immunizations (parainfluenza-3 and yellow fever) to patient profile and checking status save",""
"passed","Sun Sep 13 04:09:15 UTC 2026","Sun Sep 13 04:09:15 UTC 2026","1","tests.PlayWrightTests.CoachFacingPortal.Hub.Users.Health","test_hba1c_history_widget","TestHba1cHistoryCrossPortal","","","tc4 (cleanup): Remove every HbA1c entry created by this suite",""
"passed","Sun Sep 13 03:45:45 UTC 2026","Sun Sep 13 03:45:55 UTC 2026","9431","tests.PlayWrightTests.CoachFacingPortal.AllCohortDashboardGraphs","test_average_weightLossGraph","TestGraph_AverageWeightLossByCohort","","","To ensure the average weight loss graph data is correct which is validate via UI",""
"passed","Sun Sep 13 05:02:22 UTC 2026","Sun Sep 13 05:02:30 UTC 2026","8605","tests.PlayWrightTests.CoachFacingPortal","test_dsme_claims","TestDSMEClaims","","","test_create_group_session_and_generate_claim[chromium]","Create a 30-min group session via dropdown with a unique date, check item, generate claim,
        and verify the circle status changes from red to green."
"passed","Sun Sep 13 04:40:19 UTC 2026","Sun Sep 13 04:40:24 UTC 2026","5016","tests.PlayWrightTests.CoachFacingPortal.UserData","test_allActivities","TestUserPlaywright","","","p48: Blood sugar list view — Apply date filter from 1st of current month to today — Expected: start_date <= end_date and filtered entries are shown",""
"passed","Sun Sep 13 05:16:14 UTC 2026","Sun Sep 13 05:16:14 UTC 2026","0","tests.PlayWrightTests.CoachFacingPortal.Hub.Users.OverView","test_overview","TestWeightLossBaseline","","","test_portal_b_target_weight_matches_onboarding_expectation",""
"passed","Sun Sep 13 04:40:14 UTC 2026","Sun Sep 13 04:40:19 UTC 2026","5078","tests.PlayWrightTests.CoachFacingPortal.UserData","test_allActivities","TestUserPlaywright","","","p47: Blood sugar list view — Add new entry blood_sugar=110 with readingTime=Fasting via list form (cancel → close → save flow) — Expected: Entry saved successfully via list view add form",""
"passed","Sun Sep 13 04:41:17 UTC 2026","Sun Sep 13 04:41:17 UTC 2026","131","tests.PlayWrightTests.CoachFacingPortal.UserData","test_disenrollment","TestDisenrollment_demographicPage","","","Update Disenrollment Details With Empty Data",""
"passed","Sun Sep 13 03:56:53 UTC 2026","Sun Sep 13 03:56:58 UTC 2026","5711","tests.PlayWrightTests.CoachFacingPortal.DiscussionForum","test_discussion_coachRole","TestDiscussionForumPage","","","Given I am logged in, I am validating Edit Post - Upload File",""
"broken","Sun Sep 13 04:36:22 UTC 2026","Sun Sep 13 04:36:52 UTC 2026","30001","tests.PlayWrightTests.CoachFacingPortal.UserData","test_PatientProfilePreAuth","TestPatientProfilePreAuth","","","Verify editing prior authorization notes for Ethelyn",""
"passed","Sun Sep 13 03:49:12 UTC 2026","Sun Sep 13 03:49:14 UTC 2026","2324","tests.PlayWrightTests.CoachFacingPortal.DSMEPARTICIPANT","test_sessiontab_users","TestUserPlaywright","","","test_05_verify_session_notes_in_second_planner[chromium]","Verify notes in second class planner"
"passed","Sun Sep 13 04:52:39 UTC 2026","Sun Sep 13 04:52:43 UTC 2026","4043","tests.PlayWrightTests.CoachFacingPortal","test_Appointment_on_board","","","","test_TC018_long_title_truncation[chromium]","A card with a title >80 chars must not overflow its container.

    A long-title meeting is seeded in create_auth_state so this test always runs.
    We search for the seeded title by scanning each card's full text content,
    which avoids being brittle about which child element carries the title.
    "
"passed","Sun Sep 13 04:57:11 UTC 2026","Sun Sep 13 04:57:17 UTC 2026","6307","tests.PlayWrightTests.CoachFacingPortal","test_coaches_blood_sugar_notes","TestCoachesActivityBloodSugar","","","test_edit_blood_sugar_notes_for_all_reading_types[chromium]","Coach edits blood sugar notes for Fasting, Before Meal, After Meal and validates updated notes in table."
"passed","Sun Sep 13 03:55:50 UTC 2026","Sun Sep 13 03:56:51 UTC 2026","61106","tests.PlayWrightTests.CoachFacingPortal.DiscussionForum","test_discussion_coachRole","TestDiscussionForumPage","","","Given I am logged in, I am validating Upload more than 5 files - Error",""
"passed","Sun Sep 13 04:41:06 UTC 2026","Sun Sep 13 04:41:16 UTC 2026","10141","tests.PlayWrightTests.CoachFacingPortal.UserData","test_disenrollment","TestDisenrollment_demographicPage","","","To ensure Disenrollment Details are visible on profile page under Demographic Information for a user",""
"passed","Sun Sep 13 03:54:57 UTC 2026","Sun Sep 13 03:55:01 UTC 2026","4048","tests.PlayWrightTests.CoachFacingPortal.DiscussionForum","test_discussion_coachRole","TestDiscussionForumPage","","","Given I am logged in, I am validating File upload - error (invalid type)",""
"broken","Sun Sep 13 05:04:54 UTC 2026","Sun Sep 13 05:04:54 UTC 2026","0","tests.PlayWrightTests.CoachFacingPortal.Hub.Dashboard","test_sponsored_registration_and_count","TestSponsoredRegistrationChain","","","Given the Hub dashboard, when the coach views the Lapsed / Disenrolled tile, then it should match the API expired/disenrolled counts",""
"passed","Sun Sep 13 04:56:42 UTC 2026","Sun Sep 13 04:56:42 UTC 2026","40","tests.PlayWrightTests.CoachFacingPortal","test_coaches_activity_body_composition","TestCoachesActivityBodyComposition","","","test_first_row_mass_percentages_add_up_to_weight[chromium]","Assert that Muscle Mass + Fat Mass + Bone Mass (lbs) from the first row sum to the total Weight."
"passed","Sun Sep 13 04:38:00 UTC 2026","Sun Sep 13 04:38:02 UTC 2026","2534","tests.PlayWrightTests.CoachFacingPortal.UserData","test_allActivities","TestUserPlaywright","","","p7: HbA1c — Validate boundary errors (value<2 and value>19), then save valid entry=11 — Expected: Boundary errors displayed; entry saved successfully",""
"passed","Sun Sep 13 03:49:19 UTC 2026","Sun Sep 13 03:49:20 UTC 2026","1534","tests.PlayWrightTests.CoachFacingPortal.DiscussionForum","test_discussion_CA_role","TestDiscussionForumPage","","","Given I am logged in, I am validating Discussions - All elements check",""
"failed","Sun Sep 13 04:01:59 UTC 2026","Sun Sep 13 04:02:01 UTC 2026","2333","tests.PlayWrightTests.CoachFacingPortal.Hub.Scheduler","test_scheduler","TestScheduler","","","validate the dashboard's Upcoming Appointments widget reflects an enrollment made via the web-facing portal",""
"passed","Sun Sep 13 04:05:34 UTC 2026","Sun Sep 13 04:05:49 UTC 2026","15149","tests.PlayWrightTests.CoachFacingPortal.Hub.Users.Health","test_blood_pressure_history_widget","TestBloodPressureHistoryCrossPortal","","","tc1: Adding a blood pressure reading in the user portal is reflected in the Hub widget",""
"passed","Sun Sep 13 04:43:26 UTC 2026","Sun Sep 13 04:43:27 UTC 2026","1049","tests.PlayWrightTests.CoachFacingPortal.UserData","test_patient_profile_demographic","TestPatientProfileDemographic","","","[customer admin] Program Details - Enter edit mode and verify Cancel/Update controls are visible and cancellable",""
"broken","Sun Sep 13 05:04:54 UTC 2026","Sun Sep 13 05:04:54 UTC 2026","0","tests.PlayWrightTests.CoachFacingPortal.Hub.Dashboard","test_sponsored_registration_and_count","TestSponsoredRegistrationChain","","","Given the Hub dashboard tiles, when each info icon is hovered, then it should display the expected tooltip text",""
"passed","Sun Sep 13 04:40:29 UTC 2026","Sun Sep 13 04:40:34 UTC 2026","4267","tests.PlayWrightTests.CoachFacingPortal.UserData","test_allActivities","TestUserPlaywright","","","p52: Exercise list view — Edit today's entry and update steps=150 — Expected: Entry updated and saved successfully in list view",""
"passed","Sun Sep 13 04:53:52 UTC 2026","Sun Sep 13 04:54:00 UTC 2026","8040","tests.PlayWrightTests.CoachFacingPortal","test_Group_Interaction_Community","TestGroupInteractionCommunity","","","AC5: Validate Community Interaction After Adding Emoji Reaction","Test that adding an emoji reaction creates/updates a Community Interaction entry"
"broken","Sun Sep 13 04:15:09 UTC 2026","Sun Sep 13 04:15:55 UTC 2026","45964","tests.PlayWrightTests.CoachFacingPortal.Learn","test_user_assignment","TestLearn","","","validate customer admin should not see 'Manage Courses' button option is displayed under https://coaches-develop.habitnu.com/app/cohort/automationForLearn/users/6628aedb2c6bf00001e7738b/course",""
"passed","Sun Sep 13 05:14:46 UTC 2026","Sun Sep 13 05:14:53 UTC 2026","7329","tests.PlayWrightTests.CoachFacingPortal.Hub.Users.OverView","test_last_engaged","TestLastEngaged","","","test_last_engaged_reflects_activity[fitbit_sync_manual]","Validates that performing 'fitbit_sync_manual' on User portal updates Hub's last_engaged_at (Hub > Users > Overview) to reflect the action's own timestamp, within 15s tolerance."
"passed","Sun Sep 13 03:44:12 UTC 2026","Sun Sep 13 03:44:20 UTC 2026","8259","tests.PlayWrightTests.CoachFacingPortal.AllCohortDashboardGraphs","test_additionalSummaryGraph","TestGraphAdditionalSummary","","","To ensure the summary table is not visible to other than Customer Admin users",""
"broken","Sun Sep 13 04:35:15 UTC 2026","Sun Sep 13 04:35:20 UTC 2026","5001","tests.PlayWrightTests.CoachFacingPortal.UserData","test_PatientProfilePayerType","TestPatientProfilePayerType","","","Verify status is primary for NDPP Commercial Insurance",""
"passed","Sun Sep 13 03:44:20 UTC 2026","Sun Sep 13 03:44:29 UTC 2026","8593","tests.PlayWrightTests.CoachFacingPortal.AllCohortDashboardGraphs","test_additionalSummaryGraph","TestGraphAdditionalSummary","","","To ensure the summary table is not visible to other than Customer Admin users",""
"passed","Sun Sep 13 04:53:34 UTC 2026","Sun Sep 13 04:53:34 UTC 2026","47","tests.PlayWrightTests.CoachFacingPortal","test_Group_Interaction_Community","TestGroupInteractionCommunity","","","AC4: Verify No Manual Add Option for Community Interaction"," Verify that there is NO option to manually add a Community Interaction"
"passed","Sun Sep 13 05:16:14 UTC 2026","Sun Sep 13 05:16:14 UTC 2026","0","tests.PlayWrightTests.CoachFacingPortal.Hub.Users.OverView","test_overview","TestWeightLossBaseline","","","test_weight_loss_value_reflects_difference_between_initial_and_new_weight",""
"broken","Sun Sep 13 04:34:55 UTC 2026","Sun Sep 13 04:35:05 UTC 2026","10003","tests.PlayWrightTests.CoachFacingPortal.UserData","test_PatientProfilePayerType","TestPatientProfilePayerType","","","Verify deleting the Medicare payer type record",""
"passed","Sun Sep 13 03:54:26 UTC 2026","Sun Sep 13 03:54:27 UTC 2026","842","tests.PlayWrightTests.CoachFacingPortal.DiscussionForum","test_discussion_coachRole","TestDiscussionForumPage","","","Given I am logged in, I am validating post comment - success",""
"passed","Sun Sep 13 03:49:59 UTC 2026","Sun Sep 13 03:50:42 UTC 2026","43129","tests.PlayWrightTests.CoachFacingPortal.DiscussionForum","test_discussion_CA_role","TestDiscussionForumPage","","","Given I am logged in, I am validating upload up to 5 files",""
"passed","Sun Sep 13 03:44:39 UTC 2026","Sun Sep 13 03:44:39 UTC 2026","5","tests.PlayWrightTests.CoachFacingPortal.AllCohortDashboardGraphs","test_additionalSummaryGraph","TestGraphAdditionalSummary","","","To ensure the last attendance logged is displayed correctly",""
"passed","Sun Sep 13 03:57:03 UTC 2026","Sun Sep 13 03:57:08 UTC 2026","5325","tests.PlayWrightTests.CoachFacingPortal.DiscussionForum","test_discussion_coachRole","TestDiscussionForumPage","","","Given I am logged in, I am validating Comment on pinned post",""
"passed","Sun Sep 13 04:09:34 UTC 2026","Sun Sep 13 04:09:40 UTC 2026","6264","tests.PlayWrightTests.CoachFacingPortal.Hub.Users.Health","test_medications_widget","TestMedicationsCrossPortal","","","tc2: Logging a medication as taken in the user portal shows 'Last taken' on the Hub widget",""
"passed","Sun Sep 13 05:03:11 UTC 2026","Sun Sep 13 05:03:12 UTC 2026","1087","tests.PlayWrightTests.CoachFacingPortal","test_dsme_claims","TestDSMEClaims","","","test_ar_report_lists_insurance_claim[chromium]","Navigate to AR Report and verify the recently submitted Medicare claim
        is reflected in the Insurance row with a non-zero amount."
"passed","Sun Sep 13 04:44:20 UTC 2026","Sun Sep 13 04:44:20 UTC 2026","7","tests.PlayWrightTests.CoachFacingPortal.UserData","test_patient_profile_demographic","TestPatientProfileDemographic","","","[coach] Demographic Profile - Validate CDC Details labels and control visibility",""
"broken","Sun Sep 13 05:01:55 UTC 2026","Sun Sep 13 05:01:55 UTC 2026","0","tests.PlayWrightTests.CoachFacingPortal","test_direct_message","TestHeadCoachDMBadge","","","TC08 – Head Coach: badge hidden or zero when all messages are read","Badge must be hidden or zero after all conversations are opened."
"broken","Sun Sep 13 04:25:05 UTC 2026","Sun Sep 13 04:25:35 UTC 2026","30001","tests.PlayWrightTests.CoachFacingPortal.Milestones","test_cdc_milestone","TestCDCMilestone","","","Functionality: log 20 core sessions and verify milestone",""
"passed","Sun Sep 13 05:08:43 UTC 2026","Sun Sep 13 05:08:51 UTC 2026","8886","tests.PlayWrightTests.CoachFacingPortal.Hub.Users.OverView","test_last_engaged","TestLastEngaged","","","test_last_engaged_reflects_activity[tobacco_add]","Validates that performing 'tobacco_add' on User portal updates Hub's last_engaged_at (Hub > Users > Overview) to reflect the action's own timestamp, within 15s tolerance."
"passed","Sun Sep 13 04:05:49 UTC 2026","Sun Sep 13 04:06:07 UTC 2026","18227","tests.PlayWrightTests.CoachFacingPortal.Hub.Users.Health","test_blood_pressure_history_widget","TestBloodPressureHistoryCrossPortal","","","tc2: Editing a blood pressure reading in the user portal is reflected in the Hub widget",""
"passed","Sun Sep 13 04:08:17 UTC 2026","Sun Sep 13 04:08:25 UTC 2026","8363","tests.PlayWrightTests.CoachFacingPortal.Hub.Users.Health","test_currentVitals","TestCurrentVitalsCrossPortal","","","tc1: Adding a weight in the user portal is reflected in the Hub Current Vitals Weight tile",""
"passed","Sun Sep 13 04:44:36 UTC 2026","Sun Sep 13 04:44:36 UTC 2026","15","tests.PlayWrightTests.CoachFacingPortal.UserData","test_patient_profile_demographic","TestPatientProfileDemographic","","","[coach] Disability Details - Select Emotional=Yes and verify selected value persists",""
"passed","Sun Sep 13 04:40:45 UTC 2026","Sun Sep 13 04:40:46 UTC 2026","1164","tests.PlayWrightTests.CoachFacingPortal.UserData","test_allActivities","TestUserPlaywright","","","p57: Body Composition — Open list view from activity card — Expected: Body Composition history table is displayed in list view",""
"passed","Sun Sep 13 04:40:38 UTC 2026","Sun Sep 13 04:40:42 UTC 2026","3502","tests.PlayWrightTests.CoachFacingPortal.UserData","test_allActivities","TestUserPlaywright","","","p54: Exercise list view — Apply date filter from 1st of current month to today — Expected: start_date <= end_date and filtered entries are shown",""
"passed","Sun Sep 13 04:38:17 UTC 2026","Sun Sep 13 04:38:17 UTC 2026","577","tests.PlayWrightTests.CoachFacingPortal.UserData","test_allActivities","TestUserPlaywright","","","p13: Blood Sugar — Validate required field errors: value-only shows reading-time error; reading-time-only shows value error — Expected: Correct validation messages shown for each missing field",""
"passed","Sun Sep 13 05:15:53 UTC 2026","Sun Sep 13 05:16:00 UTC 2026","7386","tests.PlayWrightTests.CoachFacingPortal.Hub.Users.OverView","test_last_engaged","TestLastEngaged","","","test_last_engaged_unchanged_for_activity[fitbit_sync_auto]","Validates that performing 'fitbit_sync_auto' on User portal does NOT change Hub's last_engaged_at (Hub > Users > Overview) — the card must retain its previous value."
"passed","Sun Sep 13 05:15:30 UTC 2026","Sun Sep 13 05:15:38 UTC 2026","7308","tests.PlayWrightTests.CoachFacingPortal.Hub.Users.OverView","test_last_engaged","TestLastEngaged","","","test_last_engaged_unchanged_for_activity[tobacco_target_edit]","Validates that performing 'tobacco_target_edit' on User portal does NOT change Hub's last_engaged_at (Hub > Users > Overview) — the card must retain its previous value."
"passed","Sun Sep 13 04:14:55 UTC 2026","Sun Sep 13 04:14:56 UTC 2026","307","tests.PlayWrightTests.CoachFacingPortal.Hub.Users.NotesFiles","test_notes_files_tab","TestNotesFilesTab","","","tc2: Save note stays disabled until the note textarea has content",""
"broken","Sun Sep 13 05:05:14 UTC 2026","Sun Sep 13 05:05:14 UTC 2026","0","tests.PlayWrightTests.CoachFacingPortal.Hub.Dashboard","test_trial_registration_and_count","TestTrialRegistrationChain","","","Given the Outcomes > Subscription Mix donut, when all segments are read, then their percentages should sum to 100%",""
"failed","Sun Sep 13 05:02:30 UTC 2026","Sun Sep 13 05:02:40 UTC 2026","10091","tests.PlayWrightTests.CoachFacingPortal","test_dsme_claims","TestDSMEClaims","","","test_recently_generated_claim_visible_in_claims[chromium]","Navigate to Claims and verify the recently generated claim appears with 'Draft' status."
"passed","Sun Sep 13 04:41:24 UTC 2026","Sun Sep 13 04:41:31 UTC 2026","7095","tests.PlayWrightTests.CoachFacingPortal.UserData","test_disenrollment","TestDisenrollment_demographicPage","","","Update Disenrollment Details With Only Reason Code",""
"failed","Sun Sep 13 04:48:10 UTC 2026","Sun Sep 13 04:48:38 UTC 2026","27561","tests.PlayWrightTests.CoachFacingPortal.UserData","test_patient_profile_demographic","TestPatientProfileDemographic","","","[customer admin] Personal Details - Add Ethnicity and Race multi-select value and verify persistence or coach restriction",""
"passed","Sun Sep 13 04:53:26 UTC 2026","Sun Sep 13 04:53:34 UTC 2026","8042","tests.PlayWrightTests.CoachFacingPortal","test_Group_Interaction_Community","TestGroupInteractionCommunity","","","Navigate to Group Interaction for Specific User","Navigate through the Coach Portal to reach the Group Interaction page for a specific user in the DailyStandUp_Cohort cohort."
"broken","Sun Sep 13 05:02:00 UTC 2026","Sun Sep 13 05:02:00 UTC 2026","0","tests.PlayWrightTests.CoachFacingPortal","test_direct_message","TestHeadCoachDMBadge","","","TC23 – Head Coach: badge reflects correct total from multiple different participants","Badge increment must equal the number of new unique participants."
"passed","Sun Sep 13 04:42:27 UTC 2026","Sun Sep 13 04:42:41 UTC 2026","13240","tests.PlayWrightTests.CoachFacingPortal.UserData","test_disenrollment","TestDisenrollment_demographicPage","","","Update Disenrollment Details with Date and Reason code",""
"broken","Sun Sep 13 04:26:07 UTC 2026","Sun Sep 13 04:26:37 UTC 2026","30001","tests.PlayWrightTests.CoachFacingPortal.Milestones","test_ibc_milestone","TestIBC_Milestone","","","validate M0 milestone is achieved as a result of user filling banner and M0 should be in Blue color",""
"broken","Sun Sep 13 05:05:14 UTC 2026","Sun Sep 13 05:05:14 UTC 2026","0","tests.PlayWrightTests.CoachFacingPortal.Hub.Dashboard","test_trial_registration_and_count","TestTrialRegistrationChain","","","Given a new trial user completed onboarding, when the coach views the Hub dashboard, then the Trial Period tile should match the API count",""
"passed","Sun Sep 13 04:14:58 UTC 2026","Sun Sep 13 04:14:59 UTC 2026","843","tests.PlayWrightTests.CoachFacingPortal.Hub.Users.NotesFiles","test_notes_files_tab","TestNotesFilesTab","","","tc5: Selecting 'Other' as document type requires the extra 'Type of file' field before Upload enables",""
"passed","Sun Sep 13 04:40:53 UTC 2026","Sun Sep 13 04:41:06 UTC 2026","13395","tests.PlayWrightTests.CoachFacingPortal.UserData","test_disenrollment","TestDisenrollment_demographicPage","","","To ensure Disenrollment Details are visible on profile page under Demographic Information for a user",""
"broken","Sun Sep 13 04:24:05 UTC 2026","Sun Sep 13 04:24:35 UTC 2026","30002","tests.PlayWrightTests.CoachFacingPortal.Milestones","test_cdc_milestone","TestCDCMilestone","","","Validate sessions are extended to 26 for Online modality",""
"broken","Sun Sep 13 03:48:16 UTC 2026","Sun Sep 13 03:48:51 UTC 2026","35500","tests.PlayWrightTests.CoachFacingPortal.DSMEPARTICIPANT","test_dsme_participant_users","TestUserPlaywright","","","test_delete_coach_interaction_and_verify_status[chromium]",""
"passed","Sun Sep 13 04:16:32 UTC 2026","Sun Sep 13 04:16:48 UTC 2026","15102","tests.PlayWrightTests.CoachFacingPortal.Learn","test_user_assignment","TestLearn","","","validate user shouldn't see Learn courses/learn tab until course is assigned on user level or on cohort level",""
"passed","Sun Sep 13 04:44:15 UTC 2026","Sun Sep 13 04:44:15 UTC 2026","11","tests.PlayWrightTests.CoachFacingPortal.UserData","test_patient_profile_demographic","TestPatientProfileDemographic","","","[customer admin] Demographic Profile - Validate Baseline Health Data labels",""
"passed","Sun Sep 13 04:54:35 UTC 2026","Sun Sep 13 04:54:40 UTC 2026","5086","tests.PlayWrightTests.CoachFacingPortal","test_coach_direct_message","TestUserPlaywright","","","p7: Upload a file from Upload_img directory via chat",""
"passed","Sun Sep 13 05:07:08 UTC 2026","Sun Sep 13 05:07:23 UTC 2026","14974","tests.PlayWrightTests.CoachFacingPortal.Hub.Users.OverView","test_last_engaged","TestLastEngaged","","","test_last_engaged_reflects_activity[blood_pressure_delete]","Validates that performing 'blood_pressure_delete' on User portal updates Hub's last_engaged_at (Hub > Users > Overview) to reflect the action's own timestamp, within 15s tolerance."
"passed","Sun Sep 13 05:13:12 UTC 2026","Sun Sep 13 05:13:28 UTC 2026","15440","tests.PlayWrightTests.CoachFacingPortal.Hub.Users.OverView","test_last_engaged","TestLastEngaged","","","test_last_engaged_reflects_activity[habit_done]","Validates that performing 'habit_done' on User portal updates Hub's last_engaged_at (Hub > Users > Overview) to reflect the action's own timestamp, within 15s tolerance."
"passed","Sun Sep 13 04:44:22 UTC 2026","Sun Sep 13 04:44:22 UTC 2026","7","tests.PlayWrightTests.CoachFacingPortal.UserData","test_patient_profile_demographic","TestPatientProfileDemographic","","","[coach] Demographic Profile - Validate Other Details labels",""
"broken","Sun Sep 13 04:28:39 UTC 2026","Sun Sep 13 04:29:09 UTC 2026","30001","tests.PlayWrightTests.CoachFacingPortal.Milestones","test_ibc_milestone","TestIBC_Milestone","","","validate Week1 partially achieved circle Modal content",""
"broken","Sun Sep 13 04:17:21 UTC 2026","Sun Sep 13 04:17:51 UTC 2026","30001","tests.PlayWrightTests.CoachFacingPortal.Learn","test_user_assignment","TestLearn","","","validate Admin should be able to assign only program assigned courses to user and validate same program assigned course",""
"broken","Sun Sep 13 05:01:07 UTC 2026","Sun Sep 13 05:01:07 UTC 2026","0","tests.PlayWrightTests.CoachFacingPortal","test_direct_message","TestAdminCoachDMBadge","","","TC03-TC04 – Admin DM: badge pill visible before open, clears after opening conversation","TC03: Admin nav badge must NOT be present on dashboard.
        TC04: DM badge pill appears briefly on entering DM section,
              then disappears once the conversation is opened.
        "
"broken","Sun Sep 13 03:46:44 UTC 2026","Sun Sep 13 03:47:38 UTC 2026","54391","tests.PlayWrightTests.CoachFacingPortal.DSMEPARTICIPANT","test_dsme_participant_users","TestUserPlaywright","","","test_update_dsme_participant_status_by_running_session_timer[chromium]",""
"passed","Sun Sep 13 04:03:49 UTC 2026","Sun Sep 13 04:03:49 UTC 2026","43","tests.PlayWrightTests.CoachFacingPortal.Hub.Users.Activity","test_food_log_widget","TestFoodLogCrossPortal","","","SLOT-02: Partial day logging - other slots stay 'Not logged', day total = Breakfast only",""
"passed","Sun Sep 13 04:44:35 UTC 2026","Sun Sep 13 04:44:35 UTC 2026","23","tests.PlayWrightTests.CoachFacingPortal.UserData","test_patient_profile_demographic","TestPatientProfileDemographic","","","[customer admin] Disability Details - Select Blind=No and verify selected value persists",""
"passed","Sun Sep 13 04:44:20 UTC 2026","Sun Sep 13 04:44:22 UTC 2026","2082","tests.PlayWrightTests.CoachFacingPortal.UserData","test_patient_profile_demographic","TestPatientProfileDemographic","","","[customer admin] CDC Details - Update enrollment/risk/education fields and verify successful update toast",""
"passed","Sun Sep 13 04:07:22 UTC 2026","Sun Sep 13 04:07:37 UTC 2026","14960","tests.PlayWrightTests.CoachFacingPortal.Hub.Users.Health","test_blood_sugar_history_widget","TestBloodSugarHistoryCrossPortal","","","tc1: Adding a blood sugar reading in the user portal is reflected in the Hub widget",""
"passed","Sun Sep 13 04:40:27 UTC 2026","Sun Sep 13 04:40:28 UTC 2026","948","tests.PlayWrightTests.CoachFacingPortal.UserData","test_allActivities","TestUserPlaywright","","","p50: Blood sugar list view — Click Export and verify CSV file is downloaded and non-empty — Expected: CSV file downloaded successfully with file size > 0",""
"passed","Sun Sep 13 05:16:14 UTC 2026","Sun Sep 13 05:16:14 UTC 2026","1","tests.PlayWrightTests.CoachFacingPortal.Hub.Users.OverView","test_overview","TestWeightLossBaseline","","","test_weight_loss_value_is_zero_immediately_after_onboarding",""
"broken","Sun Sep 13 05:04:54 UTC 2026","Sun Sep 13 05:04:54 UTC 2026","0","tests.PlayWrightTests.CoachFacingPortal.Hub.Dashboard","test_sponsored_registration_and_count","TestSponsoredRegistrationChain","","","Given the API's subscription breakdown, when the coach views Outcomes > Subscription Mix, then the Sponsored segment should match",""
"passed","Sun Sep 13 04:39:58 UTC 2026","Sun Sep 13 04:40:03 UTC 2026","5536","tests.PlayWrightTests.CoachFacingPortal.UserData","test_allActivities","TestUserPlaywright","","","p42: Tobacco count list view — Apply date filter from 1st of current month to today — Expected: start_date <= end_date and filtered entries are shown",""
"passed","Sun Sep 13 04:42:41 UTC 2026","Sun Sep 13 04:42:54 UTC 2026","12873","tests.PlayWrightTests.CoachFacingPortal.UserData","test_disenrollment","TestDisenrollment_demographicPage","","","Update Disenrollment Details with Date, Reason code and reason",""
"broken","Sun Sep 13 05:04:54 UTC 2026","Sun Sep 13 05:04:54 UTC 2026","0","tests.PlayWrightTests.CoachFacingPortal.Hub.Dashboard","test_sponsored_registration_and_count","TestSponsoredRegistrationChain","","","Given onboarding profile data, when submitted, then the form submission should succeed",""
"passed","Sun Sep 13 05:07:32 UTC 2026","Sun Sep 13 05:07:47 UTC 2026","15899","tests.PlayWrightTests.CoachFacingPortal.Hub.Users.OverView","test_last_engaged","TestLastEngaged","","","test_last_engaged_reflects_activity[blood_sugar_edit]","Validates that performing 'blood_sugar_edit' on User portal updates Hub's last_engaged_at (Hub > Users > Overview) to reflect the action's own timestamp, within 15s tolerance."
"passed","Sun Sep 13 03:54:45 UTC 2026","Sun Sep 13 03:54:54 UTC 2026","9072","tests.PlayWrightTests.CoachFacingPortal.DiscussionForum","test_discussion_coachRole","TestDiscussionForumPage","","","Given I am logged in, I am validating File upload - description only - success",""
"passed","Sun Sep 13 04:40:08 UTC 2026","Sun Sep 13 04:40:08 UTC 2026","959","tests.PlayWrightTests.CoachFacingPortal.UserData","test_allActivities","TestUserPlaywright","","","p44: Tobacco count list view — Click Export and verify CSV file is downloaded and non-empty — Expected: CSV file downloaded successfully with file size > 0",""
"broken","Sun Sep 13 05:02:00 UTC 2026","Sun Sep 13 05:02:00 UTC 2026","0","tests.PlayWrightTests.CoachFacingPortal","test_direct_message","TestHeadCoachDMBadge","","","TC24 – Head Coach: badge count is consistent across two browser tabs","Both tabs must show the same badge count when loaded from the server."
"passed","Sun Sep 13 04:41:39 UTC 2026","Sun Sep 13 04:41:45 UTC 2026","5644","tests.PlayWrightTests.CoachFacingPortal.UserData","test_disenrollment","TestDisenrollment_demographicPage","","","Update Disenrollment Details With Only Date",""
"passed","Sun Sep 13 03:49:00 UTC 2026","Sun Sep 13 03:49:04 UTC 2026","3760","tests.PlayWrightTests.CoachFacingPortal.DSMEPARTICIPANT","test_sessiontab_users","TestUserPlaywright","","","test_02_navigate_to_dsme_classplanner_tab[chromium]","Navigate to Class Planner and select patient"
"passed","Sun Sep 13 04:44:09 UTC 2026","Sun Sep 13 04:44:12 UTC 2026","2998","tests.PlayWrightTests.CoachFacingPortal.UserData","test_patient_profile_demographic","TestPatientProfileDemographic","","","[customer admin] Address Details - Update address fields/state and verify successful update toast",""
"broken","Sun Sep 13 04:34:24 UTC 2026","Sun Sep 13 04:34:34 UTC 2026","10002","tests.PlayWrightTests.CoachFacingPortal.UserData","test_PatientProfileImmunizations","TestPatientProfileImmunizations","","","Remove the parainfluenza-3 immunization as final cleanup and verify list is empty",""
"broken","Sun Sep 13 05:05:14 UTC 2026","Sun Sep 13 05:05:14 UTC 2026","0","tests.PlayWrightTests.CoachFacingPortal.Hub.Dashboard","test_trial_registration_and_count","TestTrialRegistrationChain","","","Given the Hub dashboard tiles, when each info icon is hovered, then it should display the expected tooltip text",""
"passed","Sun Sep 13 04:44:15 UTC 2026","Sun Sep 13 04:44:15 UTC 2026","677","tests.PlayWrightTests.CoachFacingPortal.UserData","test_patient_profile_demographic","TestPatientProfileDemographic","","","[coach] Call Details - Update call timestamps/track notes and verify successful update toast",""
"broken","Sun Sep 13 04:43:28 UTC 2026","Sun Sep 13 04:43:48 UTC 2026","20001","tests.PlayWrightTests.CoachFacingPortal.UserData","test_patient_profile_demographic","TestPatientProfileDemographic","","","[customer admin] Contact Details - Update phone fields and verify successful update toast",""
"broken","Sun Sep 13 05:01:59 UTC 2026","Sun Sep 13 05:01:59 UTC 2026","0","tests.PlayWrightTests.CoachFacingPortal","test_direct_message","TestHeadCoachDMBadge","","","TC20 – Head Coach: badge and tooltip are accessible to screen readers","Badge should carry aria-label; xfail if missing (logged, not failed)."
"broken","Sun Sep 13 05:05:14 UTC 2026","Sun Sep 13 05:05:14 UTC 2026","0","tests.PlayWrightTests.CoachFacingPortal.Hub.Dashboard","test_trial_registration_and_count","TestTrialRegistrationChain","","","Given the Hub dashboard tiles, when each info icon is hovered, then it should display the expected tooltip text",""
"passed","Sun Sep 13 04:44:36 UTC 2026","Sun Sep 13 04:44:36 UTC 2026","20","tests.PlayWrightTests.CoachFacingPortal.UserData","test_patient_profile_demographic","TestPatientProfileDemographic","","","[customer admin] Disability Details - Select Emotional=Yes and verify selected value persists",""
"passed","Sun Sep 13 04:03:43 UTC 2026","Sun Sep 13 04:03:43 UTC 2026","5","tests.PlayWrightTests.CoachFacingPortal.Hub.Users.Activity","test_food_log_widget","TestFoodLogCrossPortal","","","NAV-01: Food Log defaults to the current week on load",""
"broken","Sun Sep 13 05:04:54 UTC 2026","Sun Sep 13 05:04:54 UTC 2026","0","tests.PlayWrightTests.CoachFacingPortal.Hub.Dashboard","test_sponsored_registration_and_count","TestSponsoredRegistrationChain","","","Given the Hub dashboard tiles, when each info icon is hovered, then it should display the expected tooltip text",""
"passed","Sun Sep 13 04:40:46 UTC 2026","Sun Sep 13 04:40:49 UTC 2026","2268","tests.PlayWrightTests.CoachFacingPortal.UserData","test_allActivities","TestUserPlaywright","","","p58: Body Composition list view — Apply date filter from 1st of current month to today — Expected: start_date <= end_date and filtered entries are shown",""
"broken","Sun Sep 13 05:05:14 UTC 2026","Sun Sep 13 05:05:14 UTC 2026","0","tests.PlayWrightTests.CoachFacingPortal.Hub.Dashboard","test_trial_registration_and_count","TestTrialRegistrationChain","","","Given a new trial user completed onboarding, when the coach views the Hub dashboard, then the Registered tile should match the API count",""
"broken","Sun Sep 13 04:00:58 UTC 2026","Sun Sep 13 04:01:28 UTC 2026","30055","tests.PlayWrightTests.CoachFacingPortal.Hub.Scheduler","test_scheduler","TestScheduler","","","validate the 'Copy' action on the Upcoming Appointments widget copies the meeting joining link",""
"passed","Sun Sep 13 05:12:26 UTC 2026","Sun Sep 13 05:12:41 UTC 2026","15031","tests.PlayWrightTests.CoachFacingPortal.Hub.Users.OverView","test_last_engaged","TestLastEngaged","","","test_last_engaged_reflects_activity[water_log_edit]","Validates that performing 'water_log_edit' on User portal updates Hub's last_engaged_at (Hub > Users > Overview) to reflect the action's own timestamp, within 15s tolerance."
"passed","Sun Sep 13 04:44:35 UTC 2026","Sun Sep 13 04:44:36 UTC 2026","31","tests.PlayWrightTests.CoachFacingPortal.UserData","test_patient_profile_demographic","TestPatientProfileDemographic","","","[customer admin] Disability Details - Select Remembering=Unknown and verify selected value persists",""
"broken","Sun Sep 13 04:26:38 UTC 2026","Sun Sep 13 04:27:08 UTC 2026","30001","tests.PlayWrightTests.CoachFacingPortal.Milestones","test_ibc_milestone","TestIBC_Milestone","","","validate M1 milestone is achieved as a result of user filling banner and M1 should be in Blue color",""
"broken","Sun Sep 13 05:04:54 UTC 2026","Sun Sep 13 05:04:54 UTC 2026","0","tests.PlayWrightTests.CoachFacingPortal.Hub.Dashboard","test_sponsored_registration_and_count","TestSponsoredRegistrationChain","","","Given the Recently Joined table, when a sortable column header is clicked through its full cycle, then rows should sort, reverse, then reset",""
"passed","Sun Sep 13 04:39:23 UTC 2026","Sun Sep 13 04:39:25 UTC 2026","1186","tests.PlayWrightTests.CoachFacingPortal.UserData","test_allActivities","TestUserPlaywright","","","p33: HbA1c — Open list view from activity card — Expected: HbA1c history table is displayed in list view",""
"passed","Sun Sep 13 04:54:18 UTC 2026","Sun Sep 13 04:54:26 UTC 2026","7556","tests.PlayWrightTests.CoachFacingPortal","test_coach_direct_message","TestUserPlaywright","","","p2: Select DailyStandUp_Cohort from the cohort dropdown",""
"passed","Sun Sep 13 03:57:08 UTC 2026","Sun Sep 13 03:57:10 UTC 2026","2046","tests.PlayWrightTests.CoachFacingPortal.DiscussionForum","test_discussion_coachRole","TestDiscussionForumPage","","","Given I am logged in, I am validating UnPin The post",""
"passed","Sun Sep 13 05:05:28 UTC 2026","Sun Sep 13 05:05:44 UTC 2026","16074","tests.PlayWrightTests.CoachFacingPortal.Hub.Users.OverView","test_last_engaged","TestLastEngaged","","","test_last_engaged_reflects_activity[weight_edit]","Validates that performing 'weight_edit' on User portal updates Hub's last_engaged_at (Hub > Users > Overview) to reflect the action's own timestamp, within 15s tolerance."
"broken","Sun Sep 13 03:58:45 UTC 2026","Sun Sep 13 03:59:16 UTC 2026","31356","tests.PlayWrightTests.CoachFacingPortal.Hub.Scheduler","test_scheduler","TestScheduler","","","validate coach can navigate to the Scheduler page",""
"passed","Sun Sep 13 04:09:40 UTC 2026","Sun Sep 13 04:09:46 UTC 2026","6293","tests.PlayWrightTests.CoachFacingPortal.Hub.Users.Health","test_medications_widget","TestMedicationsCrossPortal","","","tc3: Deleting a medication in the user portal removes it from the Hub Medications widget",""
"passed","Sun Sep 13 04:21:56 UTC 2026","Sun Sep 13 04:22:02 UTC 2026","6265","tests.PlayWrightTests.CoachFacingPortal.LogClassSession","test_logClass","TestLogClassSession","","","Given I am logged in as coach to coach portal, when cohort's programDeliveryType==Onsite, then Log class session module should be available",""
"passed","Sun Sep 13 05:16:14 UTC 2026","Sun Sep 13 05:16:14 UTC 2026","0","tests.PlayWrightTests.CoachFacingPortal.Hub.Users.OverView","test_overview","TestWeightLossBaseline","","","test_portal_b_current_weight_matches_starting_weight_before_new_entries",""
"passed","Sun Sep 13 04:39:14 UTC 2026","Sun Sep 13 04:39:15 UTC 2026","1608","tests.PlayWrightTests.CoachFacingPortal.UserData","test_allActivities","TestUserPlaywright","","","p29: Blood pressure list view — Add new entry systolic=120 diastolic=80 via list form (cancel → close → save flow) — Expected: Entry saved successfully via list view add form",""
"passed","Sun Sep 13 05:17:25 UTC 2026","Sun Sep 13 05:17:25 UTC 2026","0","tests.PlayWrightTests.CoachFacingPortal.Hub.Users.communication","test_communication_notification_chain","TestCommunicationNotificationChain","","","Given an unread notification, when marked as read, then the API should confirm success",""
"passed","Sun Sep 13 04:43:28 UTC 2026","Sun Sep 13 04:43:28 UTC 2026","16","tests.PlayWrightTests.CoachFacingPortal.UserData","test_patient_profile_demographic","TestPatientProfileDemographic","","","[coach] Demographic Profile - Validate Contact Details section label set",""
"passed","Sun Sep 13 05:16:17 UTC 2026","Sun Sep 13 05:16:17 UTC 2026","0","tests.PlayWrightTests.CoachFacingPortal.Hub.Users.Profile","test_hub_participant_profile","TestHubParticipantProfile","","","Given the profile was persisted to a JSON file, when reloading it, then the stored data should exactly match the fetched profile",""
"passed","Sun Sep 13 04:39:23 UTC 2026","Sun Sep 13 04:39:23 UTC 2026","951","tests.PlayWrightTests.CoachFacingPortal.UserData","test_allActivities","TestUserPlaywright","","","p32: Blood pressure list view — Click Export and verify CSV file is downloaded and non-empty — Expected: CSV file downloaded successfully with file size > 0",""
"passed","Sun Sep 13 04:44:12 UTC 2026","Sun Sep 13 04:44:15 UTC 2026","2559","tests.PlayWrightTests.CoachFacingPortal.UserData","test_patient_profile_demographic","TestPatientProfileDemographic","","","[customer admin] Call Details - Update call timestamps/track notes and verify successful update toast",""
"passed","Sun Sep 13 03:45:32 UTC 2026","Sun Sep 13 03:45:45 UTC 2026","13245","tests.PlayWrightTests.CoachFacingPortal.AllCohortDashboardGraphs","test_average_weightLossGraph","TestGraph_AverageWeightLossByCohort","","","To ensure the Avg weight loss for a cohort is calculated correctly",""
"broken","Sun Sep 13 03:59:20 UTC 2026","Sun Sep 13 03:59:57 UTC 2026","36788","tests.PlayWrightTests.CoachFacingPortal.Hub.Scheduler","test_scheduler","TestScheduler","","","validate coach can create a new event from the Scheduler",""
"broken","Sun Sep 13 05:04:54 UTC 2026","Sun Sep 13 05:04:54 UTC 2026","0","tests.PlayWrightTests.CoachFacingPortal.Hub.Dashboard","test_sponsored_registration_and_count","TestSponsoredRegistrationChain","","","Given the final cohorts-aggregate response, when checked, then it should contain valid sponsored count data",""
"passed","Sun Sep 13 04:44:15 UTC 2026","Sun Sep 13 04:44:15 UTC 2026","9","tests.PlayWrightTests.CoachFacingPortal.UserData","test_patient_profile_demographic","TestPatientProfileDemographic","","","[coach] Demographic Profile - Validate Baseline Health Data labels",""
"broken","Sun Sep 13 04:34:19 UTC 2026","Sun Sep 13 04:34:24 UTC 2026","5000","tests.PlayWrightTests.CoachFacingPortal.UserData","test_PatientProfileImmunizations","TestPatientProfileImmunizations","","","Verify persistent storage of edited parainfluenza-3 immunization",""
"passed","Sun Sep 13 04:44:22 UTC 2026","Sun Sep 13 04:44:25 UTC 2026","2507","tests.PlayWrightTests.CoachFacingPortal.UserData","test_patient_profile_demographic","TestPatientProfileDemographic","","","[customer admin] Other Details - Update language/transportation/smoking/billing fields and verify success toast",""
"passed","Sun Sep 13 04:38:58 UTC 2026","Sun Sep 13 04:38:59 UTC 2026","950","tests.PlayWrightTests.CoachFacingPortal.UserData","test_allActivities","TestUserPlaywright","","","p26: Weight list view — Click Export and verify CSV file is downloaded and non-empty — Expected: CSV file downloaded successfully with file size > 0",""
"broken","Sun Sep 13 05:05:14 UTC 2026","Sun Sep 13 05:05:14 UTC 2026","0","tests.PlayWrightTests.CoachFacingPortal.Hub.Dashboard","test_trial_registration_and_count","TestTrialRegistrationChain","","","Given the final cohorts-aggregate response, when checked, then it should contain valid trial count data",""
"passed","Sun Sep 13 05:06:28 UTC 2026","Sun Sep 13 05:06:43 UTC 2026","15123","tests.PlayWrightTests.CoachFacingPortal.Hub.Users.OverView","test_last_engaged","TestLastEngaged","","","test_last_engaged_reflects_activity[exercise_delete]","Validates that performing 'exercise_delete' on User portal updates Hub's last_engaged_at (Hub > Users > Overview) to reflect the action's own timestamp, within 15s tolerance."
"broken","Sun Sep 13 05:03:53 UTC 2026","Sun Sep 13 05:04:23 UTC 2026","30076","tests.PlayWrightTests.CoachFacingPortal","test_plan_names","TestUserPlaywright","","","test_without_enable_globally[chromium]",""
"passed","Sun Sep 13 04:03:43 UTC 2026","Sun Sep 13 04:03:49 UTC 2026","6112","tests.PlayWrightTests.CoachFacingPortal.Hub.Users.Activity","test_food_log_widget","TestFoodLogCrossPortal","","","SYNC-01/CALC-03: Adding a food entry in the user portal is reflected in the Hub widget",""
"passed","Sun Sep 13 04:40:51 UTC 2026","Sun Sep 13 04:40:52 UTC 2026","921","tests.PlayWrightTests.CoachFacingPortal.UserData","test_allActivities","TestUserPlaywright","","","p60: Body Composition list view — Click Export and verify CSV file is downloaded and non-empty — Expected: CSV file downloaded successfully with file size > 0",""
"passed","Sun Sep 13 04:44:15 UTC 2026","Sun Sep 13 04:44:20 UTC 2026","5013","tests.PlayWrightTests.CoachFacingPortal.UserData","test_patient_profile_demographic","TestPatientProfileDemographic","","","[customer admin] Baseline Health Data - Update BP/weight/HbA1c/height and verify successful update toast",""
"passed","Sun Sep 13 03:54:23 UTC 2026","Sun Sep 13 03:54:23 UTC 2026","29","tests.PlayWrightTests.CoachFacingPortal.DiscussionForum","test_discussion_coachRole","TestDiscussionForumPage","","","Given I am logged in, I am validating Mandatory fields input test case",""
"failed","Sun Sep 13 04:04:23 UTC 2026","Sun Sep 13 04:05:15 UTC 2026","52590","tests.PlayWrightTests.CoachFacingPortal.Hub.Users.Activity","test_food_log_widget","TestFoodLogCrossPortal","","","NAV-02/NAV-03: Previous/Next week navigation shows the correct date range and data",""
"passed","Sun Sep 13 03:55:01 UTC 2026","Sun Sep 13 03:55:45 UTC 2026","43110","tests.PlayWrightTests.CoachFacingPortal.DiscussionForum","test_discussion_coachRole","TestDiscussionForumPage","","","Given I am logged in, I am validating upload up to 5 files",""
"passed","Sun Sep 13 05:12:41 UTC 2026","Sun Sep 13 05:12:55 UTC 2026","14235","tests.PlayWrightTests.CoachFacingPortal.Hub.Users.OverView","test_last_engaged","TestLastEngaged","","","test_last_engaged_reflects_activity[water_log_delete]","Validates that performing 'water_log_delete' on User portal updates Hub's last_engaged_at (Hub > Users > Overview) to reflect the action's own timestamp, within 15s tolerance."
"passed","Sun Sep 13 04:50:45 UTC 2026","Sun Sep 13 04:50:46 UTC 2026","666","tests.PlayWrightTests.CoachFacingPortal","test_Appointment_on_board","","","","test_TC007_accordion_collapse_expand[chromium]","Chevron toggle collapses then re-expands. Section must stay visible throughout."
"broken","Sun Sep 13 04:31:10 UTC 2026","Sun Sep 13 04:31:40 UTC 2026","30001","tests.PlayWrightTests.CoachFacingPortal.Milestones","test_ibc_milestone","TestIBC_Milestone","","","validate when user add Exercise now to partially achieved week1, then week1 still should be partially achieved state and exercise count in modal should update to 1",""
"broken","Sun Sep 13 05:05:14 UTC 2026","Sun Sep 13 05:05:14 UTC 2026","0","tests.PlayWrightTests.CoachFacingPortal.Hub.Dashboard","test_trial_registration_and_count","TestTrialRegistrationChain","","","Given the Hub dashboard, when the coach views the Tier 1 / Tier 2 tile, then it should match the API paid tier counts",""
"passed","Sun Sep 13 04:43:27 UTC 2026","Sun Sep 13 04:43:27 UTC 2026","144","tests.PlayWrightTests.CoachFacingPortal.UserData","test_patient_profile_demographic","TestPatientProfileDemographic","","","[coach] Program Details - Enter edit mode and verify Cancel/Update controls are visible and cancellable",""
"broken","Sun Sep 13 04:36:58 UTC 2026","Sun Sep 13 04:37:18 UTC 2026","20001","tests.PlayWrightTests.CoachFacingPortal.UserData","test_PatientProfilePreAuth","TestPatientProfilePreAuth","","","Remove the added Medicare Payer Type from patient profile as final cleanup",""
"passed","Sun Sep 13 03:57:00 UTC 2026","Sun Sep 13 03:57:02 UTC 2026","2042","tests.PlayWrightTests.CoachFacingPortal.DiscussionForum","test_discussion_coachRole","TestDiscussionForumPage","","","Given I am logged in, I am validating Click Delete - Cancel",""
"passed","Sun Sep 13 04:54:43 UTC 2026","Sun Sep 13 04:54:47 UTC 2026","4179","tests.PlayWrightTests.CoachFacingPortal","test_coach_direct_message","TestUserPlaywright","","","p9: Navigate to Abdul_DM cohort, open new message, and validate only one user is available",""
"broken","Sun Sep 13 04:51:15 UTC 2026","Sun Sep 13 04:51:47 UTC 2026","32077","tests.PlayWrightTests.CoachFacingPortal","test_Appointment_on_board","","","","test_TC014_cohort_dropdown_refreshes_list[chromium]","Switching the cohort dropdown refreshes the appointment list."
"passed","Sun Sep 13 04:11:54 UTC 2026","Sun Sep 13 04:12:07 UTC 2026","13083","tests.PlayWrightTests.CoachFacingPortal.Hub.Users.Health","test_physical_activity_history_widget","TestPhysicalActivityHistoryCrossPortal","","","tc5: Updating the exercise minutes goal in the user portal is reflected in the Hub widget",""
"passed","Sun Sep 13 04:54:30 UTC 2026","Sun Sep 13 04:54:34 UTC 2026","3940","tests.PlayWrightTests.CoachFacingPortal","test_coach_direct_message","TestUserPlaywright","","","p5: Validate sent message - sender, content matches what was sent, and timestamp matches system timezone",""
"passed","Sun Sep 13 03:58:39 UTC 2026","Sun Sep 13 03:58:45 UTC 2026","5964","tests.PlayWrightTests.CoachFacingPortal.Hub.Scheduler","test_scheduler","TestScheduler","","","validate coach can log in to the Hub portal",""
"passed","Sun Sep 13 03:57:02 UTC 2026","Sun Sep 13 03:57:03 UTC 2026","865","tests.PlayWrightTests.CoachFacingPortal.DiscussionForum","test_discussion_coachRole","TestDiscussionForumPage","","","Given I am logged in, I am validating Pin The post",""
"broken","Sun Sep 13 04:01:29 UTC 2026","Sun Sep 13 04:01:59 UTC 2026","30057","tests.PlayWrightTests.CoachFacingPortal.Hub.Scheduler","test_scheduler","TestScheduler","","","validate the 'Join' action on the Upcoming Appointments widget opens the coach's meeting link",""
"passed","Sun Sep 13 05:16:17 UTC 2026","Sun Sep 13 05:16:17 UTC 2026","0","tests.PlayWrightTests.CoachFacingPortal.Hub.Users.Profile","test_hub_participant_profile","TestHubParticipantProfile","","","Given the profile JSON file was written, when checking the filesystem, then the file should exist on disk",""
"passed","Sun Sep 13 04:40:49 UTC 2026","Sun Sep 13 04:40:51 UTC 2026","2694","tests.PlayWrightTests.CoachFacingPortal.UserData","test_allActivities","TestUserPlaywright","","","p59: Body Composition list view — Validate GET /body_compositions API entries fall within the filtered date range — Expected: All returned entries have dates within current month range",""
"passed","Sun Sep 13 03:54:27 UTC 2026","Sun Sep 13 03:54:36 UTC 2026","9047","tests.PlayWrightTests.CoachFacingPortal.DiscussionForum","test_discussion_coachRole","TestDiscussionForumPage","","","Given I am logged in, I am validating File upload - error",""
"passed","Sun Sep 13 03:45:25 UTC 2026","Sun Sep 13 03:45:32 UTC 2026","7103","tests.PlayWrightTests.CoachFacingPortal.AllCohortDashboardGraphs","test_average_weightLossGraph","TestGraph_AverageWeightLossByCohort","","","To ensure the Avg weight loss for a cohort is zero when no weight data is present for that cohort",""
"failed","Sun Sep 13 04:26:06 UTC 2026","Sun Sep 13 04:26:07 UTC 2026","1580","tests.PlayWrightTests.CoachFacingPortal.Milestones","test_ibc_milestone","TestIBC_Milestone","","","validate partially achieved state i.e, user fills the banner and a weight added leads to this state where milestone color code is orange",""
"passed","Sun Sep 13 05:15:09 UTC 2026","Sun Sep 13 05:15:16 UTC 2026","7370","tests.PlayWrightTests.CoachFacingPortal.Hub.Users.OverView","test_last_engaged","TestLastEngaged","","","test_last_engaged_unchanged_for_activity[blood_pressure_target_edit]","Validates that performing 'blood_pressure_target_edit' on User portal does NOT change Hub's last_engaged_at (Hub > Users > Overview) — the card must retain its previous value."
"broken","Sun Sep 13 05:01:54 UTC 2026","Sun Sep 13 05:01:54 UTC 2026","0","tests.PlayWrightTests.CoachFacingPortal","test_direct_message","TestHeadCoachDMBadge","","","TC07 – Head Coach: badge count increments when a new DM arrives","Badge must show ≥1 after a new DM is received."
"passed","Sun Sep 13 03:58:34 UTC 2026","Sun Sep 13 03:58:34 UTC 2026","48","tests.PlayWrightTests.CoachFacingPortal.DiscussionForum","test_discussion_coachRole","TestDiscussionForumPage","","","Given I am logged in, I am validating the file upload with max size>10mb",""
"passed","Sun Sep 13 05:16:25 UTC 2026","Sun Sep 13 05:16:25 UTC 2026","1","tests.PlayWrightTests.CoachFacingPortal.Hub.Users.communication","test_communication_notification_chain","TestCommunicationNotificationChain","","","Given a valid participant search, when searched by email, then the correct participant should be returned",""
"broken","Sun Sep 13 04:34:09 UTC 2026","Sun Sep 13 04:34:19 UTC 2026","10001","tests.PlayWrightTests.CoachFacingPortal.UserData","test_PatientProfileImmunizations","TestPatientProfileImmunizations","","","Verify editing parainfluenza-3 dosage details and verifying changes reflect",""
"broken","Sun Sep 13 04:36:53 UTC 2026","Sun Sep 13 04:36:58 UTC 2026","5001","tests.PlayWrightTests.CoachFacingPortal.UserData","test_PatientProfilePreAuth","TestPatientProfilePreAuth","","","Verify persistent storage of edited prior authorization and cleanup removal",""
"passed","Sun Sep 13 04:23:28 UTC 2026","Sun Sep 13 04:23:28 UTC 2026","384","tests.PlayWrightTests.CoachFacingPortal.LogClassSession","test_logClass","TestLogClassSession","","","Verify coach can save log class session by adding weight, attendance date, PA, LF and MUP - Online Mode",""
"broken","Sun Sep 13 04:02:43 UTC 2026","Sun Sep 13 04:03:14 UTC 2026","30755","tests.PlayWrightTests.CoachFacingPortal.Hub.Scheduler","test_scheduler","TestScheduler","","","validate deleting the event removes it from both the Scheduler List view and the dashboard's Upcoming Appointments widget",""
"passed","Sun Sep 13 04:15:07 UTC 2026","Sun Sep 13 04:15:07 UTC 2026","344","tests.PlayWrightTests.CoachFacingPortal.Hub.Users.NotesFiles","test_notes_files_tab","TestNotesFilesTab","","","tc7: A file uploaded via the Hub UI syncs to the participant's Portal B uploads with correct metadata",""
"passed","Sun Sep 13 04:44:20 UTC 2026","Sun Sep 13 04:44:20 UTC 2026","8","tests.PlayWrightTests.CoachFacingPortal.UserData","test_patient_profile_demographic","TestPatientProfileDemographic","","","[customer admin] Demographic Profile - Validate CDC Details labels and control visibility",""
"passed","Sun Sep 13 04:53:44 UTC 2026","Sun Sep 13 04:53:52 UTC 2026","8751","tests.PlayWrightTests.CoachFacingPortal","test_Group_Interaction_Community","TestGroupInteractionCommunity","","","AC5: Validate Community Interaction After Adding Comment","Add a comment to a discussion post via API and verify it updates the Group Interaction table using 'Today's Count'"
"passed","Sun Sep 13 03:51:55 UTC 2026","Sun Sep 13 03:51:58 UTC 2026","3257","tests.PlayWrightTests.CoachFacingPortal.DiscussionForum","test_discussion_CA_role","TestDiscussionForumPage","","","Given I am logged in, I am validating Edit Post - Remove File",""
"passed","Sun Sep 13 04:15:07 UTC 2026","Sun Sep 13 04:15:07 UTC 2026","372","tests.PlayWrightTests.CoachFacingPortal.Hub.Users.NotesFiles","test_notes_files_tab","TestNotesFilesTab","","","tc8: Clicking View on an uploaded file opens it in a new tab",""
"passed","Sun Sep 13 04:54:18 UTC 2026","Sun Sep 13 04:54:18 UTC 2026","582","tests.PlayWrightTests.CoachFacingPortal","test_coach_direct_message","TestUserPlaywright","","","p1: Login to coach portal with valid credentials",""
"broken","Sun Sep 13 05:04:54 UTC 2026","Sun Sep 13 05:04:54 UTC 2026","0","tests.PlayWrightTests.CoachFacingPortal.Hub.Dashboard","test_trial_registration_and_count","TestTrialRegistrationChain","","","Given valid trial user data, when registered, then registration should return a token and success message",""
"failed","Sun Sep 13 04:47:44 UTC 2026","Sun Sep 13 04:48:10 UTC 2026","25993","tests.PlayWrightTests.CoachFacingPortal.UserData","test_patient_profile_demographic","TestPatientProfileDemographic","","","[customer admin] Personal Details - Update Marital Status dropdown and verify stored value or coach restriction",""
"passed","Sun Sep 13 03:45:55 UTC 2026","Sun Sep 13 03:45:59 UTC 2026","4376","tests.PlayWrightTests.CoachFacingPortal.DSMEPARTICIPANT","test_dsme_participant_users","TestUserPlaywright","","","test_coach_login_dsme_cohort[chromium]",""
"passed","Sun Sep 13 04:22:02 UTC 2026","Sun Sep 13 04:22:03 UTC 2026","1395","tests.PlayWrightTests.CoachFacingPortal.LogClassSession","test_logClass","TestLogClassSession","","","Given I am logged in as coach to coach portal, when cohort's programDeliveryType!=Onsite, then Log class session module should not be available",""
"passed","Sun Sep 13 04:03:55 UTC 2026","Sun Sep 13 04:04:04 UTC 2026","8767","tests.PlayWrightTests.CoachFacingPortal.Hub.Users.Activity","test_food_log_widget","TestFoodLogCrossPortal","","","SYNC-05/CALC-02: A second entry in the same slot shows combined totals and an entry-count badge",""
"passed","Sun Sep 13 04:41:16 UTC 2026","Sun Sep 13 04:41:17 UTC 2026","406","tests.PlayWrightTests.CoachFacingPortal.UserData","test_disenrollment","TestDisenrollment_demographicPage","","","Update Disenrollment Details With Empty Data",""
"broken","Sun Sep 13 04:33:58 UTC 2026","Sun Sep 13 04:34:08 UTC 2026","10004","tests.PlayWrightTests.CoachFacingPortal.UserData","test_PatientProfileImmunizations","TestPatientProfileImmunizations","","","Verify successfully deleting the yellow fever immunization from patient listing",""
"passed","Sun Sep 13 04:22:49 UTC 2026","Sun Sep 13 04:22:51 UTC 2026","2186","tests.PlayWrightTests.CoachFacingPortal.LogClassSession","test_logClass","TestLogClassSession","","","Verify entering 1000 in weight should limit to 3 chars, i.e. 100",""
"broken","Sun Sep 13 04:28:08 UTC 2026","Sun Sep 13 04:28:38 UTC 2026","30001","tests.PlayWrightTests.CoachFacingPortal.Milestones","test_ibc_milestone","TestIBC_Milestone","","","validate clicking on partially achieved week1 circle should open a modal and header==Week 1",""
"broken","Sun Sep 13 05:04:54 UTC 2026","Sun Sep 13 05:04:54 UTC 2026","0","tests.PlayWrightTests.CoachFacingPortal.Hub.Dashboard","test_sponsored_registration_and_count","TestSponsoredRegistrationChain","","","Given the new user's fixed onboarding answers, when the coach views Demographics, then each matching segment should increment by one",""
"passed","Sun Sep 13 03:50:47 UTC 2026","Sun Sep 13 03:51:48 UTC 2026","61105","tests.PlayWrightTests.CoachFacingPortal.DiscussionForum","test_discussion_CA_role","TestDiscussionForumPage","","","Given I am logged in, I am validating Upload more than 5 files - Error",""
"broken","Sun Sep 13 05:05:14 UTC 2026","Sun Sep 13 05:05:14 UTC 2026","0","tests.PlayWrightTests.CoachFacingPortal.Hub.Dashboard","test_trial_registration_and_count","TestTrialRegistrationChain","","","Given the Recently Joined table, when a sortable column header is clicked through its full cycle, then rows should sort, reverse, then reset",""
"passed","Sun Sep 13 04:22:09 UTC 2026","Sun Sep 13 04:22:16 UTC 2026","7051","tests.PlayWrightTests.CoachFacingPortal.LogClassSession","test_logClass","TestLogClassSession","","","Verify coach can Search Participant By Name in log class session page",""
"passed","Sun Sep 13 04:54:47 UTC 2026","Sun Sep 13 04:55:01 UTC 2026","14227","tests.PlayWrightTests.CoachFacingPortal","test_coach_direct_message","TestUserPlaywright","","","p10: Switch to new tab, login to web app, and send a message to coach via Talk to My Coach",""
"passed","Sun Sep 13 03:59:17 UTC 2026","Sun Sep 13 03:59:20 UTC 2026","3355","tests.PlayWrightTests.CoachFacingPortal.Hub.Scheduler","test_scheduler","TestScheduler","","","validate all fields and controls are present on the Add Event form",""
"passed","Sun Sep 13 03:44:03 UTC 2026","Sun Sep 13 03:44:09 UTC 2026","5406","tests.PlayWrightTests.CoachFacingPortal.AllCohortDashboardGraphs","test_additionalSummaryGraph","TestGraphAdditionalSummary","","","To ensure the user can scroll to the cohort name when it's not in view",""
"passed","Sun Sep 13 05:16:14 UTC 2026","Sun Sep 13 05:16:14 UTC 2026","0","tests.PlayWrightTests.CoachFacingPortal.Hub.Users.OverView","test_overview","TestWeightLossBaseline","","","test_weight_loss_percentage_reflects_correct_ratio",""
"passed","Sun Sep 13 05:07:47 UTC 2026","Sun Sep 13 05:08:03 UTC 2026","15396","tests.PlayWrightTests.CoachFacingPortal.Hub.Users.OverView","test_last_engaged","TestLastEngaged","","","test_last_engaged_reflects_activity[blood_sugar_delete]","Validates that performing 'blood_sugar_delete' on User portal updates Hub's last_engaged_at (Hub > Users > Overview) to reflect the action's own timestamp, within 15s tolerance."
"broken","Sun Sep 13 04:29:09 UTC 2026","Sun Sep 13 04:29:39 UTC 2026","30001","tests.PlayWrightTests.CoachFacingPortal.Milestones","test_ibc_milestone","TestIBC_Milestone","","","validate Week1 partially achieved should have Weight Loss : false",""
"passed","Sun Sep 13 03:59:16 UTC 2026","Sun Sep 13 03:59:17 UTC 2026","506","tests.PlayWrightTests.CoachFacingPortal.Hub.Scheduler","test_scheduler","TestScheduler","","","validate the dashboard's Upcoming Appointments widget shows 'No appointments found.' when there are none",""
"broken","Sun Sep 13 05:05:14 UTC 2026","Sun Sep 13 05:05:14 UTC 2026","0","tests.PlayWrightTests.CoachFacingPortal.Hub.Dashboard","test_trial_registration_and_count","TestTrialRegistrationChain","","","Given the newly registered trial user, when disenrolled via the Hub API, then disenrolled count should increment",""
"broken","Sun Sep 13 05:04:54 UTC 2026","Sun Sep 13 05:04:54 UTC 2026","0","tests.PlayWrightTests.CoachFacingPortal.Hub.Dashboard","test_sponsored_registration_and_count","TestSponsoredRegistrationChain","","","Given the Hub dashboard tiles, when each info icon is hovered, then it should display the expected tooltip text",""
"broken","Sun Sep 13 05:04:54 UTC 2026","Sun Sep 13 05:04:54 UTC 2026","0","tests.PlayWrightTests.CoachFacingPortal.Hub.Dashboard","test_sponsored_registration_and_count","TestSponsoredRegistrationChain","","","Given a submitted profile, when profile details match, then first and last name should be correct",""
"passed","Sun Sep 13 03:44:39 UTC 2026","Sun Sep 13 03:44:39 UTC 2026","6","tests.PlayWrightTests.CoachFacingPortal.AllCohortDashboardGraphs","test_additionalSummaryGraph","TestGraphAdditionalSummary","","","To ensure start date matches cohort configuration",""
"passed","Sun Sep 13 03:52:07 UTC 2026","Sun Sep 13 03:52:09 UTC 2026","2051","tests.PlayWrightTests.CoachFacingPortal.DiscussionForum","test_discussion_CA_role","TestDiscussionForumPage","","","Given I am logged in, I am validating UnPin The post",""
"passed","Sun Sep 13 03:49:53 UTC 2026","Sun Sep 13 03:49:55 UTC 2026","1944","tests.PlayWrightTests.CoachFacingPortal.DiscussionForum","test_discussion_CA_role","TestDiscussionForumPage","","","Given I am logged in, I am validating verify file opened on clicking view button",""
"passed","Sun Sep 13 04:39:38 UTC 2026","Sun Sep 13 04:39:39 UTC 2026","1509","tests.PlayWrightTests.CoachFacingPortal.UserData","test_allActivities","TestUserPlaywright","","","p35: HbA1c list view — Add new entry hba1c=6.5 via list form (cancel → close → save flow) — Expected: Entry saved successfully via list view add form",""
"passed","Sun Sep 13 04:44:12 UTC 2026","Sun Sep 13 04:44:12 UTC 2026","265","tests.PlayWrightTests.CoachFacingPortal.UserData","test_patient_profile_demographic","TestPatientProfileDemographic","","","[coach] Address Details - Update address fields/state and verify successful update toast",""
"passed","Sun Sep 13 04:47:44 UTC 2026","Sun Sep 13 04:47:44 UTC 2026","3","tests.PlayWrightTests.CoachFacingPortal.UserData","test_patient_profile_demographic","TestPatientProfileDemographic","","","[coach] Personal Details - Update Current Gender dropdown and verify stored value or coach restriction",""
"passed","Sun Sep 13 03:49:06 UTC 2026","Sun Sep 13 03:49:12 UTC 2026","6260","tests.PlayWrightTests.CoachFacingPortal.DSMEPARTICIPANT","test_sessiontab_users","TestUserPlaywright","","","test_04_check_session_notes_management[chromium]","Delete existing session notes and add new ones"
"broken","Sun Sep 13 05:05:14 UTC 2026","Sun Sep 13 05:05:14 UTC 2026","0","tests.PlayWrightTests.CoachFacingPortal.Hub.Dashboard","test_trial_registration_and_count","TestTrialRegistrationChain","","","Given the Recently Joined table, when a sortable column header is clicked through its full cycle, then rows should sort, reverse, then reset",""
"failed","Sun Sep 13 03:45:24 UTC 2026","Sun Sep 13 03:45:24 UTC 2026","548","tests.PlayWrightTests.CoachFacingPortal.AllCohortDashboardGraphs","test_average_weightLossGraph","TestGraph_AverageWeightLossByCohort","","","To ensure the Avg weight loss graph lists all cohorts on Y-Axis when ACTIVE filtered",""
"passed","Sun Sep 13 04:35:51 UTC 2026","Sun Sep 13 04:35:51 UTC 2026","3","tests.PlayWrightTests.CoachFacingPortal.UserData","test_PatientProfilePayerType","TestPatientProfilePayerType","","","Final cleanup: remove all remaining payer types from patient profile",""
"skipped","Sun Sep 13 04:58:22 UTC 2026","Sun Sep 13 04:58:22 UTC 2026","0","tests.PlayWrightTests.CoachFacingPortal","test_coaches_discussion","TestCoachesDiscussionEmoji","","","test_coachdiscuss_reaction_dashboard[chromium]",""
"passed","Sun Sep 13 04:08:01 UTC 2026","Sun Sep 13 04:08:01 UTC 2026","0","tests.PlayWrightTests.CoachFacingPortal.Hub.Users.Health","test_blood_sugar_history_widget","TestBloodSugarHistoryCrossPortal","","","tc4 (cleanup): Remove every blood sugar entry created by this suite",""
"broken","Sun Sep 13 05:10:33 UTC 2026","Sun Sep 13 05:10:57 UTC 2026","23644","tests.PlayWrightTests.CoachFacingPortal.Hub.Users.OverView","test_last_engaged","TestLastEngaged","","","test_last_engaged_reflects_activity[ai_meal_favorite]","Validates that performing 'ai_meal_favorite' on User portal updates Hub's last_engaged_at (Hub > Users > Overview) to reflect the action's own timestamp, within 15s tolerance."
"broken","Sun Sep 13 05:05:14 UTC 2026","Sun Sep 13 05:05:14 UTC 2026","0","tests.PlayWrightTests.CoachFacingPortal.Hub.Dashboard","test_trial_registration_and_count","TestTrialRegistrationChain","","","Given the Recently Joined table, when a sortable column header is clicked through its full cycle, then rows should sort, reverse, then reset",""
"failed","Sun Sep 13 03:45:24 UTC 2026","Sun Sep 13 03:45:25 UTC 2026","518","tests.PlayWrightTests.CoachFacingPortal.AllCohortDashboardGraphs","test_average_weightLossGraph","TestGraph_AverageWeightLossByCohort","","","To ensure the Avg weight loss graph lists all cohorts on Y-Axis when ALL filtered",""
"passed","Sun Sep 13 04:44:12 UTC 2026","Sun Sep 13 04:44:12 UTC 2026","8","tests.PlayWrightTests.CoachFacingPortal.UserData","test_patient_profile_demographic","TestPatientProfileDemographic","","","[customer admin] Demographic Profile - Validate Call Details labels for Call 1-6 and tracking notes",""
"passed","Sun Sep 13 04:51:00 UTC 2026","Sun Sep 13 04:51:04 UTC 2026","4182","tests.PlayWrightTests.CoachFacingPortal","test_Appointment_on_board","","","","test_TC011_join_by_habitnu_meet[chromium]","Join Now opens the meeting URL in a new tab."
"passed","Sun Sep 13 04:08:52 UTC 2026","Sun Sep 13 04:09:06 UTC 2026","13380","tests.PlayWrightTests.CoachFacingPortal.Hub.Users.Health","test_hba1c_history_widget","TestHba1cHistoryCrossPortal","","","tc2: Editing an HbA1c reading in the user portal is reflected in the Hub widget",""
"broken","Sun Sep 13 05:01:56 UTC 2026","Sun Sep 13 05:01:56 UTC 2026","0","tests.PlayWrightTests.CoachFacingPortal","test_direct_message","TestHeadCoachDMBadge","","","TC12 – Head Coach: notification count resets when DM menu is clicked","Badge must drop to 0 after opening the first DM conversation."
"passed","Sun Sep 13 04:38:09 UTC 2026","Sun Sep 13 04:38:13 UTC 2026","4429","tests.PlayWrightTests.CoachFacingPortal.UserData","test_allActivities","TestUserPlaywright","","","p11: Blood Sugar entry — cancel, close and save blood_sugar=111 with readingTime=Fasting — Expected: Entry saved successfully; graph and table visible",""
"passed","Sun Sep 13 04:58:39 UTC 2026","Sun Sep 13 04:58:40 UTC 2026","785","tests.PlayWrightTests.CoachFacingPortal","test_communication_logs","TestUserPlaywright","","","p3: Validate error messages appear when trying to send message without channel type","p3: Validate error messages appear when trying to send message without channel type"
"passed","Sun Sep 13 04:44:36 UTC 2026","Sun Sep 13 04:44:36 UTC 2026","15","tests.PlayWrightTests.CoachFacingPortal.UserData","test_patient_profile_demographic","TestPatientProfileDemographic","","","[coach] Disability Details - Select Remembering=Unknown and verify selected value persists",""
"passed","Sun Sep 13 04:10:05 UTC 2026","Sun Sep 13 04:10:20 UTC 2026","15132","tests.PlayWrightTests.CoachFacingPortal.Hub.Users.Health","test_physical_activity_history_widget","TestPhysicalActivityHistoryCrossPortal","","","tc1: Adding exercise in the user portal is reflected in the Hub widget (steps -> minutes)",""
"passed","Sun Sep 13 04:46:19 UTC 2026","Sun Sep 13 04:46:19 UTC 2026","2","tests.PlayWrightTests.CoachFacingPortal.UserData","test_patient_profile_demographic","TestPatientProfileDemographic","","","[coach] Personal Details - Update Race/Ethnicity Additional Info and verify persistence or coach restriction",""
"passed","Sun Sep 13 03:49:34 UTC 2026","Sun Sep 13 03:49:43 UTC 2026","9064","tests.PlayWrightTests.CoachFacingPortal.DiscussionForum","test_discussion_CA_role","TestDiscussionForumPage","","","Given I am logged in, I am validating File upload - subject only - error",""
"passed","Sun Sep 13 03:45:59 UTC 2026","Sun Sep 13 03:46:08 UTC 2026","9239","tests.PlayWrightTests.CoachFacingPortal.DSMEPARTICIPANT","test_dsme_participant_users","TestUserPlaywright","","","test_add_dsme_participant_user[chromium]",""
"passed","Sun Sep 13 05:16:17 UTC 2026","Sun Sep 13 05:16:17 UTC 2026","0","tests.PlayWrightTests.CoachFacingPortal.Hub.Users.Profile","test_hub_participant_profile","TestHubParticipantProfile","","","Given a fetched profile, when checking program/enrollment fields, then they should reflect the correct enrollment data",""
"passed","Sun Sep 13 04:37:58 UTC 2026","Sun Sep 13 04:38:00 UTC 2026","1481","tests.PlayWrightTests.CoachFacingPortal.UserData","test_allActivities","TestUserPlaywright","","","p6: HbA1c — Navigate to HbA1c card and verify graph is visible — Expected: HbA1c activity card and graph are rendered on the Activities page",""
"passed","Sun Sep 13 04:40:08 UTC 2026","Sun Sep 13 04:40:10 UTC 2026","1187","tests.PlayWrightTests.CoachFacingPortal.UserData","test_allActivities","TestUserPlaywright","","","p45: Blood sugar — Open list view from activity card — Expected: Blood sugar history table is displayed in list view",""
"passed","Sun Sep 13 03:50:42 UTC 2026","Sun Sep 13 03:50:47 UTC 2026","5059","tests.PlayWrightTests.CoachFacingPortal.DiscussionForum","test_discussion_CA_role","TestDiscussionForumPage","","","Given I am logged in, I am validating upload up to 5 files with Description - Success",""
"broken","Sun Sep 13 05:04:54 UTC 2026","Sun Sep 13 05:04:54 UTC 2026","0","tests.PlayWrightTests.CoachFacingPortal.Hub.Dashboard","test_sponsored_registration_and_count","TestSponsoredRegistrationChain","","","Given more than ten registered users, when the coach views Recently Joined, then it should show at most ten rows",""
"passed","Sun Sep 13 04:46:46 UTC 2026","Sun Sep 13 04:46:46 UTC 2026","4","tests.PlayWrightTests.CoachFacingPortal.UserData","test_patient_profile_demographic","TestPatientProfileDemographic","","","[coach] Personal Details - Update Preferred Name and verify persisted value or coach edit restriction",""
"passed","Sun Sep 13 03:49:14 UTC 2026","Sun Sep 13 03:49:19 UTC 2026","4158","tests.PlayWrightTests.CoachFacingPortal.DiscussionForum","test_discussion_CA_role","TestDiscussionForumPage","","","Given I am logged in, I am validating - Discussions module",""
"passed","Sun Sep 13 04:52:54 UTC 2026","Sun Sep 13 04:52:58 UTC 2026","3949","tests.PlayWrightTests.CoachFacingPortal","test_Appointment_on_board","","","","test_TC020_scrollable_month_list[chromium]","Page body must not stretch infinitely when many appointments are shown."
"passed","Sun Sep 13 04:39:46 UTC 2026","Sun Sep 13 04:39:47 UTC 2026","951","tests.PlayWrightTests.CoachFacingPortal.UserData","test_allActivities","TestUserPlaywright","","","p38: HbA1c list view — Click Export and verify CSV file is downloaded and non-empty — Expected: CSV file downloaded successfully with file size > 0",""
"failed","Sun Sep 13 05:00:08 UTC 2026","Sun Sep 13 05:00:09 UTC 2026","1464","tests.PlayWrightTests.CoachFacingPortal","test_communication_logs","TestUserPlaywright","","","p6: Send a Push Notification message and verify that the status changes from 'Pending' to 'Completed'. Also validate the date and time format and verify the content and status color.","p6: Send a Push Notification message and verify status changes from Pending to Complete within 1 minute"
"passed","Sun Sep 13 03:44:48 UTC 2026","Sun Sep 13 03:45:03 UTC 2026","15029","tests.PlayWrightTests.CoachFacingPortal.AllCohortDashboardGraphs","test_additionalSummaryGraph","TestGraphAdditionalSummary","","","To ensure attendance date updates when session is present for onlineCohorts",""
"passed","Sun Sep 13 04:57:01 UTC 2026","Sun Sep 13 04:57:04 UTC 2026","3082","tests.PlayWrightTests.CoachFacingPortal","test_coaches_blood_sugar_notes","TestCoachesActivityBloodSugar","","","test_blood_sugar_list_shows_entries_with_notes[chromium]","Clicking the fa-bars list button on the Blood Sugar card shows entries with notes."
"passed","Sun Sep 13 04:39:53 UTC 2026","Sun Sep 13 04:39:58 UTC 2026","5062","tests.PlayWrightTests.CoachFacingPortal.UserData","test_allActivities","TestUserPlaywright","","","p41: Tobacco count list view — Add new entry tobacco_count=3 via list form (cancel → close → save flow) — Expected: Entry saved successfully via list view add form",""
"passed","Sun Sep 13 04:44:12 UTC 2026","Sun Sep 13 04:44:12 UTC 2026","8","tests.PlayWrightTests.CoachFacingPortal.UserData","test_patient_profile_demographic","TestPatientProfileDemographic","","","[customer admin] Demographic Profile - Validate Scale Order Details section shows shipping status field",""
"passed","Sun Sep 13 05:17:25 UTC 2026","Sun Sep 13 05:17:25 UTC 2026","0","tests.PlayWrightTests.CoachFacingPortal.Hub.Users.communication","test_communication_notification_chain","TestCommunicationNotificationChain","","","Given a notification was marked read, when the unread count is checked, then it should have decreased",""
"passed","Sun Sep 13 04:55:22 UTC 2026","Sun Sep 13 04:55:25 UTC 2026","3139","tests.PlayWrightTests.CoachFacingPortal","test_coach_payer_type","TestPayerType","","","test_limited_payer_charge_entry_form[chromium]",""
"passed","Sun Sep 13 04:06:07 UTC 2026","Sun Sep 13 04:06:20 UTC 2026","12970","tests.PlayWrightTests.CoachFacingPortal.Hub.Users.Health","test_blood_pressure_history_widget","TestBloodPressureHistoryCrossPortal","","","tc3: Deleting a blood pressure reading in the user portal is reflected in the Hub widget",""
"failed","Sun Sep 13 04:43:24 UTC 2026","Sun Sep 13 04:43:24 UTC 2026","243","tests.PlayWrightTests.CoachFacingPortal.UserData","test_patient_profile_demographic","TestPatientProfileDemographic","","","[customer admin] Program Details - Toggle Confirmed By Coach to False and verify timestamp is generated/recent",""
"passed","Sun Sep 13 05:17:25 UTC 2026","Sun Sep 13 05:17:25 UTC 2026","1","tests.PlayWrightTests.CoachFacingPortal.Hub.Users.communication","test_communication_notification_chain","TestCommunicationNotificationChain","","","Given the user logs into portal B, when notifications are fetched, then the sent push notification should be present and unread",""
"passed","Sun Sep 13 04:58:23 UTC 2026","Sun Sep 13 04:58:39 UTC 2026","16061","tests.PlayWrightTests.CoachFacingPortal","test_communication_logs","TestUserPlaywright","","","p2: Access communication logs for a specific user in a cohort and validate table headers","p2: Access communication logs for a specific user in a cohort and validate table headers"
"passed","Sun Sep 13 04:54:26 UTC 2026","Sun Sep 13 04:54:26 UTC 2026","58","tests.PlayWrightTests.CoachFacingPortal","test_coach_direct_message","TestUserPlaywright","","","p3: Navigate to Direct Message section",""
"passed","Sun Sep 13 04:44:22 UTC 2026","Sun Sep 13 04:44:22 UTC 2026","3","tests.PlayWrightTests.CoachFacingPortal.UserData","test_patient_profile_demographic","TestPatientProfileDemographic","","","[coach] CDC Details - Update enrollment/risk/education fields and verify successful update toast",""
"passed","Sun Sep 13 03:49:25 UTC 2026","Sun Sep 13 03:49:34 UTC 2026","9045","tests.PlayWrightTests.CoachFacingPortal.DiscussionForum","test_discussion_CA_role","TestDiscussionForumPage","","","Given I am logged in, I am validating File upload - error",""
"broken","Sun Sep 13 05:05:14 UTC 2026","Sun Sep 13 05:05:14 UTC 2026","0","tests.PlayWrightTests.CoachFacingPortal.Hub.Dashboard","test_trial_registration_and_count","TestTrialRegistrationChain","","","Given a baseline trial count from portal B, when a new trial user completes onboarding, then trial count should increment",""
"passed","Sun Sep 13 04:58:11 UTC 2026","Sun Sep 13 04:58:22 UTC 2026","11158","tests.PlayWrightTests.CoachFacingPortal","test_coaches_discussion","TestCoachesDiscussionEmoji","","","test_coachdiscuss_onhover_allemoji[chromium]",""
"passed","Sun Sep 13 04:14:56 UTC 2026","Sun Sep 13 04:14:57 UTC 2026","1292","tests.PlayWrightTests.CoachFacingPortal.Hub.Users.NotesFiles","test_notes_files_tab","TestNotesFilesTab","","","tc3: Adding a note via the UI shows it in the Notes list with the correct author and date",""
"broken","Sun Sep 13 04:33:27 UTC 2026","Sun Sep 13 04:33:37 UTC 2026","10001","tests.PlayWrightTests.CoachFacingPortal.UserData","test_PatientProfileHealthProviders","TestPatientProfileHealthProviders","","","Remove the health provider as final cleanup and verify it is deleted",""
"broken","Sun Sep 13 05:02:56 UTC 2026","Sun Sep 13 05:03:11 UTC 2026","15000","tests.PlayWrightTests.CoachFacingPortal","test_dsme_claims","TestDSMEClaims","","","test_submit_claim_and_view_history[chromium]","Submit the recently saved claim and verify claim history contains entries."
"passed","Sun Sep 13 03:44:35 UTC 2026","Sun Sep 13 03:44:39 UTC 2026","4526","tests.PlayWrightTests.CoachFacingPortal.AllCohortDashboardGraphs","test_additionalSummaryGraph","TestGraphAdditionalSummary","","","To ensure the assigned coach is shown correctly",""
"passed","Sun Sep 13 03:44:12 UTC 2026","Sun Sep 13 03:44:12 UTC 2026","10","tests.PlayWrightTests.CoachFacingPortal.AllCohortDashboardGraphs","test_additionalSummaryGraph","TestGraphAdditionalSummary","","","To ensure the summary table headers are correct",""
"broken","Sun Sep 13 05:04:54 UTC 2026","Sun Sep 13 05:04:54 UTC 2026","0","tests.PlayWrightTests.CoachFacingPortal.Hub.Dashboard","test_sponsored_registration_and_count","TestSponsoredRegistrationChain","","","Given valid sponsored user data, when registered, then registration should return a token and success message",""
"broken","Sun Sep 13 05:01:57 UTC 2026","Sun Sep 13 05:01:57 UTC 2026","0","tests.PlayWrightTests.CoachFacingPortal","test_direct_message","TestHeadCoachDMBadge","","","TC13 – Head Coach: count decrements when an individual message is read","Badge count must decrease after opening one conversation."
"passed","Sun Sep 13 05:13:28 UTC 2026","Sun Sep 13 05:13:43 UTC 2026","15500","tests.PlayWrightTests.CoachFacingPortal.Hub.Users.OverView","test_last_engaged","TestLastEngaged","","","test_last_engaged_reflects_activity[habit_not_done]","Validates that performing 'habit_not_done' on User portal updates Hub's last_engaged_at (Hub > Users > Overview) to reflect the action's own timestamp, within 15s tolerance."
"passed","Sun Sep 13 04:43:23 UTC 2026","Sun Sep 13 04:43:24 UTC 2026","118","tests.PlayWrightTests.CoachFacingPortal.UserData","test_patient_profile_demographic","TestPatientProfileDemographic","","","[coach] Demographic Profile - Validate Program Details labels and presence of Confirmed By Coach/Participant controls",""
"broken","Sun Sep 13 04:32:11 UTC 2026","Sun Sep 13 04:32:41 UTC 2026","30001","tests.PlayWrightTests.CoachFacingPortal.Milestones","test_ibc_milestone","TestIBC_Milestone","","","validate when user add C1==1, meal==1, PA==1, weight==1, then week1 circle should turn green indicating success state",""
"passed","Sun Sep 13 05:14:53 UTC 2026","Sun Sep 13 05:15:01 UTC 2026","7570","tests.PlayWrightTests.CoachFacingPortal.Hub.Users.OverView","test_last_engaged","TestLastEngaged","","","test_last_engaged_unchanged_for_activity[weight_target_edit]","Validates that performing 'weight_target_edit' on User portal does NOT change Hub's last_engaged_at (Hub > Users > Overview) — the card must retain its previous value."
"passed","Sun Sep 13 04:23:16 UTC 2026","Sun Sep 13 04:23:28 UTC 2026","12329","tests.PlayWrightTests.CoachFacingPortal.LogClassSession","test_logClass","TestLogClassSession","","","Verify coach can save log class session by adding weight, attendance date, PA and LF",""
"passed","Sun Sep 13 05:00:09 UTC 2026","Sun Sep 13 05:00:21 UTC 2026","11760","tests.PlayWrightTests.CoachFacingPortal","test_communication_logs","TestUserPlaywright","","","p7: Login to web app with chef user credentials in a new tab and validate push notifications","p7: Login to web app with chef user credentials in a new tab and validate push notifications"
"passed","Sun Sep 13 05:06:52 UTC 2026","Sun Sep 13 05:07:08 UTC 2026","15857","tests.PlayWrightTests.CoachFacingPortal.Hub.Users.OverView","test_last_engaged","TestLastEngaged","","","test_last_engaged_reflects_activity[blood_pressure_edit]","Validates that performing 'blood_pressure_edit' on User portal updates Hub's last_engaged_at (Hub > Users > Overview) to reflect the action's own timestamp, within 15s tolerance."
"broken","Sun Sep 13 05:04:54 UTC 2026","Sun Sep 13 05:04:54 UTC 2026","0","tests.PlayWrightTests.CoachFacingPortal.Hub.Dashboard","test_sponsored_registration_and_count","TestSponsoredRegistrationChain","","","Given the Hub dashboard tiles, when each info icon is hovered, then it should display the expected tooltip text",""
"broken","Sun Sep 13 04:25:35 UTC 2026","Sun Sep 13 04:26:05 UTC 2026","30001","tests.PlayWrightTests.CoachFacingPortal.Milestones","test_cdc_milestone","TestCDCMilestone","","","Functionality: log sessions 21-26 and verify core + maintenance split",""
"passed","Sun Sep 13 05:09:07 UTC 2026","Sun Sep 13 05:09:22 UTC 2026","14950","tests.PlayWrightTests.CoachFacingPortal.Hub.Users.OverView","test_last_engaged","TestLastEngaged","","","test_last_engaged_reflects_activity[tobacco_delete]","Validates that performing 'tobacco_delete' on User portal updates Hub's last_engaged_at (Hub > Users > Overview) to reflect the action's own timestamp, within 15s tolerance."
"broken","Sun Sep 13 05:04:54 UTC 2026","Sun Sep 13 05:04:54 UTC 2026","0","tests.PlayWrightTests.CoachFacingPortal.Hub.Dashboard","test_sponsored_registration_and_count","TestSponsoredRegistrationChain","","","Given a baseline registered count from portal B, when a new sponsored user completes onboarding, then registered count should increment",""
"broken","Sun Sep 13 04:43:48 UTC 2026","Sun Sep 13 04:44:08 UTC 2026","20001","tests.PlayWrightTests.CoachFacingPortal.UserData","test_patient_profile_demographic","TestPatientProfileDemographic","","","[coach] Contact Details - Update phone fields and verify successful update toast",""
"passed","Sun Sep 13 04:57:04 UTC 2026","Sun Sep 13 04:57:11 UTC 2026","7351","tests.PlayWrightTests.CoachFacingPortal","test_coaches_blood_sugar_notes","TestCoachesActivityBloodSugar","","","test_add_blood_sugar_notes_for_all_reading_types[chromium]","Coach adds blood sugar entries for Fasting, Before Meal, After Meal with notes and validates in table."
"passed","Sun Sep 13 04:53:10 UTC 2026","Sun Sep 13 04:53:15 UTC 2026","4756","tests.PlayWrightTests.CoachFacingPortal","test_Appointment_on_board","","","","test_TC024_exact_midnight_boundary[chromium]","A 12:00 AM meeting seeded for tomorrow must appear in the This Week list."
"broken","Sun Sep 13 04:08:25 UTC 2026","Sun Sep 13 04:08:25 UTC 2026","360","tests.PlayWrightTests.CoachFacingPortal.Hub.Users.Health","test_currentVitals","TestCurrentVitalsCrossPortal","","","tc2: Current Vitals Height tile matches the height reported by the Hub's own participant health API",""
"passed","Sun Sep 13 05:16:25 UTC 2026","Sun Sep 13 05:17:25 UTC 2026","60001","tests.PlayWrightTests.CoachFacingPortal.Hub.Users.communication","test_communication_notification_chain","TestCommunicationNotificationChain","","","Given a communication was created, when the participant's communication list is fetched, then it should contain the created communication",""
"passed","Sun Sep 13 04:39:48 UTC 2026","Sun Sep 13 04:39:53 UTC 2026","4768","tests.PlayWrightTests.CoachFacingPortal.UserData","test_allActivities","TestUserPlaywright","","","p40: Tobacco count list view — Edit today's entry and update tobacco_count=6 — Expected: Entry updated and saved successfully in list view",""
"broken","Sun Sep 13 04:34:35 UTC 2026","Sun Sep 13 04:34:55 UTC 2026","20001","tests.PlayWrightTests.CoachFacingPortal.UserData","test_PatientProfilePayerType","TestPatientProfilePayerType","","","Verify adding NDPP and Medicare payer types, validating selection error and successful save",""
"broken","Sun Sep 13 05:05:14 UTC 2026","Sun Sep 13 05:05:14 UTC 2026","0","tests.PlayWrightTests.CoachFacingPortal.Hub.Dashboard","test_trial_registration_and_count","TestTrialRegistrationChain","","","Given the Outcomes > Users by Group donut, when all segments are read, then their percentages should sum to 100%",""
"passed","Sun Sep 13 04:22:16 UTC 2026","Sun Sep 13 04:22:21 UTC 2026","4068","tests.PlayWrightTests.CoachFacingPortal.LogClassSession","test_logClass","TestLogClassSession","","","Verify coach can Search Participant By ID in log class session page",""
"passed","Sun Sep 13 04:44:31 UTC 2026","Sun Sep 13 04:44:35 UTC 2026","4621","tests.PlayWrightTests.CoachFacingPortal.UserData","test_patient_profile_demographic","TestPatientProfileDemographic","","","[coach] Disability Details - Select Hearing=Yes and verify selected value persists",""
"passed","Sun Sep 13 03:44:12 UTC 2026","Sun Sep 13 03:44:12 UTC 2026","336","tests.PlayWrightTests.CoachFacingPortal.AllCohortDashboardGraphs","test_additionalSummaryGraph","TestGraphAdditionalSummary","","","To ensure the Program Week is calculated correctly",""
"broken","Sun Sep 13 04:19:50 UTC 2026","Sun Sep 13 04:20:25 UTC 2026","35002","tests.PlayWrightTests.CoachFacingPortal.Learn","test_user_assignment","TestLearn","","","validate default course image is displayed for courses poster if not uploaded",""
"passed","Sun Sep 13 04:43:07 UTC 2026","Sun Sep 13 04:43:23 UTC 2026","16457","tests.PlayWrightTests.CoachFacingPortal.UserData","test_patient_profile_demographic","TestPatientProfileDemographic","","","[coach] Demographic Profile - Validate Personal Details section renders all expected labels in correct order",""
"broken","Sun Sep 13 05:05:14 UTC 2026","Sun Sep 13 05:05:14 UTC 2026","0","tests.PlayWrightTests.CoachFacingPortal.Hub.Dashboard","test_trial_registration_and_count","TestTrialRegistrationChain","","","Given the disenrolled trial user, when the coach views the Hub dashboard, then the Lapsed / Disenrolled tile should reflect the disenrollment",""
"passed","Sun Sep 13 03:48:56 UTC 2026","Sun Sep 13 03:49:00 UTC 2026","4611","tests.PlayWrightTests.CoachFacingPortal.DSMEPARTICIPANT","test_sessiontab_users","TestUserPlaywright","","","test_coach_login_dsme_cohort[chromium]",""
"passed","Sun Sep 13 04:58:40 UTC 2026","Sun Sep 13 04:59:17 UTC 2026","36610","tests.PlayWrightTests.CoachFacingPortal","test_communication_logs","TestUserPlaywright","","","p4: Send an email and verify that the status changes from 'Pending' to 'Completed'. Also validate the date and time format and verify the content and status color.","p4: Send a message and verify status changes from Pending to Complete within 1 minute"
"broken","Sun Sep 13 04:33:12 UTC 2026","Sun Sep 13 04:33:22 UTC 2026","10002","tests.PlayWrightTests.CoachFacingPortal.UserData","test_PatientProfileHealthProviders","TestPatientProfileHealthProviders","","","Verify editing a health provider's Practice Name details and checking updates reflect in the table",""
"passed","Sun Sep 13 04:44:09 UTC 2026","Sun Sep 13 04:44:09 UTC 2026","17","tests.PlayWrightTests.CoachFacingPortal.UserData","test_patient_profile_demographic","TestPatientProfileDemographic","","","[customer admin] Demographic Profile - Validate Address Details section label set",""
"broken","Sun Sep 13 04:16:48 UTC 2026","Sun Sep 13 04:17:21 UTC 2026","33399","tests.PlayWrightTests.CoachFacingPortal.Learn","test_user_assignment","TestLearn","","","validate Admin should be able to assign courses on user level",""
"passed","Sun Sep 13 05:13:59 UTC 2026","Sun Sep 13 05:14:14 UTC 2026","15179","tests.PlayWrightTests.CoachFacingPortal.Hub.Users.OverView","test_last_engaged","TestLastEngaged","","","test_last_engaged_reflects_activity[habit_archive]","Validates that performing 'habit_archive' on User portal updates Hub's last_engaged_at (Hub > Users > Overview) to reflect the action's own timestamp, within 15s tolerance."
"broken","Sun Sep 13 04:21:25 UTC 2026","Sun Sep 13 04:21:55 UTC 2026","30001","tests.PlayWrightTests.CoachFacingPortal.Learn","test_user_assignment","TestLearn","","","validate click through multiple courses and verify breadcrumb of course 2",""
"passed","Sun Sep 13 04:47:16 UTC 2026","Sun Sep 13 04:47:16 UTC 2026","2","tests.PlayWrightTests.CoachFacingPortal.UserData","test_patient_profile_demographic","TestPatientProfileDemographic","","","[coach] Personal Details - Update Sex at Birth dropdown and verify stored value or coach restriction",""
"passed","Sun Sep 13 04:39:47 UTC 2026","Sun Sep 13 04:39:48 UTC 2026","1170","tests.PlayWrightTests.CoachFacingPortal.UserData","test_allActivities","TestUserPlaywright","","","p39: Tobacco count — Open list view from activity card — Expected: Tobacco count history table is displayed in list view",""
"passed","Sun Sep 13 05:16:17 UTC 2026","Sun Sep 13 05:16:17 UTC 2026","0","tests.PlayWrightTests.CoachFacingPortal.Hub.Users.Profile","test_hub_participant_profile","TestHubParticipantProfile","","","Given a participant id from search, when fetching the profile, then the profile id should match the participant id",""
"passed","Sun Sep 13 04:41:45 UTC 2026","Sun Sep 13 04:41:51 UTC 2026","5563","tests.PlayWrightTests.CoachFacingPortal.UserData","test_disenrollment","TestDisenrollment_demographicPage","","","Update Disenrollment Details With Only Reason",""
"passed","Sun Sep 13 04:38:49 UTC 2026","Sun Sep 13 04:38:53 UTC 2026","3984","tests.PlayWrightTests.CoachFacingPortal.UserData","test_allActivities","TestUserPlaywright","","","p24: Weight list view — Apply date filter from 1st of current month to today — Expected: start_date <= end_date and filtered entries are shown",""
"broken","Sun Sep 13 05:05:14 UTC 2026","Sun Sep 13 05:05:14 UTC 2026","0","tests.PlayWrightTests.CoachFacingPortal.Hub.Dashboard","test_trial_registration_and_count","TestTrialRegistrationChain","","","Given the final cohorts-aggregate response, when checked, then it should contain valid registered count data",""
"broken","Sun Sep 13 05:01:59 UTC 2026","Sun Sep 13 05:01:59 UTC 2026","0","tests.PlayWrightTests.CoachFacingPortal","test_direct_message","TestHeadCoachDMBadge","","","TC21 – Head Coach: notification count loads correctly after hard reload","Badge count must survive a hard (cache-bypassing) reload."
"passed","Sun Sep 13 05:15:45 UTC 2026","Sun Sep 13 05:15:53 UTC 2026","7400","tests.PlayWrightTests.CoachFacingPortal.Hub.Users.OverView","test_last_engaged","TestLastEngaged","","","test_last_engaged_unchanged_for_activity[garmin_sync_auto]","Validates that performing 'garmin_sync_auto' on User portal does NOT change Hub's last_engaged_at (Hub > Users > Overview) — the card must retain its previous value."
"passed","Sun Sep 13 04:07:50 UTC 2026","Sun Sep 13 04:08:01 UTC 2026","11327","tests.PlayWrightTests.CoachFacingPortal.Hub.Users.Health","test_blood_sugar_history_widget","TestBloodSugarHistoryCrossPortal","","","tc3: Deleting a blood sugar reading in the user portal is reflected in the Hub widget",""
"passed","Sun Sep 13 03:46:14 UTC 2026","Sun Sep 13 03:46:24 UTC 2026","10483","tests.PlayWrightTests.CoachFacingPortal.DSMEPARTICIPANT","test_dsme_participant_users","TestUserPlaywright","","","test_update_dsme_participant_status[chromium]",""
"failed","Sun Sep 13 04:47:16 UTC 2026","Sun Sep 13 04:47:44 UTC 2026","28004","tests.PlayWrightTests.CoachFacingPortal.UserData","test_patient_profile_demographic","TestPatientProfileDemographic","","","[customer admin] Personal Details - Update Current Gender dropdown and verify stored value or coach restriction",""
"broken","Sun Sep 13 05:01:57 UTC 2026","Sun Sep 13 05:01:57 UTC 2026","0","tests.PlayWrightTests.CoachFacingPortal","test_direct_message","TestHeadCoachDMBadge","","","TC14 – Head Coach: notification count remains correct after page refresh","Badge count must survive a page refresh."
"failed","Sun Sep 13 04:45:27 UTC 2026","Sun Sep 13 04:45:52 UTC 2026","25493","tests.PlayWrightTests.CoachFacingPortal.UserData","test_patient_profile_demographic","TestPatientProfileDemographic","","","[customer admin] Personal Details - Update Last Name and verify persisted value or coach edit restriction",""
"passed","Sun Sep 13 04:08:26 UTC 2026","Sun Sep 13 04:08:27 UTC 2026","997","tests.PlayWrightTests.CoachFacingPortal.Hub.Users.Health","test_currentVitals","TestCurrentVitalsCrossPortal","","","tc4 (cleanup): Remove the weight entry created by this suite",""
"passed","Sun Sep 13 05:05:19 UTC 2026","Sun Sep 13 05:05:28 UTC 2026","9165","tests.PlayWrightTests.CoachFacingPortal.Hub.Users.OverView","test_last_engaged","TestLastEngaged","","","test_last_engaged_reflects_activity[weight_add]","Validates that performing 'weight_add' on User portal updates Hub's last_engaged_at (Hub > Users > Overview) to reflect the action's own timestamp, within 15s tolerance."
"broken","Sun Sep 13 05:01:55 UTC 2026","Sun Sep 13 05:01:55 UTC 2026","0","tests.PlayWrightTests.CoachFacingPortal","test_direct_message","TestHeadCoachDMBadge","","","TC09 – Head Coach: tooltip is displayed on badge hover","Tooltip must appear when hovering the DM badge."
"broken","Sun Sep 13 05:04:54 UTC 2026","Sun Sep 13 05:04:54 UTC 2026","0","tests.PlayWrightTests.CoachFacingPortal.Hub.Dashboard","test_sponsored_registration_and_count","TestSponsoredRegistrationChain","","","Given the Recently Joined table, when a sortable column header is clicked through its full cycle, then rows should sort, reverse, then reset",""
"passed","Sun Sep 13 03:49:20 UTC 2026","Sun Sep 13 03:49:20 UTC 2026","56","tests.PlayWrightTests.CoachFacingPortal.DiscussionForum","test_discussion_CA_role","TestDiscussionForumPage","","","Given I am logged in, I am validating Mandatory fields - Subject only",""
"broken","Sun Sep 13 05:01:59 UTC 2026","Sun Sep 13 05:01:59 UTC 2026","0","tests.PlayWrightTests.CoachFacingPortal","test_direct_message","TestHeadCoachDMBadge","","","TC19 – Head Coach: badge color follows design visibility standards","Badge background must not be transparent or white."
"passed","Sun Sep 13 04:15:07 UTC 2026","Sun Sep 13 04:15:09 UTC 2026","1103","tests.PlayWrightTests.CoachFacingPortal.Hub.Users.NotesFiles","test_notes_files_tab","TestNotesFilesTab","","","tc9 (cleanup): Deleting the uploaded file via the UI removes it from the Files list",""
"passed","Sun Sep 13 05:08:28 UTC 2026","Sun Sep 13 05:08:43 UTC 2026","15080","tests.PlayWrightTests.CoachFacingPortal.Hub.Users.OverView","test_last_engaged","TestLastEngaged","","","test_last_engaged_reflects_activity[hba1c_delete]","Validates that performing 'hba1c_delete' on User portal updates Hub's last_engaged_at (Hub > Users > Overview) to reflect the action's own timestamp, within 15s tolerance."
"passed","Sun Sep 13 04:53:19 UTC 2026","Sun Sep 13 04:53:23 UTC 2026","3961","tests.PlayWrightTests.CoachFacingPortal","test_Appointment_on_board","","","","test_TC025_badge_counts_overnight_sessions[chromium]","Badge count must equal the number of visible cards (including overnight sessions)."
"passed","Sun Sep 13 03:57:00 UTC 2026","Sun Sep 13 03:57:00 UTC 2026","423","tests.PlayWrightTests.CoachFacingPortal.DiscussionForum","test_discussion_coachRole","TestDiscussionForumPage","","","Given I am logged in, I am validating Edit Post - Close button",""
"broken","Sun Sep 13 05:04:54 UTC 2026","Sun Sep 13 05:04:54 UTC 2026","0","tests.PlayWrightTests.CoachFacingPortal.Hub.Dashboard","test_sponsored_registration_and_count","TestSponsoredRegistrationChain","","","Given the Hub dashboard, when the coach views the Tier 1 / Tier 2 tile, then it should match the API paid tier counts",""
"broken","Sun Sep 13 05:04:54 UTC 2026","Sun Sep 13 05:04:54 UTC 2026","0","tests.PlayWrightTests.CoachFacingPortal.Hub.Dashboard","test_sponsored_registration_and_count","TestSponsoredRegistrationChain","","","Given the Outcomes > Subscription Mix donut, when all segments are read, then their percentages should sum to 100%",""
"broken","Sun Sep 13 05:01:56 UTC 2026","Sun Sep 13 05:01:56 UTC 2026","0","tests.PlayWrightTests.CoachFacingPortal","test_direct_message","TestHeadCoachDMBadge","","","TC11 – Head Coach: badge count and tooltip count match exactly","Badge count and tooltip numeric value must match."
"broken","Sun Sep 13 05:04:54 UTC 2026","Sun Sep 13 05:04:54 UTC 2026","0","tests.PlayWrightTests.CoachFacingPortal.Hub.Dashboard","test_sponsored_registration_and_count","TestSponsoredRegistrationChain","","","Given the Recently Joined table, when a sortable column header is clicked through its full cycle, then rows should sort, reverse, then reset",""
"broken","Sun Sep 13 05:05:14 UTC 2026","Sun Sep 13 05:05:14 UTC 2026","0","tests.PlayWrightTests.CoachFacingPortal.Hub.Dashboard","test_trial_registration_and_count","TestTrialRegistrationChain","","","Given a registered trial user, when profile is submitted, then profile should reflect trial subscription status",""
"passed","Sun Sep 13 04:18:27 UTC 2026","Sun Sep 13 04:19:27 UTC 2026","60903","tests.PlayWrightTests.CoachFacingPortal.Learn","test_user_assignment","TestLearn","","","validate user assigned course takes precedence over cohort assigned course",""
"passed","Sun Sep 13 03:51:48 UTC 2026","Sun Sep 13 03:51:49 UTC 2026","738","tests.PlayWrightTests.CoachFacingPortal.DiscussionForum","test_discussion_CA_role","TestDiscussionForumPage","","","Given I am logged in, I am validating Edit Post - Subject only - Update - Success",""
"passed","Sun Sep 13 04:58:02 UTC 2026","Sun Sep 13 04:58:11 UTC 2026","9696","tests.PlayWrightTests.CoachFacingPortal","test_coaches_discussion","TestCoachesDiscussionEmoji","","","test_coachdiscuss_emoji[chromium]",""
"passed","Sun Sep 13 03:55:45 UTC 2026","Sun Sep 13 03:55:50 UTC 2026","5046","tests.PlayWrightTests.CoachFacingPortal.DiscussionForum","test_discussion_coachRole","TestDiscussionForumPage","","","Given I am logged in, I am validating upload up to 5 files with Description - Success",""
"broken","Sun Sep 13 04:33:02 UTC 2026","Sun Sep 13 04:33:12 UTC 2026","10001","tests.PlayWrightTests.CoachFacingPortal.UserData","test_PatientProfileHealthProviders","TestPatientProfileHealthProviders","","","Verify successfully deleting a health provider from patient profile listing",""
"broken","Sun Sep 13 03:47:39 UTC 2026","Sun Sep 13 03:48:15 UTC 2026","36656","tests.PlayWrightTests.CoachFacingPortal.DSMEPARTICIPANT","test_dsme_participant_users","TestUserPlaywright","","","test_verify_coach_interaction_after_session_completion[chromium]",""
"passed","Sun Sep 13 04:38:41 UTC 2026","Sun Sep 13 04:38:42 UTC 2026","1369","tests.PlayWrightTests.CoachFacingPortal.UserData","test_allActivities","TestUserPlaywright","","","p20: Activities — Click Export and verify CSV file is downloaded and non-empty — Expected: CSV file downloaded successfully with file size > 0",""
"failed","Sun Sep 13 04:45:53 UTC 2026","Sun Sep 13 04:46:19 UTC 2026","26495","tests.PlayWrightTests.CoachFacingPortal.UserData","test_patient_profile_demographic","TestPatientProfileDemographic","","","[customer admin] Personal Details - Update Race/Ethnicity Additional Info and verify persistence or coach restriction",""
"broken","Sun Sep 13 05:04:54 UTC 2026","Sun Sep 13 05:04:54 UTC 2026","0","tests.PlayWrightTests.CoachFacingPortal.Hub.Dashboard","test_sponsored_registration_and_count","TestSponsoredRegistrationChain","","","Given the API's group breakdown, when the coach views Outcomes > Users by Group, then the Sponsored segment should match",""
"broken","Sun Sep 13 05:04:54 UTC 2026","Sun Sep 13 05:04:54 UTC 2026","0","tests.PlayWrightTests.CoachFacingPortal.Hub.Dashboard","test_sponsored_registration_and_count","TestSponsoredRegistrationChain","","","Given a registered sponsored user, when profile is submitted, then profile should reflect sponsored subscription status",""
"passed","Sun Sep 13 03:51:58 UTC 2026","Sun Sep 13 03:51:59 UTC 2026","433","tests.PlayWrightTests.CoachFacingPortal.DiscussionForum","test_discussion_CA_role","TestDiscussionForumPage","","","Given I am logged in, I am validating Edit Post - Close button",""
"passed","Sun Sep 13 05:09:22 UTC 2026","Sun Sep 13 05:10:07 UTC 2026","44463","tests.PlayWrightTests.CoachFacingPortal.Hub.Users.OverView","test_last_engaged","TestLastEngaged","","","test_last_engaged_reflects_activity[chatbot_send_message]","Validates that performing 'chatbot_send_message' on User portal updates Hub's last_engaged_at (Hub > Users > Overview) to reflect the action's own timestamp, within 15s tolerance."
"passed","Sun Sep 13 04:49:17 UTC 2026","Sun Sep 13 04:49:18 UTC 2026","681","tests.PlayWrightTests.CoachFacingPortal.UserData","test_water","TestUserPlaywright","","","p1: Login to coach portal with valid credentials",""
"passed","Sun Sep 13 04:55:01 UTC 2026","Sun Sep 13 04:55:04 UTC 2026","2682","tests.PlayWrightTests.CoachFacingPortal","test_coach_direct_message","TestUserPlaywright","","","p11: Navigate to DailyStandUp_Cohort, open Direct Message, hover user and validate email tooltip",""
"broken","Sun Sep 13 05:05:14 UTC 2026","Sun Sep 13 05:05:14 UTC 2026","0","tests.PlayWrightTests.CoachFacingPortal.Hub.Dashboard","test_trial_registration_and_count","TestTrialRegistrationChain","","","Given the new user's fixed onboarding answers, when the coach views Demographics, then each matching segment should increment by one",""
"failed","Sun Sep 13 04:38:08 UTC 2026","Sun Sep 13 04:38:09 UTC 2026","927","tests.PlayWrightTests.CoachFacingPortal.UserData","test_allActivities","TestUserPlaywright","","","p10: Tobacco API — Verify tobacco_count=5 saved in p9 is the latest entry — Expected: GET /tobacco_counts latest entry has value=5",""
"broken","Sun Sep 13 05:01:58 UTC 2026","Sun Sep 13 05:01:58 UTC 2026","0","tests.PlayWrightTests.CoachFacingPortal","test_direct_message","TestHeadCoachDMBadge","","","TC17 – Head Coach: badge is properly aligned on the DM nav item","Badge must be adjacent to the nav item (within 50 px)."
"passed","Sun Sep 13 04:38:42 UTC 2026","Sun Sep 13 04:38:44 UTC 2026","1798","tests.PlayWrightTests.CoachFacingPortal.UserData","test_allActivities","TestUserPlaywright","","","p22: Weight list view — Edit today's entry and update weight to 80 — Expected: Entry updated and saved successfully in list view",""
"passed","Sun Sep 13 05:14:14 UTC 2026","Sun Sep 13 05:14:31 UTC 2026","16655","tests.PlayWrightTests.CoachFacingPortal.Hub.Users.OverView","test_last_engaged","TestLastEngaged","","","test_last_engaged_reflects_activity[habit_unarchive]","Validates that performing 'habit_unarchive' on User portal updates Hub's last_engaged_at (Hub > Users > Overview) to reflect the action's own timestamp, within 15s tolerance."
"passed","Sun Sep 13 03:54:23 UTC 2026","Sun Sep 13 03:54:23 UTC 2026","58","tests.PlayWrightTests.CoachFacingPortal.DiscussionForum","test_discussion_coachRole","TestDiscussionForumPage","","","Given I am logged in, I am validating Mandatory fields - Subject only",""
"passed","Sun Sep 13 04:38:28 UTC 2026","Sun Sep 13 04:38:41 UTC 2026","12455","tests.PlayWrightTests.CoachFacingPortal.UserData","test_allActivities","TestUserPlaywright","","","p19: Activities — Apply date filter for current month across all 6 activities and validate API entries — Expected: All returned API entries have dates within the selected month range",""
"passed","Sun Sep 13 05:11:40 UTC 2026","Sun Sep 13 05:11:48 UTC 2026","8023","tests.PlayWrightTests.CoachFacingPortal.Hub.Users.OverView","test_last_engaged","TestLastEngaged","","","test_last_engaged_reflects_activity[discussion_create]","Validates that performing 'discussion_create' on User portal updates Hub's last_engaged_at (Hub > Users > Overview) to reflect the action's own timestamp, within 15s tolerance."
"passed","Sun Sep 13 04:58:23 UTC 2026","Sun Sep 13 04:58:23 UTC 2026","619","tests.PlayWrightTests.CoachFacingPortal","test_communication_logs","TestUserPlaywright","","","p1: Login to coach portal with valid credentials",""
"broken","Sun Sep 13 05:05:14 UTC 2026","Sun Sep 13 05:05:14 UTC 2026","0","tests.PlayWrightTests.CoachFacingPortal.Hub.Dashboard","test_trial_registration_and_count","TestTrialRegistrationChain","","","Given a submitted profile, when profile details match, then first and last name should be correct",""
"passed","Sun Sep 13 04:50:51 UTC 2026","Sun Sep 13 04:50:56 UTC 2026","5313","tests.PlayWrightTests.CoachFacingPortal","test_Appointment_on_board","","","","test_TC008_join_card_workflow[chromium]","Join button count==card count, clicking opens modal, modal content matches card."
"passed","Sun Sep 13 04:38:20 UTC 2026","Sun Sep 13 04:38:26 UTC 2026","6002","tests.PlayWrightTests.CoachFacingPortal.UserData","test_allActivities","TestUserPlaywright","","","p16: Exercise — cancel, close and save Other category nonsteps_mins=12 — Expected: Entry saved; steps field is null for Other category",""
"passed","Sun Sep 13 05:08:03 UTC 2026","Sun Sep 13 05:08:12 UTC 2026","8919","tests.PlayWrightTests.CoachFacingPortal.Hub.Users.OverView","test_last_engaged","TestLastEngaged","","","test_last_engaged_reflects_activity[hba1c_add]","Validates that performing 'hba1c_add' on User portal updates Hub's last_engaged_at (Hub > Users > Overview) to reflect the action's own timestamp, within 15s tolerance."
"passed","Sun Sep 13 03:46:39 UTC 2026","Sun Sep 13 03:46:44 UTC 2026","5201","tests.PlayWrightTests.CoachFacingPortal.DSMEPARTICIPANT","test_dsme_participant_users","TestUserPlaywright","","","test_search_dsme_participant_user_after_logout_login[chromium]",""
"passed","Sun Sep 13 03:54:25 UTC 2026","Sun Sep 13 03:54:26 UTC 2026","1077","tests.PlayWrightTests.CoachFacingPortal.DiscussionForum","test_discussion_coachRole","TestDiscussionForumPage","","","Given I am logged in, I am validating Post empty comment - error message",""
"passed","Sun Sep 13 05:11:23 UTC 2026","Sun Sep 13 05:11:32 UTC 2026","8494","tests.PlayWrightTests.CoachFacingPortal.Hub.Users.OverView","test_last_engaged","TestLastEngaged","","","test_last_engaged_reflects_activity[curated_recipe_download]","Validates that performing 'curated_recipe_download' on User portal updates Hub's last_engaged_at (Hub > Users > Overview) to reflect the action's own timestamp, within 15s tolerance."
"failed","Sun Sep 13 04:49:39 UTC 2026","Sun Sep 13 04:50:05 UTC 2026","26699","tests.PlayWrightTests.CoachFacingPortal.UserData","test_water","TestUserPlaywright","","","p6: Login to web app in new tab, navigate to Food > Add Water and get water value, then match with coach portal achieved value",""
"passed","Sun Sep 13 04:22:38 UTC 2026","Sun Sep 13 04:22:40 UTC 2026","2280","tests.PlayWrightTests.CoachFacingPortal.LogClassSession","test_logClass","TestLogClassSession","","","Verify error message == 'Weight is required' & 'Date is required' are displayed, when coach tries to save logclass session with only LF",""
"failed","Sun Sep 13 04:10:49 UTC 2026","Sun Sep 13 04:11:34 UTC 2026","44676","tests.PlayWrightTests.CoachFacingPortal.Hub.Users.Health","test_physical_activity_history_widget","TestPhysicalActivityHistoryCrossPortal","","","tc3: Deleting exercise in the user portal drops that day's activity back to 0 in the Hub widget",""
"broken","Sun Sep 13 05:04:54 UTC 2026","Sun Sep 13 05:04:54 UTC 2026","0","tests.PlayWrightTests.CoachFacingPortal.Hub.Dashboard","test_sponsored_registration_and_count","TestSponsoredRegistrationChain","","","Given the new user's fixed onboarding answers, when the coach views Demographics, then each matching segment should increment by one",""
"passed","Sun Sep 13 03:49:43 UTC 2026","Sun Sep 13 03:49:52 UTC 2026","9072","tests.PlayWrightTests.CoachFacingPortal.DiscussionForum","test_discussion_CA_role","TestDiscussionForumPage","","","Given I am logged in, I am validating File upload - description only - success",""
"passed","Sun Sep 13 05:16:14 UTC 2026","Sun Sep 13 05:16:14 UTC 2026","0","tests.PlayWrightTests.CoachFacingPortal.Hub.Users.OverView","test_overview","TestWeightLossBaseline","","","test_weight_loss_percentage_is_zero_immediately_after_onboarding",""
"passed","Sun Sep 13 05:06:43 UTC 2026","Sun Sep 13 05:06:52 UTC 2026","8969","tests.PlayWrightTests.CoachFacingPortal.Hub.Users.OverView","test_last_engaged","TestLastEngaged","","","test_last_engaged_reflects_activity[blood_pressure_add]","Validates that performing 'blood_pressure_add' on User portal updates Hub's last_engaged_at (Hub > Users > Overview) to reflect the action's own timestamp, within 15s tolerance."
"failed","Sun Sep 13 03:45:03 UTC 2026","Sun Sep 13 03:45:15 UTC 2026","12248","tests.PlayWrightTests.CoachFacingPortal.AllCohortDashboardGraphs","test_additionalSummaryGraph","TestGraphAdditionalSummary","","","To ensure average weight loss data is displayed correctly",""
"passed","Sun Sep 13 05:15:01 UTC 2026","Sun Sep 13 05:15:09 UTC 2026","7940","tests.PlayWrightTests.CoachFacingPortal.Hub.Users.OverView","test_last_engaged","TestLastEngaged","","","test_last_engaged_unchanged_for_activity[exercise_target_edit]","Validates that performing 'exercise_target_edit' on User portal does NOT change Hub's last_engaged_at (Hub > Users > Overview) — the card must retain its previous value."
"passed","Sun Sep 13 03:54:23 UTC 2026","Sun Sep 13 03:54:25 UTC 2026","2057","tests.PlayWrightTests.CoachFacingPortal.DiscussionForum","test_discussion_coachRole","TestDiscussionForumPage","","","Given I am logged in, I am validating Add subject and describe - success post",""
"passed","Sun Sep 13 03:54:08 UTC 2026","Sun Sep 13 03:54:08 UTC 2026","61","tests.PlayWrightTests.CoachFacingPortal.DiscussionForum","test_discussion_CA_role","TestDiscussionForumPage","","","Given I am logged in, I am validating the file upload tooltip",""
"passed","Sun Sep 13 04:06:54 UTC 2026","Sun Sep 13 04:06:58 UTC 2026","3933","tests.PlayWrightTests.CoachFacingPortal.Hub.Users.Health","test_blood_pressure_history_widget","TestBloodPressureHistoryCrossPortal","","","tc5 (cleanup): Remove every entry created by this suite and restore the original targets",""
"passed","Sun Sep 13 03:58:34 UTC 2026","Sun Sep 13 03:58:39 UTC 2026","5077","tests.PlayWrightTests.CoachFacingPortal.DiscussionForum","test_discussion_coachRole","TestDiscussionForumPage","","","Given I am logged in, I am validating the file upload with .txt file",""
"broken","Sun Sep 13 04:32:41 UTC 2026","Sun Sep 13 04:33:01 UTC 2026","20001","tests.PlayWrightTests.CoachFacingPortal.UserData","test_PatientProfileHealthProviders","TestPatientProfileHealthProviders","","","Verify adding new health providers to patient profile, validating required field errors and successful save",""
"passed","Sun Sep 13 03:44:12 UTC 2026","Sun Sep 13 03:44:12 UTC 2026","19","tests.PlayWrightTests.CoachFacingPortal.AllCohortDashboardGraphs","test_additionalSummaryGraph","TestGraphAdditionalSummary","","","To ensure the summary table is ordered by latest created cohorts",""
"passed","Sun Sep 13 05:11:48 UTC 2026","Sun Sep 13 05:12:03 UTC 2026","14826","tests.PlayWrightTests.CoachFacingPortal.Hub.Users.OverView","test_last_engaged","TestLastEngaged","","","test_last_engaged_reflects_activity[discussion_comment_add]","Validates that performing 'discussion_comment_add' on User portal updates Hub's last_engaged_at (Hub > Users > Overview) to reflect the action's own timestamp, within 15s tolerance."
"passed","Sun Sep 13 04:50:21 UTC 2026","Sun Sep 13 04:50:25 UTC 2026","4025","tests.PlayWrightTests.CoachFacingPortal","test_Appointment_on_board","","","","test_TC003_badge_count_matches_today_cards[chromium]","<span class='count'> must equal the number of visible appointment cards."
"passed","Sun Sep 13 04:14:59 UTC 2026","Sun Sep 13 04:15:07 UTC 2026","8064","tests.PlayWrightTests.CoachFacingPortal.Hub.Users.NotesFiles","test_notes_files_tab","TestNotesFilesTab","","","tc6: Uploading a file via the UI shows it in the Files list with the correct type and date",""
"broken","Sun Sep 13 05:05:14 UTC 2026","Sun Sep 13 05:05:14 UTC 2026","0","tests.PlayWrightTests.CoachFacingPortal.Hub.Dashboard","test_trial_registration_and_count","TestTrialRegistrationChain","","","Given the new user's fixed onboarding answers, when the coach views Demographics, then each matching segment should increment by one",""
"passed","Sun Sep 13 04:50:16 UTC 2026","Sun Sep 13 04:50:17 UTC 2026","125","tests.PlayWrightTests.CoachFacingPortal","test_Appointment_on_board","","","","test_TC001_dashboard_renders_correctly[chromium]","Section visible, badge visible, all 3 filters visible, Today filter active by default."
"passed","Sun Sep 13 05:03:13 UTC 2026","Sun Sep 13 05:03:23 UTC 2026","9738","tests.PlayWrightTests.CoachFacingPortal","test_plan_names","TestUserPlaywright","","","test_navigating_admin[chromium]",""
"passed","Sun Sep 13 03:51:49 UTC 2026","Sun Sep 13 03:51:49 UTC 2026","705","tests.PlayWrightTests.CoachFacingPortal.DiscussionForum","test_discussion_CA_role","TestDiscussionForumPage","","","Given I am logged in, I am validating Edit Post - Description only - Success",""
"passed","Sun Sep 13 04:10:20 UTC 2026","Sun Sep 13 04:10:49 UTC 2026","28779","tests.PlayWrightTests.CoachFacingPortal.Hub.Users.Health","test_physical_activity_history_widget","TestPhysicalActivityHistoryCrossPortal","","","tc2: Editing exercise steps in the user portal is reflected in the Hub widget",""
"passed","Sun Sep 13 04:48:10 UTC 2026","Sun Sep 13 04:48:10 UTC 2026","2","tests.PlayWrightTests.CoachFacingPortal.UserData","test_patient_profile_demographic","TestPatientProfileDemographic","","","[coach] Personal Details - Update Marital Status dropdown and verify stored value or coach restriction",""
"passed","Sun Sep 13 04:44:25 UTC 2026","Sun Sep 13 04:44:31 UTC 2026","5580","tests.PlayWrightTests.CoachFacingPortal.UserData","test_patient_profile_demographic","TestPatientProfileDemographic","","","[customer admin] Disability Details - Select Hearing=Yes and verify selected value persists",""
"passed","Sun Sep 13 03:43:51 UTC 2026","Sun Sep 13 03:44:03 UTC 2026","12244","tests.PlayWrightTests.CoachFacingPortal.AllCohortDashboardGraphs","test_additionalSummaryGraph","TestGraphAdditionalSummary","","","To ensure the summary table is visible only to Customer Admin users",""
"broken","Sun Sep 13 05:05:14 UTC 2026","Sun Sep 13 05:05:14 UTC 2026","0","tests.PlayWrightTests.CoachFacingPortal.Hub.Dashboard","test_trial_registration_and_count","TestTrialRegistrationChain","","","Given onboarding profile data, when submitted, then the form submission should succeed",""
"passed","Sun Sep 13 04:53:34 UTC 2026","Sun Sep 13 04:53:34 UTC 2026","21","tests.PlayWrightTests.CoachFacingPortal","test_Group_Interaction_Community","TestGroupInteractionCommunity","","","Verify Group Interaction Table Headers"," Verify all table headers are present: Interaction On, Update At, Duration (Mins), Interaction Type, Updated By, Session Name, Claimed and Actions. Also check for any unexpected extra headers."
"passed","Sun Sep 13 04:44:20 UTC 2026","Sun Sep 13 04:44:20 UTC 2026","2","tests.PlayWrightTests.CoachFacingPortal.UserData","test_patient_profile_demographic","TestPatientProfileDemographic","","","[coach] Baseline Health Data - Update BP/weight/HbA1c/height and verify successful update toast",""
"passed","Sun Sep 13 04:14:24 UTC 2026","Sun Sep 13 04:14:28 UTC 2026","4233","tests.PlayWrightTests.CoachFacingPortal.Hub.Users.Health","test_weight_history_widget","TestWeightHistoryCrossPortal","","","tc6 (cleanup): Remove every weight entry created by this suite and restore the original goal weight",""
"passed","Sun Sep 13 04:41:57 UTC 2026","Sun Sep 13 04:42:09 UTC 2026","11726","tests.PlayWrightTests.CoachFacingPortal.UserData","test_disenrollment","TestDisenrollment_demographicPage","","","Update Disenrollment Details with Date and Reason",""
"passed","Sun Sep 13 04:37:54 UTC 2026","Sun Sep 13 04:37:57 UTC 2026","2761","tests.PlayWrightTests.CoachFacingPortal.UserData","test_allActivities","TestUserPlaywright","","","p4: Blood pressure entry — cancel, close and save systolic=120 diastolic=80 — Expected: Entry saved; boundary errors shown when only one field filled",""
"passed","Sun Sep 13 04:41:16 UTC 2026","Sun Sep 13 04:41:16 UTC 2026","27","tests.PlayWrightTests.CoachFacingPortal.UserData","test_disenrollment","TestDisenrollment_demographicPage","","","Verify Disenrollment Details labels",""
"passed","Sun Sep 13 04:38:13 UTC 2026","Sun Sep 13 04:38:17 UTC 2026","3496","tests.PlayWrightTests.CoachFacingPortal.UserData","test_allActivities","TestUserPlaywright","","","p12: Blood Sugar API — Verify blood_sugar=111 with Fasting saved in p11 exists in GET /blood_sugars — Expected: API returns at least one entry with value=111 and readingTime=Fasting",""
"passed","Sun Sep 13 04:44:36 UTC 2026","Sun Sep 13 04:44:36 UTC 2026","15","tests.PlayWrightTests.CoachFacingPortal.UserData","test_patient_profile_demographic","TestPatientProfileDemographic","","","[customer admin] Disability Details - Select Dressing=No and verify selected value persists",""
"passed","Sun Sep 13 05:06:00 UTC 2026","Sun Sep 13 05:06:12 UTC 2026","11740","tests.PlayWrightTests.CoachFacingPortal.Hub.Users.OverView","test_last_engaged","TestLastEngaged","","","test_last_engaged_reflects_activity[exercise_add]","Validates that performing 'exercise_add' on User portal updates Hub's last_engaged_at (Hub > Users > Overview) to reflect the action's own timestamp, within 15s tolerance."
"broken","Sun Sep 13 04:30:09 UTC 2026","Sun Sep 13 04:30:39 UTC 2026","30000","tests.PlayWrightTests.CoachFacingPortal.Milestones","test_ibc_milestone","TestIBC_Milestone","","","validate Week1 partially achieved should have Week Completed : false",""
"passed","Sun Sep 13 05:16:17 UTC 2026","Sun Sep 13 05:16:17 UTC 2026","0","tests.PlayWrightTests.CoachFacingPortal.Hub.Users.Profile","test_hub_participant_profile","TestHubParticipantProfile","","","Given a fetched profile, when checking core identity fields, then they should match the target user",""
"passed","Sun Sep 13 04:38:27 UTC 2026","Sun Sep 13 04:38:28 UTC 2026","1503","tests.PlayWrightTests.CoachFacingPortal.UserData","test_allActivities","TestUserPlaywright","","","p18: Exercise — Validate Other category shows 'minutes required' error when saving empty form — Expected: Validation error 'Not steps minutes are required' is displayed",""
"broken","Sun Sep 13 05:04:54 UTC 2026","Sun Sep 13 05:04:54 UTC 2026","0","tests.PlayWrightTests.CoachFacingPortal.Hub.Dashboard","test_sponsored_registration_and_count","TestSponsoredRegistrationChain","","","Given a new sponsored user completed onboarding, when the coach views the Hub dashboard, then the Registered tile should match the API count",""
"passed","Sun Sep 13 04:39:15 UTC 2026","Sun Sep 13 04:39:19 UTC 2026","3966","tests.PlayWrightTests.CoachFacingPortal.UserData","test_allActivities","TestUserPlaywright","","","p30: Blood pressure list view — Apply date filter from 1st of current month to today — Expected: start_date <= end_date and filtered entries are shown",""
"passed","Sun Sep 13 04:13:25 UTC 2026","Sun Sep 13 04:13:37 UTC 2026","12709","tests.PlayWrightTests.CoachFacingPortal.Hub.Users.Health","test_weight_history_widget","TestWeightHistoryCrossPortal","","","tc3: Deleting a weight in the user portal is reflected in the Hub Weight History widget",""
"passed","Sun Sep 13 04:23:29 UTC 2026","Sun Sep 13 04:23:29 UTC 2026","313","tests.PlayWrightTests.CoachFacingPortal.LogClassSession","test_logClass","TestLogClassSession","","","Verify coach can save log class session by adding weight, attendance date, PA, LF and MUP - Distance Learning",""
"passed","Sun Sep 13 05:07:23 UTC 2026","Sun Sep 13 05:07:32 UTC 2026","8869","tests.PlayWrightTests.CoachFacingPortal.Hub.Users.OverView","test_last_engaged","TestLastEngaged","","","test_last_engaged_reflects_activity[blood_sugar_add]","Validates that performing 'blood_sugar_add' on User portal updates Hub's last_engaged_at (Hub > Users > Overview) to reflect the action's own timestamp, within 15s tolerance."
"passed","Sun Sep 13 03:49:24 UTC 2026","Sun Sep 13 03:49:25 UTC 2026","842","tests.PlayWrightTests.CoachFacingPortal.DiscussionForum","test_discussion_CA_role","TestDiscussionForumPage","","","Given I am logged in, I am validating post comment - success",""
"passed","Sun Sep 13 04:40:34 UTC 2026","Sun Sep 13 04:40:38 UTC 2026","4545","tests.PlayWrightTests.CoachFacingPortal.UserData","test_allActivities","TestUserPlaywright","","","p53: Exercise list view — Add new entry steps=30 via list form (cancel → close → save flow) — Expected: Entry saved successfully via list view add form",""
"broken","Sun Sep 13 05:05:14 UTC 2026","Sun Sep 13 05:05:14 UTC 2026","0","tests.PlayWrightTests.CoachFacingPortal.Hub.Dashboard","test_trial_registration_and_count","TestTrialRegistrationChain","","","Given the Recently Joined table, when 'View all' is clicked, then it should navigate to the full participants list",""
"passed","Sun Sep 13 04:54:34 UTC 2026","Sun Sep 13 04:54:35 UTC 2026","672","tests.PlayWrightTests.CoachFacingPortal","test_coach_direct_message","TestUserPlaywright","","","p6: Send a message from the chat textbox and validate sender, content, and timestamp",""
"broken","Sun Sep 13 04:20:25 UTC 2026","Sun Sep 13 04:20:55 UTC 2026","30001","tests.PlayWrightTests.CoachFacingPortal.Learn","test_user_assignment","TestLearn","","","validate course names for multiple courses published/assigned",""
"broken","Sun Sep 13 05:05:14 UTC 2026","Sun Sep 13 05:05:14 UTC 2026","0","tests.PlayWrightTests.CoachFacingPortal.Hub.Dashboard","test_trial_registration_and_count","TestTrialRegistrationChain","","","Given the Hub dashboard, when the coach views the Lapsed / Disenrolled tile, then it should match the API expired/disenrolled counts",""
"passed","Sun Sep 13 04:22:33 UTC 2026","Sun Sep 13 04:22:36 UTC 2026","2374","tests.PlayWrightTests.CoachFacingPortal.LogClassSession","test_logClass","TestLogClassSession","","","Verify error message == 'Weight is required' is displayed, when coach tries to save logclass session with only AttendanceDate",""
"passed","Sun Sep 13 04:39:19 UTC 2026","Sun Sep 13 04:39:23 UTC 2026","3401","tests.PlayWrightTests.CoachFacingPortal.UserData","test_allActivities","TestUserPlaywright","","","p31: Blood pressure list view — Validate GET /blood_pressures API entries fall within the filtered date range — Expected: All returned entries have dates within current month range",""
"passed","Sun Sep 13 03:58:34 UTC 2026","Sun Sep 13 03:58:34 UTC 2026","46","tests.PlayWrightTests.CoachFacingPortal.DiscussionForum","test_discussion_coachRole","TestDiscussionForumPage","","","Given I am logged in, I am validating the file upload tooltip",""
"passed","Sun Sep 13 04:04:16 UTC 2026","Sun Sep 13 04:04:23 UTC 2026","6281","tests.PlayWrightTests.CoachFacingPortal.Hub.Users.Activity","test_food_log_widget","TestFoodLogCrossPortal","","","SYNC-04: Deleting every entry in a slot reverts it to 'Not logged'",""
"passed","Sun Sep 13 05:14:31 UTC 2026","Sun Sep 13 05:14:38 UTC 2026","7492","tests.PlayWrightTests.CoachFacingPortal.Hub.Users.OverView","test_last_engaged","TestLastEngaged","","","test_last_engaged_reflects_activity[withings_sync_manual]","Validates that performing 'withings_sync_manual' on User portal updates Hub's last_engaged_at (Hub > Users > Overview) to reflect the action's own timestamp, within 15s tolerance."
"passed","Sun Sep 13 05:13:43 UTC 2026","Sun Sep 13 05:13:59 UTC 2026","15786","tests.PlayWrightTests.CoachFacingPortal.Hub.Users.OverView","test_last_engaged","TestLastEngaged","","","test_last_engaged_reflects_activity[habit_edit]","Validates that performing 'habit_edit' on User portal updates Hub's last_engaged_at (Hub > Users > Overview) to reflect the action's own timestamp, within 15s tolerance."
"passed","Sun Sep 13 03:54:06 UTC 2026","Sun Sep 13 03:54:08 UTC 2026","2252","tests.PlayWrightTests.CoachFacingPortal.DiscussionForum","test_discussion_CA_role","TestDiscussionForumPage","","","Given I am logged in, I am validating Delete all posts",""
"passed","Sun Sep 13 04:40:24 UTC 2026","Sun Sep 13 04:40:27 UTC 2026","3217","tests.PlayWrightTests.CoachFacingPortal.UserData","test_allActivities","TestUserPlaywright","","","p49: Blood sugar list view — Validate GET /blood_sugars API entries fall within the filtered date range — Expected: All returned entries have dates within current month range",""
"broken","Sun Sep 13 05:04:54 UTC 2026","Sun Sep 13 05:04:54 UTC 2026","0","tests.PlayWrightTests.CoachFacingPortal.Hub.Dashboard","test_sponsored_registration_and_count","TestSponsoredRegistrationChain","","","Given the new user's fixed onboarding answers, when the coach views Demographics, then each matching segment should increment by one",""
"passed","Sun Sep 13 03:56:51 UTC 2026","Sun Sep 13 03:56:51 UTC 2026","732","tests.PlayWrightTests.CoachFacingPortal.DiscussionForum","test_discussion_coachRole","TestDiscussionForumPage","","","Given I am logged in, I am validating Edit Post - Subject only - Update - Success",""
"passed","Sun Sep 13 04:09:06 UTC 2026","Sun Sep 13 04:09:15 UTC 2026","9044","tests.PlayWrightTests.CoachFacingPortal.Hub.Users.Health","test_hba1c_history_widget","TestHba1cHistoryCrossPortal","","","tc3: Deleting an HbA1c reading in the user portal is reflected in the Hub widget",""
"broken","Sun Sep 13 04:15:55 UTC 2026","Sun Sep 13 04:16:31 UTC 2026","35712","tests.PlayWrightTests.CoachFacingPortal.Learn","test_user_assignment","TestLearn","","","validate admin should see 'Manage Courses' button option is displayed under https://coaches-develop.habitnu.com/app/cohort/automationForLearn/users/6628aedb2c6bf00001e7738b/course",""
"passed","Sun Sep 13 04:13:37 UTC 2026","Sun Sep 13 04:14:14 UTC 2026","36434","tests.PlayWrightTests.CoachFacingPortal.Hub.Users.Health","test_weight_history_widget","TestWeightHistoryCrossPortal","","","tc4: Logging multiple weights the same day, Hub Weight History should display the latest one",""
"broken","Sun Sep 13 05:05:14 UTC 2026","Sun Sep 13 05:05:14 UTC 2026","0","tests.PlayWrightTests.CoachFacingPortal.Hub.Dashboard","test_trial_registration_and_count","TestTrialRegistrationChain","","","Given the Hub dashboard tiles, when each info icon is hovered, then it should display the expected tooltip text",""
"passed","Sun Sep 13 05:16:17 UTC 2026","Sun Sep 13 05:16:17 UTC 2026","0","tests.PlayWrightTests.CoachFacingPortal.Hub.Users.Profile","test_hub_participant_profile","TestHubParticipantProfile","","","Given valid search text, when searching participations, then the matching participant should be returned",""
"passed","Sun Sep 13 04:38:02 UTC 2026","Sun Sep 13 04:38:03 UTC 2026","1073","tests.PlayWrightTests.CoachFacingPortal.UserData","test_allActivities","TestUserPlaywright","","","p8: HbA1c API — Verify hba1c=11 saved in p7 exists in GET /hba1cs response — Expected: API returns at least one entry with hba1c=11",""
"passed","Sun Sep 13 03:49:04 UTC 2026","Sun Sep 13 03:49:06 UTC 2026","1639","tests.PlayWrightTests.CoachFacingPortal.DSMEPARTICIPANT","test_sessiontab_users","TestUserPlaywright","","","test_03_verify_patient_classplanner_page[chromium]","Verify class planner page and navigation list"
"passed","Sun Sep 13 04:56:09 UTC 2026","Sun Sep 13 04:56:42 UTC 2026","32481","tests.PlayWrightTests.CoachFacingPortal","test_coaches_activity_body_composition","TestCoachesActivityBodyComposition","","","test_body_composition_menu_click[chromium]","Navigate to user's Activities, click Body Composition menu icon, assert table is visible."
"passed","Sun Sep 13 04:37:46 UTC 2026","Sun Sep 13 04:37:54 UTC 2026","7898","tests.PlayWrightTests.CoachFacingPortal.UserData","test_allActivities","TestUserPlaywright","","","p3: Weight API — Verify weight=77 saved in p2 exists in GET /weights response — Expected: API returns at least one entry with weight=77",""
"broken","Sun Sep 13 05:05:14 UTC 2026","Sun Sep 13 05:05:14 UTC 2026","0","tests.PlayWrightTests.CoachFacingPortal.Hub.Dashboard","test_trial_registration_and_count","TestTrialRegistrationChain","","","Given the API's group breakdown, when the coach views Outcomes > Users by Group, then the General segment should match",""
"passed","Sun Sep 13 04:04:04 UTC 2026","Sun Sep 13 04:04:16 UTC 2026","12568","tests.PlayWrightTests.CoachFacingPortal.Hub.Users.Activity","test_food_log_widget","TestFoodLogCrossPortal","","","SYNC-06/CALC-01: Logging every meal slot makes the day total equal the sum of all 4 slots",""
"passed","Sun Sep 13 05:15:16 UTC 2026","Sun Sep 13 05:15:23 UTC 2026","7277","tests.PlayWrightTests.CoachFacingPortal.Hub.Users.OverView","test_last_engaged","TestLastEngaged","","","test_last_engaged_unchanged_for_activity[blood_sugar_target_edit]","Validates that performing 'blood_sugar_target_edit' on User portal does NOT change Hub's last_engaged_at (Hub > Users > Overview) — the card must retain its previous value."
"passed","Sun Sep 13 04:44:36 UTC 2026","Sun Sep 13 04:44:36 UTC 2026","34","tests.PlayWrightTests.CoachFacingPortal.UserData","test_patient_profile_demographic","TestPatientProfileDemographic","","","[customer admin] Disability Details - Validate each disability dropdown exposes exactly four options",""
"passed","Sun Sep 13 04:22:09 UTC 2026","Sun Sep 13 04:22:09 UTC 2026","201","tests.PlayWrightTests.CoachFacingPortal.LogClassSession","test_logClass","TestLogClassSession","","","Given coach is on logclass session page, when 'weight-date-PA-delivery Mode' is added, then coach should be able to save log class session",""
"passed","Sun Sep 13 05:10:07 UTC 2026","Sun Sep 13 05:10:33 UTC 2026","26312","tests.PlayWrightTests.CoachFacingPortal.Hub.Users.OverView","test_last_engaged","TestLastEngaged","","","test_last_engaged_reflects_activity[ai_meal_generate]","Validates that performing 'ai_meal_generate' on User portal updates Hub's last_engaged_at (Hub > Users > Overview) to reflect the action's own timestamp, within 15s tolerance."
"passed","Sun Sep 13 04:53:02 UTC 2026","Sun Sep 13 04:53:07 UTC 2026","4612","tests.PlayWrightTests.CoachFacingPortal","test_Appointment_on_board","","","","test_TC023_post_midnight_early_morning_indexing[chromium]","12:xx AM cards must appear at the top of their day's appointment list.

    A 12:00 AM meeting is seeded for tomorrow. This Week always includes tomorrow,
    so the midnight card appears. We verify it exists and is not the last item.
    "
"broken","Sun Sep 13 05:05:14 UTC 2026","Sun Sep 13 05:05:14 UTC 2026","0","tests.PlayWrightTests.CoachFacingPortal.Hub.Dashboard","test_trial_registration_and_count","TestTrialRegistrationChain","","","Given the new user's fixed onboarding answers, when the coach views Demographics, then each matching segment should increment by one",""
"broken","Sun Sep 13 05:04:54 UTC 2026","Sun Sep 13 05:04:54 UTC 2026","0","tests.PlayWrightTests.CoachFacingPortal.Hub.Dashboard","test_sponsored_registration_and_count","TestSponsoredRegistrationChain","","","Given the Hub dashboard tiles, when each info icon is hovered, then it should display the expected tooltip text",""
"broken","Sun Sep 13 05:04:54 UTC 2026","Sun Sep 13 05:04:54 UTC 2026","0","tests.PlayWrightTests.CoachFacingPortal.Hub.Dashboard","test_sponsored_registration_and_count","TestSponsoredRegistrationChain","","","Given the Hub dashboard tiles, when each info icon is hovered, then it should display the expected tooltip text",""
"passed","Sun Sep 13 04:06:20 UTC 2026","Sun Sep 13 04:06:54 UTC 2026","33761","tests.PlayWrightTests.CoachFacingPortal.Hub.Users.Health","test_blood_pressure_history_widget","TestBloodPressureHistoryCrossPortal","","","tc4: Updating the blood pressure targets in the user portal is reflected in the Hub widget",""
"passed","Sun Sep 13 04:56:45 UTC 2026","Sun Sep 13 04:57:01 UTC 2026","15314","tests.PlayWrightTests.CoachFacingPortal","test_coaches_blood_sugar_notes","TestCoachesActivityBloodSugar","","","test_navigate_to_user_activities_and_blood_sugar_visible[chromium]","Coach can navigate to the user's Activities tab and see the Blood Sugar section."
"passed","Sun Sep 13 04:44:09 UTC 2026","Sun Sep 13 04:44:09 UTC 2026","13","tests.PlayWrightTests.CoachFacingPortal.UserData","test_patient_profile_demographic","TestPatientProfileDemographic","","","[coach] Demographic Profile - Validate Address Details section label set",""
"passed","Sun Sep 13 04:38:03 UTC 2026","Sun Sep 13 04:38:08 UTC 2026","4438","tests.PlayWrightTests.CoachFacingPortal.UserData","test_allActivities","TestUserPlaywright","","","p9: Tobacco Count — cancel, close and save tobacco_count=5 — Expected: Entry saved successfully; graph and table visible",""
"passed","Sun Sep 13 05:16:14 UTC 2026","Sun Sep 13 05:16:14 UTC 2026","0","tests.PlayWrightTests.CoachFacingPortal.Hub.Users.OverView","test_overview","TestWeightLossBaseline","","","test_portal_b_initial_weight_matches_starting_weight",""
"failed","Sun Sep 13 04:19:27 UTC 2026","Sun Sep 13 04:19:50 UTC 2026","22265","tests.PlayWrightTests.CoachFacingPortal.Learn","test_user_assignment","TestLearn","","","validate multiple courses can be assigned to a user",""
"passed","Sun Sep 13 04:41:31 UTC 2026","Sun Sep 13 04:41:39 UTC 2026","8564","tests.PlayWrightTests.CoachFacingPortal.UserData","test_disenrollment","TestDisenrollment_demographicPage","","","Update Disenrollment Details With Only Date",""
"broken","Sun Sep 13 04:51:57 UTC 2026","Sun Sep 13 04:52:27 UTC 2026","30232","tests.PlayWrightTests.CoachFacingPortal","test_Appointment_on_board","","","","test_TC016_empty_state_display[chromium]","When badge==0 the section stays visible with no card elements in DOM.
    
    Uses ALT_COHORT (DailyStandUp_Cohort) which has 0 Today appointments,
    so this test always runs regardless of DEFAULT_COHORT seeded meetings.
    "
"passed","Sun Sep 13 05:02:02 UTC 2026","Sun Sep 13 05:02:22 UTC 2026","20245","tests.PlayWrightTests.CoachFacingPortal","test_dsme_claims","TestDSMEClaims","","","test_navigate_to_interaction_and_group_interaction[chromium]","Coach can navigate to the user's Interaction tab and see the Group Interaction section."
"passed","Sun Sep 13 04:42:15 UTC 2026","Sun Sep 13 04:42:27 UTC 2026","12904","tests.PlayWrightTests.CoachFacingPortal.UserData","test_disenrollment","TestDisenrollment_demographicPage","","","Update Disenrollment Details with Date and Reason code",""
"passed","Sun Sep 13 04:42:54 UTC 2026","Sun Sep 13 04:43:07 UTC 2026","13054","tests.PlayWrightTests.CoachFacingPortal.UserData","test_patient_profile_demographic","TestPatientProfileDemographic","","","[customer admin] Demographic Profile - Validate Personal Details section renders all expected labels in correct order",""
"passed","Sun Sep 13 04:39:43 UTC 2026","Sun Sep 13 04:39:46 UTC 2026","3031","tests.PlayWrightTests.CoachFacingPortal.UserData","test_allActivities","TestUserPlaywright","","","p37: HbA1c list view — Validate GET /hba1cs API entries fall within the filtered date range — Expected: All returned entries have dates within current month range",""
"passed","Sun Sep 13 04:40:10 UTC 2026","Sun Sep 13 04:40:14 UTC 2026","4284","tests.PlayWrightTests.CoachFacingPortal.UserData","test_allActivities","TestUserPlaywright","","","p46: Blood sugar list view — Edit today's entry and update blood_sugar=115 with readingTime=After Meal — Expected: Entry updated and saved successfully in list view",""
"passed","Sun Sep 13 04:53:34 UTC 2026","Sun Sep 13 04:53:44 UTC 2026","9818","tests.PlayWrightTests.CoachFacingPortal","test_Group_Interaction_Community","TestGroupInteractionCommunity","","","AC5: Validate Community Interaction After Posting Message","Add a discussion post via API and verify it appears in the Group Interaction table using 'Today's Count' to bypass pagination limits"
"passed","Sun Sep 13 05:03:12 UTC 2026","Sun Sep 13 05:03:13 UTC 2026","607","tests.PlayWrightTests.CoachFacingPortal","test_plan_names","TestUserPlaywright","","","test_valid_login_on_userPortal[chromium]",""
"passed","Sun Sep 13 04:42:09 UTC 2026","Sun Sep 13 04:42:15 UTC 2026","5547","tests.PlayWrightTests.CoachFacingPortal.UserData","test_disenrollment","TestDisenrollment_demographicPage","","","Update Disenrollment Details with Date and Reason",""
"passed","Sun Sep 13 04:41:17 UTC 2026","Sun Sep 13 04:41:24 UTC 2026","7094","tests.PlayWrightTests.CoachFacingPortal.UserData","test_disenrollment","TestDisenrollment_demographicPage","","","Update Disenrollment Details With Only Reason Code",""
"broken","Sun Sep 13 05:02:00 UTC 2026","Sun Sep 13 05:02:00 UTC 2026","0","tests.PlayWrightTests.CoachFacingPortal","test_direct_message","TestHeadCoachDMBadge","","","TC22 – Head Coach: multiple DMs from same participant counted only once","Sending 3 DMs from the same user must increment badge by exactly 1."
"failed","Sun Sep 13 04:49:10 UTC 2026","Sun Sep 13 04:49:17 UTC 2026","7155","tests.PlayWrightTests.CoachFacingPortal.UserData","test_patient_profile_demographic","TestPatientProfileDemographic","","","[coach] Program Details - Toggle Confirmed By Coach to True and verify refreshed recent timestamp",""
"passed","Sun Sep 13 04:44:36 UTC 2026","Sun Sep 13 04:44:36 UTC 2026","18","tests.PlayWrightTests.CoachFacingPortal.UserData","test_patient_profile_demographic","TestPatientProfileDemographic","","","[coach] Disability Details - Select Walking=Yes and verify selected value persists",""
"passed","Sun Sep 13 04:59:17 UTC 2026","Sun Sep 13 05:00:08 UTC 2026","51162","tests.PlayWrightTests.CoachFacingPortal","test_communication_logs","TestUserPlaywright","","","p5: Send an SMS message and verify that the status changes from 'Pending' to 'Completed'. Also validate the date and time format and verify the content and status color.","p5: Send an SMS message and verify status changes from Pending to Complete within 1 minute"
"passed","Sun Sep 13 04:38:44 UTC 2026","Sun Sep 13 04:38:49 UTC 2026","5179","tests.PlayWrightTests.CoachFacingPortal.UserData","test_allActivities","TestUserPlaywright","","","p23: Weight list view — Add new entry weight=77 via list form (cancel → close → save flow) — Expected: Entry saved successfully via list view add form",""
"passed","Sun Sep 13 04:12:07 UTC 2026","Sun Sep 13 04:12:15 UTC 2026","7862","tests.PlayWrightTests.CoachFacingPortal.Hub.Users.Health","test_physical_activity_history_widget","TestPhysicalActivityHistoryCrossPortal","","","tc6 (cleanup): Remove every entry created by this suite and restore the original goal",""
"passed","Sun Sep 13 05:12:03 UTC 2026","Sun Sep 13 05:12:18 UTC 2026","14584","tests.PlayWrightTests.CoachFacingPortal.Hub.Users.OverView","test_last_engaged","TestLastEngaged","","","test_last_engaged_reflects_activity[discussion_reaction_add]","Validates that performing 'discussion_reaction_add' on User portal updates Hub's last_engaged_at (Hub > Users > Overview) to reflect the action's own timestamp, within 15s tolerance."
"passed","Sun Sep 13 03:54:25 UTC 2026","Sun Sep 13 03:54:25 UTC 2026","348","tests.PlayWrightTests.CoachFacingPortal.DiscussionForum","test_discussion_coachRole","TestDiscussionForumPage","","","Given I am logged in, I am validating Add description only - success post",""
"passed","Sun Sep 13 04:49:38 UTC 2026","Sun Sep 13 04:49:38 UTC 2026","420","tests.PlayWrightTests.CoachFacingPortal.UserData","test_water","TestUserPlaywright","","","p4: Check if the water table has data or shows 'NO DATA..'. If data exists: click the first row's action cell, validate modal opens, validate first two columns of modal table are visible, then close modal. Returns True if data exists, False if 'NO DATA..' is shown",""
"broken","Sun Sep 13 04:20:55 UTC 2026","Sun Sep 13 04:21:25 UTC 2026","30001","tests.PlayWrightTests.CoachFacingPortal.Learn","test_user_assignment","TestLearn","","","validate click through multiple courses and verify breadcrumb of course 1",""
"broken","Sun Sep 13 04:36:12 UTC 2026","Sun Sep 13 04:36:22 UTC 2026","10003","tests.PlayWrightTests.CoachFacingPortal.UserData","test_PatientProfilePreAuth","TestPatientProfilePreAuth","","","Verify successfully deleting the first Medicare - test1234 prior authorization record",""
"passed","Sun Sep 13 04:23:29 UTC 2026","Sun Sep 13 04:24:04 UTC 2026","35277","tests.PlayWrightTests.CoachFacingPortal.LogClassSession","test_logClass","TestLogClassSession","","","Given coach adds weight for user ABC via log class session, when this user's dashboard is opened, then this weight data should be plotted on the weight history graph",""
"broken","Sun Sep 13 05:05:14 UTC 2026","Sun Sep 13 05:05:14 UTC 2026","0","tests.PlayWrightTests.CoachFacingPortal.Hub.Dashboard","test_trial_registration_and_count","TestTrialRegistrationChain","","","Given the Recently Joined table, when a sortable column header is clicked through its full cycle, then rows should sort, reverse, then reset",""
"passed","Sun Sep 13 04:14:57 UTC 2026","Sun Sep 13 04:14:58 UTC 2026","756","tests.PlayWrightTests.CoachFacingPortal.Hub.Users.NotesFiles","test_notes_files_tab","TestNotesFilesTab","","","tc4: Upload stays disabled until file, document name and document type are all provided",""
"passed","Sun Sep 13 03:51:50 UTC 2026","Sun Sep 13 03:51:55 UTC 2026","5711","tests.PlayWrightTests.CoachFacingPortal.DiscussionForum","test_discussion_CA_role","TestDiscussionForumPage","","","Given I am logged in, I am validating Edit Post - Upload File",""
"passed","Sun Sep 13 03:54:36 UTC 2026","Sun Sep 13 03:54:45 UTC 2026","9063","tests.PlayWrightTests.CoachFacingPortal.DiscussionForum","test_discussion_coachRole","TestDiscussionForumPage","","","Given I am logged in, I am validating File upload - subject only - error",""
"passed","Sun Sep 13 04:16:31 UTC 2026","Sun Sep 13 04:16:32 UTC 2026","1362","tests.PlayWrightTests.CoachFacingPortal.Learn","test_user_assignment","TestLearn","","","validate as admin, program assigned course should be displayed on clicking 'Manage Courses' button",""
"passed","Sun Sep 13 05:16:14 UTC 2026","Sun Sep 13 05:16:14 UTC 2026","0","tests.PlayWrightTests.CoachFacingPortal.Hub.Users.OverView","test_overview","TestWeightLossBaseline","","","test_portal_b_current_weight_updates_to_new_weight",""
"passed","Sun Sep 13 05:15:38 UTC 2026","Sun Sep 13 05:15:45 UTC 2026","7607","tests.PlayWrightTests.CoachFacingPortal.Hub.Users.OverView","test_last_engaged","TestLastEngaged","","","test_last_engaged_unchanged_for_activity[withings_sync_auto]","Validates that performing 'withings_sync_auto' on User portal does NOT change Hub's last_engaged_at (Hub > Users > Overview) — the card must retain its previous value."
"broken","Sun Sep 13 04:17:51 UTC 2026","Sun Sep 13 04:18:26 UTC 2026","34851","tests.PlayWrightTests.CoachFacingPortal.Learn","test_user_assignment","TestLearn","","","validate user should see Learn courses/learn tab when course is assigned on user level but not on cohort level",""
"broken","Sun Sep 13 04:27:38 UTC 2026","Sun Sep 13 04:28:08 UTC 2026","30001","tests.PlayWrightTests.CoachFacingPortal.Milestones","test_ibc_milestone","TestIBC_Milestone","","","validate user weight is displayed correctly",""
"passed","Sun Sep 13 04:14:45 UTC 2026","Sun Sep 13 04:14:55 UTC 2026","10007","tests.PlayWrightTests.CoachFacingPortal.Hub.Users.NotesFiles","test_notes_files_tab","TestNotesFilesTab","","","tc1: Notes & Files tab shows both a Notes and a Files section, each in its correct starting state",""
"passed","Sun Sep 13 04:37:23 UTC 2026","Sun Sep 13 04:37:24 UTC 2026","536","tests.PlayWrightTests.CoachFacingPortal.UserData","test_allActivities","TestUserPlaywright","","","p1: Login to coach portal with valid credentials — Expected: Coach dashboard is displayed after successful login",""
"broken","Sun Sep 13 05:02:41 UTC 2026","Sun Sep 13 05:02:56 UTC 2026","15002","tests.PlayWrightTests.CoachFacingPortal","test_dsme_claims","TestDSMEClaims","","","test_edit_claim_insured_information[chromium]","Edit the recently generated claim: set Type=Medicare, Plan=IL Medicare Part B,
        Member ID=2H04N77CF73, save, close, and verify payer is updated in the claims list."
"passed","Sun Sep 13 04:12:33 UTC 2026","Sun Sep 13 04:13:03 UTC 2026","29837","tests.PlayWrightTests.CoachFacingPortal.Hub.Users.Health","test_weight_history_widget","TestWeightHistoryCrossPortal","","","tc1: Adding a weight in the user portal is reflected in the Hub Weight History widget",""
"passed","Sun Sep 13 03:54:54 UTC 2026","Sun Sep 13 03:54:55 UTC 2026","461","tests.PlayWrightTests.CoachFacingPortal.DiscussionForum","test_discussion_coachRole","TestDiscussionForumPage","","","Given I am logged in, I am validating verify file is not broken",""
"passed","Sun Sep 13 04:03:49 UTC 2026","Sun Sep 13 04:03:55 UTC 2026","5585","tests.PlayWrightTests.CoachFacingPortal.Hub.Users.Activity","test_food_log_widget","TestFoodLogCrossPortal","","","SYNC-03: Editing a food entry in the user portal is reflected in the Hub widget",""
"passed","Sun Sep 13 04:44:36 UTC 2026","Sun Sep 13 04:44:36 UTC 2026","21","tests.PlayWrightTests.CoachFacingPortal.UserData","test_patient_profile_demographic","TestPatientProfileDemographic","","","[coach] Disability Details - Select Dressing=No and verify selected value persists",""
"broken","Sun Sep 13 05:04:54 UTC 2026","Sun Sep 13 05:04:54 UTC 2026","0","tests.PlayWrightTests.CoachFacingPortal.Hub.Dashboard","test_sponsored_registration_and_count","TestSponsoredRegistrationChain","","","Given the Outcomes > Users by Group donut, when all segments are read, then their percentages should sum to 100%",""
"broken","Sun Sep 13 05:04:54 UTC 2026","Sun Sep 13 05:04:54 UTC 2026","0","tests.PlayWrightTests.CoachFacingPortal.Hub.Dashboard","test_sponsored_registration_and_count","TestSponsoredRegistrationChain","","","Given a baseline sponsored count from portal B, when a new sponsored user completes onboarding, then sponsored count should increment",""
"passed","Sun Sep 13 03:46:24 UTC 2026","Sun Sep 13 03:46:39 UTC 2026","14485","tests.PlayWrightTests.CoachFacingPortal.DSMEPARTICIPANT","test_dsme_participant_users","TestUserPlaywright","","","test_dsme_add_user_for_pending_to_active[chromium]",""
"passed","Sun Sep 13 04:44:35 UTC 2026","Sun Sep 13 04:44:35 UTC 2026","18","tests.PlayWrightTests.CoachFacingPortal.UserData","test_patient_profile_demographic","TestPatientProfileDemographic","","","[coach] Disability Details - Select Blind=No and verify selected value persists",""
"passed","Sun Sep 13 04:13:03 UTC 2026","Sun Sep 13 04:13:25 UTC 2026","21596","tests.PlayWrightTests.CoachFacingPortal.Hub.Users.Health","test_weight_history_widget","TestWeightHistoryCrossPortal","","","tc2: Editing a weight in the user portal is reflected in the Hub Weight History widget",""
"passed","Sun Sep 13 04:44:12 UTC 2026","Sun Sep 13 04:44:12 UTC 2026","8","tests.PlayWrightTests.CoachFacingPortal.UserData","test_patient_profile_demographic","TestPatientProfileDemographic","","","[coach] Demographic Profile - Validate Call Details labels for Call 1-6 and tracking notes",""
"failed","Sun Sep 13 03:44:39 UTC 2026","Sun Sep 13 03:44:47 UTC 2026","8144","tests.PlayWrightTests.CoachFacingPortal.AllCohortDashboardGraphs","test_additionalSummaryGraph","TestGraphAdditionalSummary","","","To ensure attendance date updates after coach logs session",""
"passed","Sun Sep 13 04:09:46 UTC 2026","Sun Sep 13 04:09:52 UTC 2026","6210","tests.PlayWrightTests.CoachFacingPortal.Hub.Users.Health","test_medications_widget","TestMedicationsCrossPortal","","","tc4 (cleanup): Deleting every remaining medication shows the 'No medications on file.' empty state",""
"passed","Sun Sep 13 04:37:57 UTC 2026","Sun Sep 13 04:37:58 UTC 2026","1141","tests.PlayWrightTests.CoachFacingPortal.UserData","test_allActivities","TestUserPlaywright","","","p5: Blood pressure API — Verify systolic=120 diastolic=80 saved in p4 is the latest entry — Expected: GET /blood_pressures latest entry has systolic=120 and diastolic=80",""
"passed","Sun Sep 13 03:51:59 UTC 2026","Sun Sep 13 03:52:01 UTC 2026","2043","tests.PlayWrightTests.CoachFacingPortal.DiscussionForum","test_discussion_CA_role","TestDiscussionForumPage","","","Given I am logged in, I am validating Click Delete - Cancel",""
"broken","Sun Sep 13 05:04:54 UTC 2026","Sun Sep 13 05:04:54 UTC 2026","0","tests.PlayWrightTests.CoachFacingPortal.Hub.Dashboard","test_sponsored_registration_and_count","TestSponsoredRegistrationChain","","","Given a newly registered sponsored user, when the coach views the Hub dashboard, then the user should appear in Recently Joined",""
"passed","Sun Sep 13 03:44:29 UTC 2026","Sun Sep 13 03:44:35 UTC 2026","5883","tests.PlayWrightTests.CoachFacingPortal.AllCohortDashboardGraphs","test_additionalSummaryGraph","TestGraphAdditionalSummary","","","To ensure the empty state is displayed correctly for cohorts whose DPP date is one year older",""
"broken","Sun Sep 13 05:00:21 UTC 2026","Sun Sep 13 05:00:21 UTC 2026","0","tests.PlayWrightTests.CoachFacingPortal","test_direct_message","TestAdminCoachDMBadge","","","TC01 – TC02 Admin Role: DM badge visibility follows role permissions; Admin Hover State: no tooltip/count shown on hover","DM nav link must be visible/enabled; Admin must NOT show badge or tooltip on hover."
"passed","Sun Sep 13 04:03:43 UTC 2026","Sun Sep 13 04:03:43 UTC 2026","48","tests.PlayWrightTests.CoachFacingPortal.Hub.Users.Activity","test_food_log_widget","TestFoodLogCrossPortal","","","SLOT-01: A day with nothing logged shows 'Not logged' for the day and every slot",""
"passed","Sun Sep 13 04:40:42 UTC 2026","Sun Sep 13 04:40:44 UTC 2026","2585","tests.PlayWrightTests.CoachFacingPortal.UserData","test_allActivities","TestUserPlaywright","","","p55: Exercise list view — Validate GET /exercises API entries fall within the filtered date range — Expected: All returned entries have dates within current month range",""
"broken","Sun Sep 13 04:27:08 UTC 2026","Sun Sep 13 04:27:38 UTC 2026","30001","tests.PlayWrightTests.CoachFacingPortal.Milestones","test_ibc_milestone","TestIBC_Milestone","","","validate other milestones other than M0 & M1 should be in default color which is grey",""
"passed","Sun Sep 13 05:16:14 UTC 2026","Sun Sep 13 05:16:14 UTC 2026","0","tests.PlayWrightTests.CoachFacingPortal.Hub.Users.OverView","test_overview","TestWeightLossBaseline","","","test_portal_b_initial_weight_remains_unchanged_after_new_weight_entry",""
"broken","Sun Sep 13 05:05:14 UTC 2026","Sun Sep 13 05:05:14 UTC 2026","0","tests.PlayWrightTests.CoachFacingPortal.Hub.Dashboard","test_trial_registration_and_count","TestTrialRegistrationChain","","","Given a newly registered trial user, when the coach views the Hub dashboard, then the user should appear in Recently Joined",""
"passed","Sun Sep 13 05:12:18 UTC 2026","Sun Sep 13 05:12:26 UTC 2026","8435","tests.PlayWrightTests.CoachFacingPortal.Hub.Users.OverView","test_last_engaged","TestLastEngaged","","","test_last_engaged_reflects_activity[water_log_add]","Validates that performing 'water_log_add' on User portal updates Hub's last_engaged_at (Hub > Users > Overview) to reflect the action's own timestamp, within 15s tolerance."
"passed","Sun Sep 13 03:54:55 UTC 2026","Sun Sep 13 03:54:57 UTC 2026","2443","tests.PlayWrightTests.CoachFacingPortal.DiscussionForum","test_discussion_coachRole","TestDiscussionForumPage","","","Given I am logged in, I am validating verify file opened on clicking view button",""
"passed","Sun Sep 13 05:06:12 UTC 2026","Sun Sep 13 05:06:28 UTC 2026","16218","tests.PlayWrightTests.CoachFacingPortal.Hub.Users.OverView","test_last_engaged","TestLastEngaged","","","test_last_engaged_reflects_activity[exercise_edit]","Validates that performing 'exercise_edit' on User portal updates Hub's last_engaged_at (Hub > Users > Overview) to reflect the action's own timestamp, within 15s tolerance."
"passed","Sun Sep 13 04:40:03 UTC 2026","Sun Sep 13 04:40:08 UTC 2026","4087","tests.PlayWrightTests.CoachFacingPortal.UserData","test_allActivities","TestUserPlaywright","","","p43: Tobacco count list view — Validate GET /tobacco_counts API entries fall within the filtered date range — Expected: All returned entries have dates within current month range",""
"passed","Sun Sep 13 04:57:32 UTC 2026","Sun Sep 13 04:57:51 UTC 2026","18635","tests.PlayWrightTests.CoachFacingPortal","test_coaches_curated","TestUserPlaywright","","","test_search_curated[chromium]",""
"passed","Sun Sep 13 04:14:14 UTC 2026","Sun Sep 13 04:14:24 UTC 2026","9619","tests.PlayWrightTests.CoachFacingPortal.Hub.Users.Health","test_weight_history_widget","TestWeightHistoryCrossPortal","","","tc5: Updating the weight goal in the user portal is reflected on the Hub Weight History goal line",""
"failed","Sun Sep 13 04:46:46 UTC 2026","Sun Sep 13 04:47:16 UTC 2026","30035","tests.PlayWrightTests.CoachFacingPortal.UserData","test_patient_profile_demographic","TestPatientProfileDemographic","","","[customer admin] Personal Details - Update Sex at Birth dropdown and verify stored value or coach restriction",""
"passed","Sun Sep 13 04:41:51 UTC 2026","Sun Sep 13 04:41:57 UTC 2026","6614","tests.PlayWrightTests.CoachFacingPortal.UserData","test_disenrollment","TestDisenrollment_demographicPage","","","Update Disenrollment Details With Only Reason",""
"broken","Sun Sep 13 05:05:14 UTC 2026","Sun Sep 13 05:05:14 UTC 2026","0","tests.PlayWrightTests.CoachFacingPortal.Hub.Dashboard","test_trial_registration_and_count","TestTrialRegistrationChain","","","Given the Hub dashboard tiles, when each info icon is hovered, then it should display the expected tooltip text",""
"passed","Sun Sep 13 04:40:28 UTC 2026","Sun Sep 13 04:40:29 UTC 2026","1185","tests.PlayWrightTests.CoachFacingPortal.UserData","test_allActivities","TestUserPlaywright","","","p51: Exercise — Open list view from activity card — Expected: Exercise history table is displayed in list view",""
"passed","Sun Sep 13 04:52:30 UTC 2026","Sun Sep 13 04:52:36 UTC 2026","5790","tests.PlayWrightTests.CoachFacingPortal","test_Appointment_on_board","","","","test_TC017_loading_state_on_slow_network[chromium]","Verifies 'Loading appointments...' appears then disappears under throttled network.

    If the loading state resolves before Playwright can observe it (e.g. warm cache),
    the test still passes — we only require the final state shows no spinner.
    "
"passed","Sun Sep 13 04:44:12 UTC 2026","Sun Sep 13 04:44:12 UTC 2026","23","tests.PlayWrightTests.CoachFacingPortal.UserData","test_patient_profile_demographic","TestPatientProfileDemographic","","","[coach] Demographic Profile - Validate Disenrollment Details labels including Solera status",""
"passed","Sun Sep 13 04:22:04 UTC 2026","Sun Sep 13 04:22:05 UTC 2026","1401","tests.PlayWrightTests.CoachFacingPortal.LogClassSession","test_logClass","TestLogClassSession","","","Verify Log Class session is unavailable for programDeliveryType==Onsite and programType == DSME",""
"passed","Sun Sep 13 04:55:38 UTC 2026","Sun Sep 13 04:55:43 UTC 2026","5199","tests.PlayWrightTests.CoachFacingPortal","test_coach_payer_type","TestPayerType","","","test_demographictab_and_payertypetab_edit_payertype_options_matches[chromium]",""
"skipped","Sun Sep 13 04:42:54 UTC 2026","Sun Sep 13 04:42:54 UTC 2026","1","tests.PlayWrightTests.CoachFacingPortal.UserData","test_disenrollment","TestDisenrollment_demographicPage","","","Update Disenrollment Details with Date, Reason code and reason",""
"broken","Sun Sep 13 04:08:25 UTC 2026","Sun Sep 13 04:08:26 UTC 2026","417","tests.PlayWrightTests.CoachFacingPortal.Hub.Users.Health","test_currentVitals","TestCurrentVitalsCrossPortal","","","tc3: Current Vitals BMI tile matches the BMI reported by the Hub's own participant health API",""
"passed","Sun Sep 13 04:09:27 UTC 2026","Sun Sep 13 04:09:34 UTC 2026","6409","tests.PlayWrightTests.CoachFacingPortal.Hub.Users.Health","test_medications_widget","TestMedicationsCrossPortal","","","tc1: Adding a medication in the user portal is reflected in the Hub Medications widget",""
"passed","Sun Sep 13 04:08:38 UTC 2026","Sun Sep 13 04:08:52 UTC 2026","13771","tests.PlayWrightTests.CoachFacingPortal.Hub.Users.Health","test_hba1c_history_widget","TestHba1cHistoryCrossPortal","","","tc1: Adding an HbA1c reading in the user portal is reflected in the Hub widget",""
"broken","Sun Sep 13 05:03:23 UTC 2026","Sun Sep 13 05:03:53 UTC 2026","30057","tests.PlayWrightTests.CoachFacingPortal","test_plan_names","TestUserPlaywright","","","test_navigating_feature_flags[chromium]",""
"broken","Sun Sep 13 05:01:07 UTC 2026","Sun Sep 13 05:01:07 UTC 2026","0","tests.PlayWrightTests.CoachFacingPortal","test_direct_message","TestAdminCoachDMBadge","","","TC05 – Admin Send Message: Admin can send a reply in a DM conversation","Admin must be able to type and send a reply in a DM conversation."
"broken","Sun Sep 13 05:05:14 UTC 2026","Sun Sep 13 05:05:14 UTC 2026","0","tests.PlayWrightTests.CoachFacingPortal.Hub.Dashboard","test_trial_registration_and_count","TestTrialRegistrationChain","","","Given the Hub dashboard tiles, when each info icon is hovered, then it should display the expected tooltip text",""
"broken","Sun Sep 13 05:04:54 UTC 2026","Sun Sep 13 05:04:54 UTC 2026","0","tests.PlayWrightTests.CoachFacingPortal.Hub.Dashboard","test_sponsored_registration_and_count","TestSponsoredRegistrationChain","","","Given a new sponsored user completed onboarding, when the coach views the Hub dashboard, then the Sponsored tile should match the API count",""
"broken","Sun Sep 13 04:35:05 UTC 2026","Sun Sep 13 04:35:15 UTC 2026","10000","tests.PlayWrightTests.CoachFacingPortal.UserData","test_PatientProfilePayerType","TestPatientProfilePayerType","","","Verify editing group number of NDPP Commercial Insurance details",""
"passed","Sun Sep 13 04:38:53 UTC 2026","Sun Sep 13 04:38:58 UTC 2026","4815","tests.PlayWrightTests.CoachFacingPortal.UserData","test_allActivities","TestUserPlaywright","","","p25: Weight list view — Validate GET /weights API entries fall within the filtered date range — Expected: All returned entries have dates between start and end of current month",""
"broken","Sun Sep 13 04:02:01 UTC 2026","Sun Sep 13 04:02:43 UTC 2026","41636","tests.PlayWrightTests.CoachFacingPortal.Hub.Scheduler","test_scheduler","TestScheduler","","","validate the dashboard's Upcoming Appointments widget shows the correct date/time across all available timezones",""
"passed","Sun Sep 13 04:22:21 UTC 2026","Sun Sep 13 04:22:25 UTC 2026","4382","tests.PlayWrightTests.CoachFacingPortal.LogClassSession","test_logClass","TestLogClassSession","","","Verify on clicking a searched participant, it should take to that participant's dashboard",""
"broken","Sun Sep 13 04:39:25 UTC 2026","Sun Sep 13 04:39:38 UTC 2026","13001","tests.PlayWrightTests.CoachFacingPortal.UserData","test_allActivities","TestUserPlaywright","","","p34: HbA1c list view — Edit today's entry and update hba1c=12 — Expected: Entry updated and saved successfully in list view",""
"passed","Sun Sep 13 03:49:55 UTC 2026","Sun Sep 13 03:49:59 UTC 2026","4049","tests.PlayWrightTests.CoachFacingPortal.DiscussionForum","test_discussion_CA_role","TestDiscussionForumPage","","","Given I am logged in, I am validating File upload - error (invalid type)",""
"passed","Sun Sep 13 04:44:36 UTC 2026","Sun Sep 13 04:44:36 UTC 2026","17","tests.PlayWrightTests.CoachFacingPortal.UserData","test_patient_profile_demographic","TestPatientProfileDemographic","","","[customer admin] Disability Details - Select Walking=Yes and verify selected value persists",""
"passed","Sun Sep 13 05:08:12 UTC 2026","Sun Sep 13 05:08:28 UTC 2026","15720","tests.PlayWrightTests.CoachFacingPortal.Hub.Users.OverView","test_last_engaged","TestLastEngaged","","","test_last_engaged_reflects_activity[hba1c_edit]","Validates that performing 'hba1c_edit' on User portal updates Hub's last_engaged_at (Hub > Users > Overview) to reflect the action's own timestamp, within 15s tolerance."
"broken","Sun Sep 13 04:29:39 UTC 2026","Sun Sep 13 04:30:09 UTC 2026","30000","tests.PlayWrightTests.CoachFacingPortal.Milestones","test_ibc_milestone","TestIBC_Milestone","","","validate Week1 partially achieved should have Minimum Weight in week : <value>",""
"passed","Sun Sep 13 04:43:23 UTC 2026","Sun Sep 13 04:43:23 UTC 2026","281","tests.PlayWrightTests.CoachFacingPortal.UserData","test_patient_profile_demographic","TestPatientProfileDemographic","","","[customer admin] Demographic Profile - Validate Program Details labels and presence of Confirmed By Coach/Participant controls",""
"passed","Sun Sep 13 05:13:03 UTC 2026","Sun Sep 13 05:13:12 UTC 2026","9319","tests.PlayWrightTests.CoachFacingPortal.Hub.Users.OverView","test_last_engaged","TestLastEngaged","","","test_last_engaged_reflects_activity[habit_create]","Validates that performing 'habit_create' on User portal updates Hub's last_engaged_at (Hub > Users > Overview) to reflect the action's own timestamp, within 15s tolerance."
"broken","Sun Sep 13 05:01:56 UTC 2026","Sun Sep 13 05:01:56 UTC 2026","0","tests.PlayWrightTests.CoachFacingPortal","test_direct_message","TestHeadCoachDMBadge","","","TC10 – Head Coach: tooltip shows correct participant count text","Tooltip must contain a digit or the word 'participant'."
"passed","Sun Sep 13 04:54:00 UTC 2026","Sun Sep 13 04:54:10 UTC 2026","9410","tests.PlayWrightTests.CoachFacingPortal","test_Group_Interaction_Community","TestGroupInteractionCommunity","","","AC6: Validate Community Interaction After Updating Emoji Reaction","Update an existing emoji reaction via API and verify Group Interaction table reflects the change"
"broken","Sun Sep 13 05:05:14 UTC 2026","Sun Sep 13 05:05:14 UTC 2026","0","tests.PlayWrightTests.CoachFacingPortal.Hub.Dashboard","test_trial_registration_and_count","TestTrialRegistrationChain","","","Given the Recently Joined table, when a sortable column header is clicked through its full cycle, then rows should sort, reverse, then reset",""
"passed","Sun Sep 13 04:38:17 UTC 2026","Sun Sep 13 04:38:19 UTC 2026","2104","tests.PlayWrightTests.CoachFacingPortal.UserData","test_allActivities","TestUserPlaywright","","","p14: Exercise — cancel, close and save default category steps=123 — Expected: Entry saved successfully; graph and table visible",""
"passed","Sun Sep 13 05:14:38 UTC 2026","Sun Sep 13 05:14:46 UTC 2026","7476","tests.PlayWrightTests.CoachFacingPortal.Hub.Users.OverView","test_last_engaged","TestLastEngaged","","","test_last_engaged_reflects_activity[garmin_sync_manual]","Validates that performing 'garmin_sync_manual' on User portal updates Hub's last_engaged_at (Hub > Users > Overview) to reflect the action's own timestamp, within 15s tolerance."
"broken","Sun Sep 13 05:04:54 UTC 2026","Sun Sep 13 05:04:54 UTC 2026","0","tests.PlayWrightTests.CoachFacingPortal.Hub.Dashboard","test_sponsored_registration_and_count","TestSponsoredRegistrationChain","","","Given the new user's fixed onboarding answers, when the coach views Demographics, then each matching segment should increment by one",""
"broken","Sun Sep 13 04:35:52 UTC 2026","Sun Sep 13 04:36:12 UTC 2026","20002","tests.PlayWrightTests.CoachFacingPortal.UserData","test_PatientProfilePreAuth","TestPatientProfilePreAuth","","","Verify adding two prior authorizations (Medicare - test1234) to patient profile and checking status save",""
"failed","Sun Sep 13 04:49:02 UTC 2026","Sun Sep 13 04:49:10 UTC 2026","7184","tests.PlayWrightTests.CoachFacingPortal.UserData","test_patient_profile_demographic","TestPatientProfileDemographic","","","[customer admin] Program Details - Toggle Confirmed By Coach to True and verify refreshed recent timestamp",""
"passed","Sun Sep 13 04:40:44 UTC 2026","Sun Sep 13 04:40:45 UTC 2026","961","tests.PlayWrightTests.CoachFacingPortal.UserData","test_allActivities","TestUserPlaywright","","","p56: Exercise list view — Click Export and verify CSV file is downloaded and non-empty — Expected: CSV file downloaded successfully with file size > 0",""
"passed","Sun Sep 13 04:52:47 UTC 2026","Sun Sep 13 04:52:51 UTC 2026","3954","tests.PlayWrightTests.CoachFacingPortal","test_Appointment_on_board","","","","test_overnight_meeting_in_today[chromium]","An 11:30 PM cross-midnight session must appear in the Today view. (covers TC019 + TC022)

    A meeting seeded at 11:30 PM tonight (60-min, ending 12:30 AM) is created at setup.
    The Today filter must include it because the session starts today.
    Falls back to scanning live 11:xx PM cards if the suite ran after 11:00 PM CDT.
    "
"broken","Sun Sep 13 05:01:08 UTC 2026","Sun Sep 13 05:01:08 UTC 2026","0","tests.PlayWrightTests.CoachFacingPortal","test_direct_message","TestHeadCoachDMBadge","","","TC06 – Head Coach: notification badge displays unread count","Badge must be visible with count > 0 when unread DMs exist."
"broken","Sun Sep 13 05:01:58 UTC 2026","Sun Sep 13 05:01:58 UTC 2026","0","tests.PlayWrightTests.CoachFacingPortal","test_direct_message","TestHeadCoachDMBadge","","","TC18 – Head Coach: badge renders double-digit counts without truncation","Badge width must be ≥18 px when count ≥10."
"failed","Sun Sep 13 04:46:19 UTC 2026","Sun Sep 13 04:46:46 UTC 2026","26513","tests.PlayWrightTests.CoachFacingPortal.UserData","test_patient_profile_demographic","TestPatientProfileDemographic","","","[customer admin] Personal Details - Update Preferred Name and verify persisted value or coach edit restriction",""
"broken","Sun Sep 13 05:01:58 UTC 2026","Sun Sep 13 05:01:58 UTC 2026","0","tests.PlayWrightTests.CoachFacingPortal","test_direct_message","TestHeadCoachDMBadge","","","TC16 – Head Coach: no tooltip shown when unread count is zero","No tooltip must appear when badge count is zero."
"passed","Sun Sep 13 03:49:52 UTC 2026","Sun Sep 13 03:49:53 UTC 2026","527","tests.PlayWrightTests.CoachFacingPortal.DiscussionForum","test_discussion_CA_role","TestDiscussionForumPage","","","Given I am logged in, I am validating verify file is not broken",""
"passed","Sun Sep 13 03:46:08 UTC 2026","Sun Sep 13 03:46:14 UTC 2026","5460","tests.PlayWrightTests.CoachFacingPortal.DSMEPARTICIPANT","test_dsme_participant_users","TestUserPlaywright","","","test_search_dsme_participant_user[chromium]",""
"passed","Sun Sep 13 04:51:51 UTC 2026","Sun Sep 13 04:51:53 UTC 2026","2038","tests.PlayWrightTests.CoachFacingPortal","test_Appointment_on_board","","","","test_TC015_card_display_correctness[chromium]","TC015: No Today card is a past meeting. TC021: Times are in 12-hour AM/PM format."
"passed","Sun Sep 13 05:16:14 UTC 2026","Sun Sep 13 05:16:14 UTC 2026","0","tests.PlayWrightTests.CoachFacingPortal.Hub.Users.OverView","test_overview","TestWeightLossBaseline","","","test_initial_and_current_weight_are_equal_immediately_after_onboarding",""
"passed","Sun Sep 13 04:44:12 UTC 2026","Sun Sep 13 04:44:12 UTC 2026","23","tests.PlayWrightTests.CoachFacingPortal.UserData","test_patient_profile_demographic","TestPatientProfileDemographic","","","[customer admin] Demographic Profile - Validate Disenrollment Details labels including Solera status",""
"passed","Sun Sep 13 04:44:22 UTC 2026","Sun Sep 13 04:44:22 UTC 2026","8","tests.PlayWrightTests.CoachFacingPortal.UserData","test_patient_profile_demographic","TestPatientProfileDemographic","","","[customer admin] Demographic Profile - Validate Other Details labels",""
"broken","Sun Sep 13 05:04:54 UTC 2026","Sun Sep 13 05:04:54 UTC 2026","0","tests.PlayWrightTests.CoachFacingPortal.Hub.Dashboard","test_sponsored_registration_and_count","TestSponsoredRegistrationChain","","","Given the Recently Joined table, when 'View all' is clicked, then it should navigate to the full participants list",""
"passed","Sun Sep 13 04:11:34 UTC 2026","Sun Sep 13 04:11:54 UTC 2026","20555","tests.PlayWrightTests.CoachFacingPortal.Hub.Users.Health","test_physical_activity_history_widget","TestPhysicalActivityHistoryCrossPortal","","","tc4: Logging exercise twice the same day, Hub Physical Activity should sum both entries' steps",""
"passed","Sun Sep 13 04:55:08 UTC 2026","Sun Sep 13 04:55:22 UTC 2026","14140","tests.PlayWrightTests.CoachFacingPortal","test_coach_payer_type","TestPayerType","","","test_edit_disabled[chromium]",""
"passed","Sun Sep 13 04:49:38 UTC 2026","Sun Sep 13 04:49:38 UTC 2026","3","tests.PlayWrightTests.CoachFacingPortal.UserData","test_water","TestUserPlaywright","","","p3: Validate Start Date default value is last week from today and End Date default value is today",""
"broken","Sun Sep 13 05:05:14 UTC 2026","Sun Sep 13 05:05:14 UTC 2026","0","tests.PlayWrightTests.CoachFacingPortal.Hub.Dashboard","test_trial_registration_and_count","TestTrialRegistrationChain","","","Given more than ten registered users, when the coach views Recently Joined, then it should show at most ten rows",""
"passed","Sun Sep 13 05:12:55 UTC 2026","Sun Sep 13 05:13:03 UTC 2026","7581","tests.PlayWrightTests.CoachFacingPortal.Hub.Users.OverView","test_last_engaged","TestLastEngaged","","","test_last_engaged_reflects_activity[mindfulness_log_add]","Validates that performing 'mindfulness_log_add' on User portal updates Hub's last_engaged_at (Hub > Users > Overview) to reflect the action's own timestamp, within 15s tolerance."
"passed","Sun Sep 13 03:52:09 UTC 2026","Sun Sep 13 03:54:06 UTC 2026","116435","tests.PlayWrightTests.CoachFacingPortal.DiscussionForum","test_discussion_CA_role","TestDiscussionForumPage","","","Given I am logged in, I am validating add max number of pinned posts (20)",""
"broken","Sun Sep 13 04:31:40 UTC 2026","Sun Sep 13 04:32:10 UTC 2026","30000","tests.PlayWrightTests.CoachFacingPortal.Milestones","test_ibc_milestone","TestIBC_Milestone","","","validate when user add coach_interaction now to partially achieved week1, then week1 still should be partially achieved state and exercise count in modal should update to 1",""
"broken","Sun Sep 13 04:00:28 UTC 2026","Sun Sep 13 04:00:58 UTC 2026","30141","tests.PlayWrightTests.CoachFacingPortal.Hub.Scheduler","test_scheduler","TestScheduler","","","validate the newly created event appears with correct details in the dashboard's Upcoming Appointments widget",""
"passed","Sun Sep 13 04:57:18 UTC 2026","Sun Sep 13 04:57:27 UTC 2026","9061","tests.PlayWrightTests.CoachFacingPortal","test_coaches_curated","TestUserPlaywright","","","test_navigate_chef_curated[chromium]",""
"passed","Sun Sep 13 04:22:09 UTC 2026","Sun Sep 13 04:22:09 UTC 2026","91","tests.PlayWrightTests.CoachFacingPortal.LogClassSession","test_logClass","TestLogClassSession","","","Given coach is on logclass session page, when 'weight-date==10days back, -PA-delivery Mode' is added, then coach should be able to save log class session for a date which is 10 days old",""
"passed","Sun Sep 13 04:44:25 UTC 2026","Sun Sep 13 04:44:25 UTC 2026","199","tests.PlayWrightTests.CoachFacingPortal.UserData","test_patient_profile_demographic","TestPatientProfileDemographic","","","[coach] Other Details - Update language/transportation/smoking/billing fields and verify success toast",""
"passed","Sun Sep 13 04:43:27 UTC 2026","Sun Sep 13 04:43:28 UTC 2026","1056","tests.PlayWrightTests.CoachFacingPortal.UserData","test_patient_profile_demographic","TestPatientProfileDemographic","","","[coach] Program Details - Update Partner User Id and assert Payer Type remains non-editable/disabled",""
"passed","Sun Sep 13 04:48:38 UTC 2026","Sun Sep 13 04:48:38 UTC 2026","3","tests.PlayWrightTests.CoachFacingPortal.UserData","test_patient_profile_demographic","TestPatientProfileDemographic","","","[coach] Personal Details - Add Ethnicity and Race multi-select value and verify persistence or coach restriction",""
"broken","Sun Sep 13 04:24:35 UTC 2026","Sun Sep 13 04:25:05 UTC 2026","30002","tests.PlayWrightTests.CoachFacingPortal.Milestones","test_cdc_milestone","TestCDCMilestone","","","Validate sessions are extended to 26 for Inperson modality",""
"broken","Sun Sep 13 04:33:22 UTC 2026","Sun Sep 13 04:33:27 UTC 2026","5001","tests.PlayWrightTests.CoachFacingPortal.UserData","test_PatientProfileHealthProviders","TestPatientProfileHealthProviders","","","Verify persistent storage of edited health provider details",""
